:100000000000022001010000B9040000B10400005A
:10001000B1040000B1040000B104000000000000C1
:10002000000000000000000000000000B904000013
:10003000B904000000000000B9040000B904000089
:10004000B9040000B904000035050000B90400003F
:10005000B9040000B9040000B9040000B9040000AC
:10006000B9040000B9040000B9040000B90400009C
:10007000B9040000B9040000B9040000B90400008C
:10008000B9040000B9040000B9040000B90400007C
:10009000B9040000B9040000B9040000B90400006C
:1000A000B9040000B9040000B9040000B90400005C
:1000B000B9040000B9040000B9040000B90400004C
:1000C000B9040000B9040000B9040000B90400003C
:1000D000B9040000B9040000B9040000B90400002C
:1000E000B9040000B9040000B9040000B90400001C
:1000F000B9040000B9040000B9040000B90400000C
:1001000080B56F464EF68850CEF20000016840F28E
:10011000000941F47001016049F2C011BFF34F8F33
:10012000BFF36F8FC0F28009C0F28001B1EB09010B
:1001300000F0BF808A08012A4FF0010388BF8B08B6
:10014000102940F6F0214FF0010203F0030EC0F237
:10015000010101D200238EE0043B02EB93020C2B41
:1001600002F0030C02D24FF0000830E022F003034B
:100170004FEA830800244FF0FC5500BF085909EBF3
:1001800004020E195051706802F1FC525060B068C0
:10019000043B9060F06804F14004D0603069106165
:1001A00070695061B0699061F069D061306A106225
:1001B000706A5062B06A9062F06AD062306B10630D
:1001C000706B5063B06B9063F06BD063D6D1BCF1B1
:1001D000000F43464FD051F8282009F1FC5444F851
:1001E000282048F0010251F82230BCF1010F44F8F8
:1001F000223048F0020251F8223044F8223048F010
:10020000030251F8223044F8223008F1040332D0BE
:1002100051F82320BCF1020F44F8232043F00102DF
:1002200051F8225044F8225043F0020251F8225073
:1002300044F8225043F0030251F8223044F82230AF
:1002400008F1080317D051F8232044F8232043F085
:10025000010251F8226044F8226043F0020251F892
:10026000226044F8226043F0030251F8223044F83F
:10027000223008F10C03BEF1000F1AD051F82350C0
:1002800009EB83064FF0FC52BEF1010FB55010D0C0
:100290005E1C09EB860551F82660BEF1020FAE50D8
:1002A00007D09A1C51F8221009EB82004FF0FC5243
:1002B000815049F2C0104BF2C031C2F20000C2F2CC
:1002C0000001091A00F0B1808A08012A4FF00103E9
:1002D00088BF8B08102949F6B0414FF0010203F0A6
:1002E000030EC0F2010101D2002387E0043B02EBC0
:1002F00093020C2B02F0030C02D24FF000082BE00B
:1003000022F003034FEA8308002400BF0E590D19A1
:1003100006516A6806197260AA68043BB260EA680E
:1003200004F14004F2602A6932616A697261AA6963
:10033000B261EA69F2612A6A32626A6A7262AA6A20
:10034000B262EA6AF2622A6B32636A6B7263AA6B08
:10035000B263EA6BF263D9D1BCF1000F43464DD0D2
:1003600051F82830BCF1010F40F8283048F0010363
:1003700051F8234040F8234048F0020351F823404D
:1003800040F8234048F0030351F8234040F823404D
:1003900008F1040332D051F82340BCF1020F40F8B9
:1003A000234043F0010451F8245040F8245043F016
:1003B000020451F8245043F0030340F8245051F84C
:1003C000234040F8234008F1080317D051F8236078
:1003D00040F8236043F0010651F8265040F82650BB
:1003E00043F0020651F8265043F0030340F826502C
:1003F00051F8236040F8236008F10C03BEF1000FB0
:1004000013D051F82320BEF1010F40F823200CD067
:100410005A1C51F82260BEF1020F40F8226004D04D
:100420009A1C51F8221040F822104CF278214BF21D
:10043000C030C2F20101C2F20000884210D2002294
:1004400040F8042B88420BD240F8042B884207D294
:1004500040F8042B884203D240F8042B8842EFD3A3
:100460006846403888421DD94CF27821C2F2010119
:100470004BF6EF62CDF6AD620B4600BF0E1DB042EB
:100480001A600FD901F10806B0425A600AD901F189
:100490000C06B0429A6005D91031DA60884203F147
:1004A0001003EBD8BFF34F8FBFF36F8F02F00AFA40
:1004B00080B56F4600F004F880B56F4630BFFDE7A9
:1004C00080B56F4640F21850C5F200004FF400119D
:1004D000016040F8101C4FF48001016040F8101CCE
:1004E0004FF40041016040F8101C4FF08071016032
:1004F00040F8101C4FF40021016040F8101C4FF030
:100500008051016040F80C1C4FF40061016040F81C
:100510000C1C4FF00041016040F80C1C2021C0F879
:100520000013C0F8F4124FF08041016040F80C1C39
:1005300030BFFDE7D0B502AF42F21C14C4F2000494
:1005400000F028F82068002808BFD0BD00224CF237
:1005500048212260C2F2010148690B69984204BF38
:10056000CA60D0BDB2EB902F0CD14BF2C052C2F298
:100570000002125C01306FF39F204861C4F8002430
:10058000D0BD00BF4EF2A472C0F200024FF48061F1
:1005900008F0B6F8B0B502AF42F20811C4F200019B
:1005A000086818B34CF248234BF2C03C4FF0000EE1
:1005B000C2F20103C2F2000C02E000BF0868A8B159
:1005C000C1F800E0D1F8102458689D68441C6FF30E
:1005D0005F24AC42BFF35F8FF0D0B0F5007F0FD245
:1005E0000CF80020BFF35F8F5C60E7E7C869002864
:1005F00008BFB0BD0020C8610F20C1F87803B0BDAE
:100600004EF29472C0F200024FF4007108F078F8D4
:10061000F0B503AF2DE9000FE5B06FF0080252FA14
:1006200081F2172A089000F25580DFE802F00D15DC
:1006300053531553535353535353535353535353C8
:1006400053535353530D00BF089865B0BDE8000FD6
:10065000BDE8F04000F048BA089800F045FA4BF6C3
:10066000482BC2F2000B9BF8F3050238032800F276
:10067000D181DFE810F00500A7014300BB0000BFF7
:100680009BF8F205012840F0D281DBF8EC25652AC1
:1006900080F018820BF5B16138A808F02AFA38AA60
:1006A00007CA38AC002820461CBF0022012108F0F0
:1006B000DFFC3898C00700F0B78104F108010BF1A6
:1006C0007800A8220CF0B1FF00219BF8F205CBF8CE
:1006D0008015ACE14BF64820C2F20000D0F884252A
:1006E000602A07D2024482F82015D0F8841501311F
:1006F000C0F8841565B0BDE8000FF0BDDBF86800F8
:10070000DBF8706041F2040A4CF24825C00708BFCC
:1007100005260996CEF2000AC2F20105DAF8002099
:10072000A869D5E90A13101A401843F10001AA611B
:100730004FF47A420023C5E90A010DF01BF8804608
:1007400089460BF1780031460CF0E2F8CDE90A0158
:100750000446DAF80020A8690E46D5E90A13101AF3
:10076000401843F10001AA614FF47A420023C5E921
:100770000A010CF0FFFF4FF47A72A4FB0245B0EBC4
:10078000080061EB090306FB025101284FF001024A
:100790004FF00106CDE9360388BF0646002B14BF93
:1007A0000246324620460CF0E5FFCDE90C0109A8CF
:1007B000389048F61360C0F2000039900AA83A90C9
:1007C00048F6E570C0F2000036A9CDE93C100CA94E
:1007D0003B90CDE93E104EF274414DF69D72089863
:1007E000C0F20001C0F2000238AB11E1DBF8680092
:1007F00041F20401DBF87020C0074FF0000B4CF20F
:100800004826CEF200014FF0080008BF02460792CA
:100810000992CDE90ABBC2F201060868B169D6E9BE
:100820000A23411A891843F10002CDE90321C6E9E0
:100830000A1244F24002B061C2F2010248F20320FF
:10084000115C38AC0591012144F24006115404F1C9
:10085000080004F1500A4FF000094FF0000800258D
:10086000C2F20106069000BF4EF2F431C0F2000160
:10087000481949594268204608F0FAFB3898C007E1
:1008800000F010810CAC06992046A82208350CF027
:10089000CCFE304609F0FCFC01204A9007980899EC
:1008A0004B903046224638AC0823CDE938BBCDE921
:1008B0003CBBCDF820B1CDE940BBCAE900BBCAE9D9
:1008C00002BBCDE944BB8DF840B1CDE900B401F0E5
:1008D0002DF948F2301170187158406819EB010970
:1008E00048EB0008602DCDF82890CDF82C80BBD1C6
:1008F000DDE903104FF47A4200230CF03BFF0D4674
:10090000059944F24002824648F20320C2F20102F5
:10091000115441F204004CF24826CEF20000C2F21B
:1009200001060268B069D6E90A13101A401843F1AB
:100930000001B2614FF47A420023C6E90A010CF0CB
:1009400019FF4FF47A72A9FB0264B0EB0A0061EB65
:100950000503012808FB02414FF001024FF0010599
:10096000CDE9360388BF0546002B14BF02462A4650
:1009700030460CF0FFFECDE90C0109A8389048F68E
:10098000E160C0F2000039900AA83A9048F6E5709C
:10099000C0F2000036A9CDE93C100CA93B90CDE98E
:1009A0003E104EF274414DF695520898C0F2000187
:1009B000C0F2000238AB07F0FBF94BF6482BC2F24D
:1009C000000B27E0DBF88065812E80F07180089CA9
:1009D00044F240000BF178020BF59073C2F2010073
:1009E0002146CDE9006B01F0A1F8ADF830000CA86C
:1009F00038904CF6F910C0F200004EF274414DF6FA
:100A00002C723990C0F20001C0F2000238AB2046CF
:100A100007F0CEF901208BF8F00500208BF8F305E4
:100A200065B0BDE8000FF0BD03208BF8F205032888
:100A3000F0D14EF280024CF2482342F21C5E4BF29F
:100A4000C0594FF00008C0F20002C2F201034FF09B
:100A5000010CC4F2000EC2F20009002608E000BF3B
:100A6000C3F80CC0CEF80050013662B6252ED1D0A6
:100A7000955D72B618695C69411C6FF39F21A142B4
:100A800006D162B600BF00BF00BF00BF72B6F1E77B
:100A9000DC68002CE4D0B8EB902F1DD109F8005091
:100AA0001961E1E74EF25440C0F2000007F0F8FF90
:100AB0004EF2A803C0F2000300203146802207F066
:100AC000F3FF00BF4EF60043C0F2000300201146C2
:100AD000642207F0E9FF00BF4EF2B472C0F20002D8
:100AE0004FF4806107F00CFEF0B503AF2DE9000F65
:100AF000ADF54B7D4BF6482BC2F2000BDBF884457D
:100B0000CCB1064601A860210CF0DDFD612C80F01F
:100B10008B8701AD0BF5A461284622460CF0DAFC68
:100B20000020CBF884054AA82946224607F0E1FFB9
:100B30004A98012804D10DF54B7DBDE8000FF0BDAA
:100B40009BF8F005DDF82C81DDF83091002843D0CA
:100B500000208BF8F005A9F10100012109288BF88C
:100B6000F315E8D8DFE810F00C00A402D001F2027F
:100B700020030A005802C602DE023A03DBE700BF88
:100B800098F800006428D6D14AAC20466421642538
:100B90000CF099FD204609F03DFE642838BF05465B
:100BA00020A821462A4607F0A4FF20AA07CA4DF62E
:100BB0006F334EF6487AC0F2000300244FF02E380F
:100BC0004FF020091DADC0F2000A00280CBF0B46F3
:100BD0000122CDE9193255E09BF8F305011F0229E6
:100BE000C0F01C81022800F02B810328A3D1B9F1A9
:100BF000000F00F0B084B9F1010F40F03F8398F886
:100C000000106FF0004C4FF0FF3E2B294FF0010613
:100C100000F0B6842D2900F0BE8431E31AF80000FC
:100C2000A0F16102D2B21A2A024638BF82F0200235
:100C3000082928BF02468DF88E20284620A90F22B9
:100C400007F057FF1DAA07CA2B4600281BA81CBF88
:100C5000012100221D9047F68110CDE91B12C0F240
:100C600000004EF274414DF62C421E903046C0F208
:100C70000001C0F2000207F09BF8083C14F14000AC
:100C800000F0D4830BEB040191F81021CDF88B8098
:100C90000F2ACDF88880CDF88480CDF8808013D0DD
:100CA00002F00700052800F2B2801AF80000A0F157
:100CB0006103DBB21A2B034638BF83F02003082AF6
:100CC00028BF03468DF8803091F811218DF881906E
:100CD0000F2A13D002F00700052800F298801AF8B6
:100CE0000000A0F16103DBB21A2B034638BF83F08A
:100CF0002003082A28BF03468DF8823091F812217C
:100D00008DF883900F2A12D002F0070005287ED8B4
:100D10001AF80000A0F16103DBB21A2B034638BFBA
:100D200083F02003082A28BF03468DF8843091F809
:100D300013218DF885900F2A12D002F007000528A4
:100D400065D81AF80000A0F16103DBB21A2B034644
:100D500038BF83F02003082A28BF03468DF8863069
:100D600091F814218DF887900F2A12D002F0070015
:100D700005284CD81AF80000A0F16103DBB21A2B49
:100D8000034638BF83F02003082A28BF03468DF8A6
:100D9000883091F815218DF889900F2A12D002F031
:100DA0000700052833D81AF80000A0F16103DBB270
:100DB0001A2B034638BF83F02003082A28BF0346B6
:100DC0008DF88A3091F816218DF88B900F2A12D069
:100DD00002F0070005281AD81AF80000A0F16103F4
:100DE000DBB21A2B034638BF83F02003082A28BF42
:100DF00003468DF88C3091F817118DF88D900F29DE
:100E00003FF41BAF01F0070005287FF607AF4EF255
:100E10007002C0F20002062107F072FCB9F1000F67
:100E20004FF000066ED0B9F1010F43D198F80010D1
:100E300000232B2967D02D2900F096833CE000BFCA
:100E40009BF8F205DFE810F0060042026802040099
:100E500071E600BFB9F1030F00F02285B9F1050F6B
:100E600000F01285B9F1080F40F058854DF6443175
:100E7000C0F20001404608220BF007FE002840F0B7
:100E80004D854EF6F0614AACC0F200012046382292
:100E900008F0EEF84A98C00700F02A8604F108012D
:100EA00020AC2046A8220CF0C0FB0BF178002146B4
:100EB00000F025BD98F800102B2904BFA9F1010905
:100EC00008F10108B9F1110F80F0AC814FF0000A70
:100ED000B9F1000F00F0F6820A23002298F8000012
:100EE000A0F1300109290DD802EB82004200EAFB93
:100EF0000312B9F1010908F101088A46EED1012374
:100F000032E300BF00232FE34DF61831C0F2000199
:100F1000404603220BF0B9FD00287FF40CAE42F2EC
:100F20001C5C4EF24C054CF248214BF2C05EC4F200
:100F3000000C4FF00009C0F20005C2F201014FF0B1
:100F40000108C2F2000E002208E000BFC1F80C80C8
:100F5000CCF80030013262B60E2A1DD0AB5C72B6FE
:100F600008694E69441C6FF39F24B44206D162B6EF
:100F700000BF00BF00BF00BF72B6F1E7CE68002E11
:100F8000E4D0B9EB902F40F0B9850EF800300C6139
:100F9000013262B60E2AE1D14EF25A054FF0000935
:100FA000C0F200054FF00108002207E0C1F80C80F4
:100FB000CCF80030013262B6142A1DD0AB5C72B698
:100FC00008694E69441C6FF39F24B44206D162B68F
:100FD00000BF00BF00BF00BF72B6F1E7CE68002EB1
:100FE000E4D0B9EB902F40F089850EF800300C6109
:100FF000013262B6142AE1D172B608694B69421C0B
:101000006FF39F229A4240F04F8262B600BF00BF4A
:1010100000BF00BF72B6F0E74DF62331C0F2000109
:10102000404607220BF031FD00287FF484AD42F2E8
:101030001C5C4DF634334CF248264BF2C059C4F2D6
:10104000000C4FF00008C0F20003C2F201064FF09E
:10105000010EC2F20009002109E000BFC6F80CE051
:10106000CCF80050013162B608293FF464AD5D5CF4
:1010700072B600BF30697469421C6FF39F22A242AE
:1010800006D162B600BF00BF00BF00BF72B6F1E775
:10109000F468002CE2D0B8EB902F40F02F8509F8CF
:1010A00000503261013162B60829E0D143E500BF4A
:1010B000B8F8000046F6677188427FF43CAD032023
:1010C000ABF8F3050020CBE90000CBE90400CBE945
:1010D0000800CBE90C00CBF84000CBF84800CBE986
:1010E0001400CBE916008BF860000DF54B7DBDE8D0
:1010F000000FF0BD4DF64C31C0F200014046082211
:101100000BF0C3FC00287FF416AD4FF40070ABF871
:10111000F2050020CBF8EC050DF54B7DBDE8000F86
:10112000F0BD00BF4DF66631C0F200014046092215
:101130000BF0ABFC00287FF4FEAC06208BF8F30527
:101140000DF54B7DBDE8000FF0BD00BFD8F80000E5
:1011500047F27151C7F26941884200F09181D8F895
:10116000000047F26561C6F6614188427FF4E3AC56
:101170000AF014FA209020A84A9048F6E160C0F2E4
:1011800000004EF274414DF679324B90C0F20001EE
:10119000C0F200024AAB304606F00AFE0DF54B7D68
:1011A000BDE8000FF0BD00BF4DF65C31C0F200019C
:1011B000404605220BF069FC002800F069814DF6DD
:1011C0006131C0F200014046052205240BF05DFCB0
:1011D00000287FF4B0AC8BF8F3455CE14DF62A3182
:1011E000C0F2000140460A220BF04FFC00287FF4B9
:1011F000A2AC44F24000C2F2010009F049F84AAC46
:10120000204609F0E9FA0BF178002146A8220CF0FB
:101210000CFA0020CBF880050DF54B7DBDE8000FE2
:10122000F0BD00BF00214FF00A0E3246B9F1000FA9
:101230008A4600F09781AAFB0E10A2FB0E3418F824
:1012400001CBC6184FF0000343F10005002CACF1B0
:10125000300018BF0124092800F2858154EA0503F3
:101260004FF0000340F07F81091856F1000653F15A
:101270000000A9F10109D8D075E100BF98F800106D
:101280002D2900F023812B294A46414604BF08F14D
:101290000101A9F10102102A80F03A81002A00F030
:1012A000718100264FF00A0C002308783038092895
:1012B00000F2518103EB83035B00E6FB0C03013A70
:1012C00001F101010646F0D15EE100BFB9F1050F61
:1012D0000AD14EF61341C0F20001404605220BF040
:1012E000D4FB002800F0F082DBF8EC0500EB0901EC
:1012F0006429BFF420AC002800F01883642880F033
:1013000005845844202180F88815DBF8EC0501306D
:10131000CBF8EC050BE300BFB9F1050F0CD14EF68D
:101320001341C0F20001404605224FF005090BF0C1
:10133000ACFB00283FF4FFAB4AAC20464FF40171F0
:101340000CF0C1F90BF178002146009008F0EAFE9C
:10135000CA99B1F5807F00F2AF83002900F0DE82E8
:101360004C0000254FF0000A05E000BF0AF1020A18
:10137000544500F0D3824AA830F80A608DF88450B2
:1013800020952EB306F0070061308DF88000C6F37B
:10139000C20031308DF88100C6F3821061308DF8C3
:1013A000820006F44040B0F5804FC6F3422000F1C1
:1013B00031008DF883000ED14DF61F31C6F3013098
:1013C000C0F20001085C8DF88400052004E000BF35
:1013D0004FF03030209004204845C7D120A8414626
:1013E0004A460BF052FB0028C0D1009D4AACDBE915
:1013F0002E9820462946A8220CF017F9204631469F
:1014000002F050DF9DF8CB01002800F01783DBF8D5
:101410008005802840F014830BF590700BF59471D3
:101420004FF47E720CF0A4F87F200BE319A82090F3
:1014300047F681104EF27444C0F20000C0F200047E
:101440004DF670322190C0F2000220AB30462146AA
:1014500006F0AEFC0BF1B800209048F62170C0F207
:1014600000004EF23D022190C0F2000220AB304657
:10147000214606F09DFC0DF54B7DBDE8000FF0BD4B
:1014800001208BF8F1050DF54B7DBDE8000FF0BD97
:1014900004208BF8F3050020CBE91A000DF54B7DF5
:1014A000BDE8000FF0BD00BFCB68002B00F030811D
:1014B0000023B3EB902F40F0218375230EF800300A
:1014C0000A612AE1012300224EE000BF08F1010178
:1014D000B9F1110FA9F1010280F0EC80002A51D07E
:1014E00000200A2600230D78A5F13004092C32D8FB
:1014F000A0FB060503EB830305EB4303013A001B46
:1015000063F10003002A01F10101ECD13CE000BFCE
:1015100000204FF00A0C0023B2B3A0FB0C060024FD
:10152000C3FB0C6411F8015BE31783EAE67384EAFA
:10153000E6742343A5F1300518BF0123092D0AD80D
:101540004BB9401946F1000386EA030535EA060661
:10155000A2F10102E0D56FF0004C4FF0FF3E0126F2
:1015600019E000BF012300260BF1680080E8480461
:10157000CBF874200DF54B7DBDE8000FF0BD00BF2A
:1015800009E000BF00200023002B48BF002023EA11
:10159000E37C002686469BF8F42500238BF8F4357F
:1015A00086F00101DFE802F00660404A326A7258B4
:1015B0007C0000BFA9F1040105294FF0000000F2F2
:1015C0006482DFE811F00700EB0162026202CD01E4
:1015D0001D0200BFD8F8000046F67711C6F26E3142
:1015E000884200F04982D8F8000046F66211C6F23F
:1015F0006E3188424FF0040018BF00208BF8F405CC
:101600000DF54B7DBDE8000FF0BD00BF002E1CBFE7
:101610004FF0000C4FF0000ECBE916EC0DF54B7DB2
:10162000BDE8000FF0BD00BF0022CBE90412CBE9FA
:10163000060C0DF54B7DBDE8000FF0BD002E1CBF64
:101640004FF0000C4FF0000ECBE914EC0DF54B7D84
:10165000BDE8000FF0BD00BFCBE912100DF54B7DCA
:10166000BDE8000FF0BD00BF0022CBE90012CBE9BE
:10167000020C0DF54B7DBDE8000FF0BDCBE910105D
:101680000DF54B7DBDE8000FF0BD00BF0022CBE99A
:101690000812CBE90A0C0DF54B7DBDE8000FF0BD3B
:1016A0000022CBE90C12CBE90E0C0DF54B7DBDE809
:1016B000000FF0BD00204FF00A0A00236FF0004C2D
:1016C0004FF0FF3E002A3FF45FAFA0FB0A06002464
:1016D000C3FB0A6411F8015BE31783EAE67384EA4B
:1016E000E6742343A5F1300518BF0123092D3FF609
:1016F00032AF002B7FF42FAF401B66F1000386EA68
:1017000003052E40A2F101024FF00106DAD542E7AF
:101710000120C8607520CCF8000062B672B6086976
:101720004B69421C6FF39F229A4207D162B600BFF9
:1017300000BF00BF00BF72B6F1E700BFCB684BB17E
:101740000023B3EB902F40F0D98163230EF80030D3
:101750000A6104E00120C8606320CCF8000062B692
:1017600072B608694B69421C6FF39F229A4207D1F7
:1017700062B600BF00BF00BF00BF72B6F1E700BF96
:10178000CB684BB10023B3EB902F40F0B7816923B6
:101790000EF800300A6104E00120C8606920CCF82E
:1017A000000062B672B608694B69421C6FF39F2253
:1017B0009A4207D162B600BF00BF00BF00BF72B639
:1017C000F1E700BFCB684BB10023B3EB902F40F0A3
:1017D00095816F230EF800300A6104E00120C86093
:1017E0006F20CCF8000062B672B608694B69421CE3
:1017F0006FF39F229A4207D162B600BF00BF00BFBD
:1018000000BF72B6F1E700BFCB684BB10023B3EB6A
:10181000902F40F073816B230EF800300A6104E0D2
:101820000120C8606B20CCF8000062B672B608696F
:101830004B69421C6FF39F229A4207D162B600BFE8
:1018400000BF00BF00BF72B6F1E700BFCB687BB13D
:101850000023B3EB902F40F051810A230EF80030A3
:101860000A6162B60DF54B7DBDE8000FF0BD00BF0B
:101870000120C8600A20CCF8000062B60DF54B7D4F
:10188000BDE8000FF0BD00BF4EF61341C0F20001ED
:10189000404605220BF0F9F800283FD135E000BFA3
:1018A0004EF61041C0F20001404603220BF0EDF865
:1018B000A0BB0020CBF8EC0501208BF8F2050DF55C
:1018C0004B7DBDE8000FF0BDDBF8EC25652A80F00C
:1018D00005810BF5B1614AA807F00BF94AAA07CABE
:1018E0004AAC002820461CBF0022012107F0C0FBA3
:1018F0004A98C00712D004F108010BF17800A82221
:101900000BF093FE0020CBF8800502208BF8F20547
:101910000DF54B7DBDE8000FF0BD00BF03208BF837
:10192000F2050DF54B7DBDE8000FF0BD002010EB7A
:10193000090180F0CB80652980F0C880584400F50B
:10194000B16041464A460BF042F9DBF8EC054844E9
:10195000CBF8EC050DF54B7DBDE8000FF0BD00BFE9
:101960004DF63C31C0F20001404608220BF08DF8E4
:10197000002879D04DF65431C0F2000140460822CB
:101980000BF083F810B901208BF8600000208BF871
:10199000F4050DF54B7DBDE8000FF0BD4EF6384166
:1019A000C0F20001404605220BF06FF800286BD012
:1019B0004EF63D41C0F20001404605220BF065F8AD
:1019C000002869D04EF64B41C0F200014046052286
:1019D0000BF05BF8002867D04EF65041C0F20001D2
:1019E000404605220BF051F800284FF0000008BFD8
:1019F00008208BF8F4050DF54B7DBDE8000FF0BD18
:101A00004EF64241C0F20001404609220BF03DF87B
:101A100000284FF0000008BF05208BF8F4050DF5F5
:101A20004B7DBDE8000FF0BD4EF2B803C0F20003DD
:101A300000202146602207F037F800BF002006E0B2
:101A40007F286BD80BEBC0010130C1E94898CBF877
:101A500080054AA92846A8220BF0E7FD0DF54B7D2D
:101A6000BDE8000FF0BD00BF06208BF8F4050DF5B2
:101A70004B7DBDE8000FF0BD03208BF8F4050DF59C
:101A80004B7DBDE8000FF0BD01208BF8F4050DF58E
:101A90004B7DBDE8000FF0BD02208BF8F4050DF57D
:101AA0004B7DBDE8000FF0BD07208BF8F4050DF568
:101AB0004B7DBDE8000FF0BD4EF6D843C0F20003E9
:101AC00000204FF4807206F0EFFF00BF4EF628436F
:101AD000C0F20003642206F0E7FF00BF4EF60043A9
:101AE000C0F2000300201146642206F0DDFF00BFB3
:101AF0004EF62870C0F2000006F0D2FF4EF2B4722B
:101B0000C0F200024FF4806106F0FAFD4EF6184272
:101B1000C0F20002642106F0F3FD00BF4EF6F03281
:101B2000C0F20002802106F0EBFDD4D4F0B503AF83
:101B30002DE9000FADF5237DD7F8089048F2301855
:101B400000F5805493460E91064600EB08054FEAD7
:101B5000C902204619464FF0FF3A0BF066FDDBE95B
:101B6000100104EBC90244F839005160002048F22A
:101B7000EC117218705095F83010C2E9010008316C
:101B800085F8301006F5FC41C2E90300C2F81300E5
:101B90004FF4FC424860C1F8070047F60C61B050B2
:101BA0007218705047F618615060C2F8070072183A
:101BB000705047F62461C2F80700506072187050E8
:101BC00047F63061C2F8070050607218705047F64F
:101BD0003C615060C2F807007218705047F64861C7
:101BE0005060C2F807007218705047F65461506098
:101BF000C2F807007218705047F660615060C2F872
:101C000007007218705047F66C615060C2F8070008
:101C10007218705047F67861C2F807005060721869
:101C2000705047F68461C2F8070050607218705017
:101C300047F69061C2F8070050607218705047F67E
:101C40009C61C2F8070050607218705047F6A86196
:101C5000C2F8070050607218705047F6B4615060C7
:101C6000C2F807007218705047F6C061C2F807004A
:101C700050607218705047F6CC61C2F8070050608F
:101C80007218705047F6D861C2F807005060721899
:101C9000705047F6E461C2F8070050607218705047
:101CA00047F6F061C2F8070050607218705047F6AE
:101CB000FC61C2F8070050607218705047F6087156
:101CC000C2F8070050607218705047F61471C2F8DD
:101CD000070050607218705047F62071C2F8070074
:101CE00050607218705047F62C71C2F807005060AF
:101CF0007218705047F63871C2F8070050607218B9
:101D0000705047F64471C2F8070050607218705066
:101D100047F65071C2F8070050607218705047F6CD
:101D20005C71C2F8070050607218705047F6687115
:101D3000C2F8070050607218705047F67471C2F80C
:101D4000070050607218705006F5FF41C2F8070096
:101D500050604FF4FF42C1F80700486047F68C71AD
:101D6000B0507218705047F69871C2F80700506072
:101D70007218705047F6A471C2F8070050607218CC
:101D8000705047F6B071C2F807005060721870507A
:101D900047F6BC71C2F8070050607218705047F6E1
:101DA000C871C2F8070050607218705047F6D471BD
:101DB000C2F8070050607218705047F6E071C2F820
:101DC000070050607218705047F6EC71C2F80700B7
:101DD00050607218705047F6F871C2F807005060F2
:101DE0007218705048F20401C2F80700506072186F
:101DF000705048F21001C2F807005060721870501D
:101E000048F21C01C2F8070050607218705048F286
:101E10002801C2F8070050607218705048F234016F
:101E2000C2F8070050607218705048F24001C2F8C2
:101E3000070050607218705048F24C01C2F8070059
:101E400050607218705048F25801C2F80700506094
:101E50007218705048F26401C2F80700506072189E
:101E6000705048F27001C2F807005060721870504C
:101E700048F27C01C2F8070050607218705048F2B6
:101E80008801C2F8070050607218705048F294013F
:101E9000C2F8070050607218705048F2A001C2F8F2
:101EA000070050607218705048F2AC01C2F8070089
:101EB00050607218705048F2B801C2F807005060C4
:101EC0007218705048F2C401C2F8070050607218CE
:101ED000705048F2D001C2F807005060721870507C
:101EE00048F2DC01C2F8070050607218705048F2E6
:101EF000E801C2F8070050607218705048F2F4010F
:101F0000C2F8070050607218705006F50141C2F81F
:101F1000070050604FF40142C1F80700486048F2E2
:101F20000C11B0507218705048F21811C2F8070026
:101F300050607218705048F22411C2F807005060C7
:101F40007218C5F8B8902C4646F8080068607050C2
:101F5000C2F80700506041F204004CF248250F9689
:101F6000CEF20000C2F201050268A869D5E90A13A1
:101F7000101A4018FE6843F10001AA614FF47A423A
:101F80000023C5E90A010BF0F5FBC4E90201306B3F
:101F9000D6E90E21C00708BF5246D6E9120508BF90
:101FA0005146012DD8BF01253C2D4FF03C03A8BF61
:101FB0001D46002808BF1D46CDF840B09BF8A00084
:101FC00096F860B0234643F810AFBBF1000F0693BC
:101FD000C4E905AA2262C4F81CA061620C940A95A7
:101FE00040F08A80316AC90704D0D6E90A01034665
:101FF0000A467CE0022880F04F8401017158C9072D
:102000007AD0D6E910131E22002908BF13461E2BD2
:1020100038BF1A46002B08BF0122002A00F0448472
:1020200006EB0011D1E9021306EBC000B1F1280460
:10203000D0E9148573F100094FF0000040F1000071
:1020400090F0010F4FF001001CBF4FF00009002479
:10205000012C88BF20464FF0010AB9F1000F04BFE0
:10206000544604462046494600230BF083FB4FF0BC
:10207000030CA8FB0C3805EB450242449B0843EADD
:102080008273C01841EB92015FEA59024FEA3403B0
:10209000A4FB0CCE1C1A72EB01043CBF184611467F
:1020A00009EB49030EEB03044FEA9C038A0043EA61
:1020B000847342EA90724FEA940CB3EB80057CEB98
:1020C00002054FF0010534BFA2088300012B88BF31
:1020D0001D46002A04BF53462B460125012888BF10
:1020E0000546002904BF504628460C9C0A9D04F171
:1020F000100C8CE80B00E26111AC20464FF401712A
:102100000BF0E1FA1098214608F00CF891984FF086
:10211000000E002800F0B2830F9A48F2F010BDF8CC
:1021200044100C9C10440490A4F8D010D6E9080187
:1021300002F5006208430D9218BF012040EA0B002F
:102140000590012000260B9000204FF0000C4FF06E
:1021500000080990DDF82C90F00740F01E83A94597
:1021600000F21B834FF000024FF0000028BF012255
:1021700038BF0120B9F1040FA246CDF81C8011D957
:10218000ACF1190515F5FA4F6FF4FA410CF1190B82
:10219000B8BF0D46BBF5FA4F47F60151C8BF8B4695
:1021A00004E000BF47F6015B6FF4FA4548444FF086
:1021B000190808920B9019E00BEB050000EBD070AA
:1021C000ACEB08054FEA600B15F5FA4F6FF4FA40D7
:1021D000B8BF0546B64608EBD87008EB6008B8F5FE
:1021E0007A7FC4BF47F6015B6FF4FA45DDE90E1054
:1021F000109A4B46CDE900E5CDF808B07646CDF80B
:102200000CE0FEF3B1F09AF8D2105446002940F0E9
:10221000BB828446A842CFDDDC4511DB0CEB080B0A
:10222000606BBBF5FA4F47F60151C8BF8B460028DB
:10223000B646D0D00D980088A4F8D000CBE700BFF8
:10224000606BC4F8CC9018B10D980088A4F8D00049
:1022500094F8D3000A9D0028B646C4F8C8C040F0E0
:10226000928141F204004CF2482BCDE9949CCEF2CD
:102270000000C2F2010B0268DBF81800DBE90A1368
:10228000101A401843F10001CBF818204FF47A429D
:102290000023CBE90A017646E2460BF06BFA22688E
:1022A0004FF47A7EA2FB0EC5D4E902234FF47A786C
:1022B000821A606871EB030346F1000191F0010F8F
:1022C00000FB0E514FF001001CBF00230022CDE99E
:1022D0009623012A88BF1046002B4FF0010604BF49
:1022E0003246024660460BF045FACDE9980194A8C3
:1022F0009B900498DDF838909D9048F209704EF25A
:10230000744648F6E164C0F20000C0F200064DF6E3
:10231000C8529BADC0F200049E9048463146C0F2C0
:1023200000022B469C9405F043FD47F6BF40514602
:10233000824511DD47F60150401A00EBD070401085
:102340009A909AA84DF65842CDE99B0448463146EA
:10235000C0F200021FE000BF48F24130CFF6FF702C
:1023600081420FDA01F5FA4000EBD07040109A90EC
:102370009AA84DF63A72CDE99B0448463146C0F220
:10238000000208E095A84DF61972CDE99B04484675
:102390003146C0F200022B4605F00AFD0C9CE16AB2
:1023A000B1F5A77F084628BF4FF4A77000296BD06E
:1023B000411EA36A94F8302021F07841032901F1ED
:1023C000010C80F0358100211CF0030557D01C7AE8
:1023D0002CB15C7A04F0F804944208BF01319C7C73
:1023E0002CB1DC7C04F0F804944208BF01311C7F5E
:1023F0002CB15C7F04F0F804944208BF0131012D38
:102400003DD093F8284034B193F8294004F0F80403
:10241000944208BF013193F8324034B193F833400D
:1024200004F0F804944208BF013193F83C4034B101
:1024300093F83D4004F0F804944208BF0131022DA6
:102440001DD093F8485035B193F8495005F0F80580
:10245000954208BF013193F8525035B193F853506B
:1024600005F0F805954208BF013193F85C5035B18D
:1024700093F85D3003F0F803934208BF01310C9CE0
:1024800001FB08F19BAD00E0002100EB40000128BA
:102490004FF0010298BF1046B1FBF0F096A9CDE9CC
:1024A0009A0448F6E570C0F20000CDE99D1098A9A5
:1024B0009C90CDE99F109AA8A19048F61360C0F2B5
:1024C00000004EF21502A29048463146C0F20002CA
:1024D0002B4605F06DFCD4F83480B8F1000F18D00D
:1024E0000D9C0025202D80F0CF814CF6F910C0F214
:1024F00000004DF691529C9048463146C0F20002D1
:102500009BAB9B9405F054FC0135454504F1020456
:10251000E8D372B6DBF81000DBF81420411C6FF32F
:102520009F210A9D91424FF0000ED4460FD100BF6B
:1025300062B600BF00BF00BF00BF72B6DBF810007C
:10254000DBF81420411C6FF39F219142F0D0DBF89F
:102550000C206AB1BEEB902F40F0A8814BF2C05323
:102560000A22C2F200031A54CBF8101009E000BF8F
:102570000120CBF80C0042F21C50C4F200000A21EA
:1025800001600C9C62B60798B4F8D08080B2804598
:102590004FF0000B099808BF00F1010B0598089E49
:1025A0000028CDF824B040F0E58006984FF0FF31C8
:1025B000D0E9009A8AEA010081EA0901084300F0A3
:1025C000D98041F204004CF24825CDF81CC0CEF26F
:1025D0000000C2F201050268A869D5E90A13101AC1
:1025E000401843F10001AA614FF47A42002300260B
:1025F000C5E90A0100250BF0BDF8D4E90223821ACF
:1026000071EB030C45F1000191F0010F1CBF4FF07D
:10261000000C0022BBF1030F00F296800998DFE85E
:102620000BF0038F858900BF002496218EE000BF48
:102630002CF00305002104E0043D03F180033FF486
:10264000C3AE1C7A2CB15C7A04F0F804944208BF43
:1026500001319C7C2CB1DC7C04F0F804944208BF6E
:1026600001311C7F2CB15C7F04F0F804944208BF58
:10267000013193F8284034B193F8294004F0F8046C
:10268000944208BF013193F8324034B193F833409B
:1026900004F0F804944208BF013193F83C4034B18F
:1026A00093F83D4004F0F804944208BF013193F8D8
:1026B000484034B193F8494004F0F804944208BF0C
:1026C000013193F8524034B193F8534004F0F804C8
:1026D000944208BF013193F85C4034B193F85D40F7
:1026E00004F0F804944208BF013193F8684034B113
:1026F00093F8694004F0F804944208BF013193F85C
:10270000724034B193F8734004F0F804944208BF67
:10271000013193F87C40002C3FF48EAF93F87D405C
:1027200004F0F804944208BF013185E700246421D5
:102730000CE000BF00245A214FF0000E07E000BF5C
:102740000024782102E000BF2C464B21B646A1FBB5
:102750000960642501FB0A00A2FB05230CFB05317F
:1027600004FB0900921B0C9C0A9DDDE907C671EB76
:10277000000012D2D4E90001D4E90823801A71EBD9
:102780000300FFF4E7AC08E0B9F1020F05D3606B7A
:1027900018B10D980088A4F8D00094F8D300002850
:1027A0006AD141F204004CF24826CEF20000C2F297
:1027B00001060268B069D6E90A13101A401843F1FD
:1027C0000001B2614FF47A420023C6E90A014FF0DA
:1027D00000080AF0CFFF22684FF47A7CA2FB0C6459
:1027E0000C9A0C9B9268DB68821A71EB030348F128
:1027F000000090F0010F18BF00230C984FF0010566
:10280000D0F8CC0018BF00220128D8BF28469690E7
:102810000C98CDE992234068012A00FB0C414FF04F
:1028200001000C9C88BF1046002B04BF2A460246BC
:1028300030460AF09FFFCDE9980196A89B9048F694
:10284000E160C0F2000048F6E571CDE99C04C0F2F9
:10285000000192A8CDE99F0198A89E91CDE9A10120
:102860004EF274414DF686620E98C0F20001C0F23D
:1028700000029BAB05F09CFAB4F8D0E070460DF571
:10288000237DBDE8000FF0BD4EF2C802C0F2000289
:102890002846202105F034FF4EF66842C0F20002BF
:1028A000022105F02DFF00BF06F01FF94EF2B472B1
:1028B000C0F200024FF4806105F022FF80B56F4640
:1028C000FDF7FEFD80B56F46ADF50A7D40F20010C4
:1028D00048F28146C4F20000C0F21E0600214FF00B
:1028E0008042012301601360721E00BF03684BB970
:1028F000914207D203682BB903681BB903680431FE
:10290000002BF3D04EF24050C4F201004FF001080A
:10291000C0F800804EF6FC50CEF20000016841F293
:102920000402CEF2000241F08071002501601560C2
:1029300052F8040C40F20C5340F00100C5F20003C1
:1029400042F8040C4FF400101860D8604FF4800077
:102950001860D8604FF400401860D8604FF0807065
:102960001860D8604FF400201860D8604FF0805095
:1029700043F8040CD8604FF4006043F8040CD860AE
:102980004FF0004043F8040CD8602020C3F8FC024C
:10299000C3F80C034FF0804042F20C5443F8040C8F
:1029A000D8604020C4F2000443F8040CD86006202C
:1029B000C3F8145520602820A0604EF2000042F2B7
:1029C0000816C0F2D710C4F20006A06104206FF010
:1029D000FF012566C6F8F8033560756146F8018089
:1029E0004FF6F861CFF6FF7146F801808421C6F8F2
:1029F000FC114EF20011CEF2000108604CF278207A
:102A0000C2F201004CF2482144F2400B00F5006094
:102A1000C2F20101C2F2010B08620BF11C0048F284
:102A2000EC110AF050FE4CF24004C2F200042046C1
:102A30004FF400410AF0A2FD48F258104BF8004054
:102A400048F25C104FF480614BF800100BF5C05059
:102A50004FF490410AF092FD0BF5D8404FF490519D
:102A60000AF08CFD4FF0FF304EF6F0615EACCBF813
:102A70009006CBE90400CBE90C00CBE91400CBE9CC
:102A80001C00CBE92400CBE92C00CBE93400CBE9D6
:102A90003C00CBE94400CBE94C00CBE95400CBE946
:102AA0005C00CBE96400CBE96C00CBE97400CBE9B6
:102AB0007C00CBE98400CBE98C00CBE99400CBE926
:102AC0009C00CBE9A400CBE9AC00CBE9B400CBE996
:102AD000BC00CBE9C400CBE9CC00CBE9D400CBE906
:102AE000DC00CBE9E400CBE9EC00CBE9F400CBE976
:102AF000FC00CBF81004CBF81404CBF83004CBF86E
:102B00003404CBF85004CBF85404CBF87004CBF861
:102B10007404CBF89004CBF89404CBF8B004CBF851
:102B2000B404CBF8D004CBF8D404CBF8F004CBF841
:102B3000F404CBF81005CBF81405CBF83005CBF82E
:102B40003405CBF85005CBF85405CBF87005CBF81D
:102B50007405CBF89005CBF89405CBF8B005CBF80D
:102B6000B405CBF8D005CBF8D405CBF8F005CBF8FD
:102B7000F405CBF81006CBF81406CBF83006CBF8EA
:102B80003406CBF85006CBF85406CBF87006CBF8D9
:102B90007406CBF89406CBF8B006CBF8B406CBF8A5
:102BA000D006CBF8D406CBF8F006CBF8F406CBF879
:102BB0001007CBF81407CBF83007CBF83407CBF865
:102BC0005007CBF85407CBF87007CBF87407CBF855
:102BD0009007CBF89407CBF8B007CBF8B407CBF845
:102BE000D007CBF8D407CBF8F007CBF8F407C0F246
:102BF000000120463822CBE90055CBE90255CBF83D
:102C00001850CBE90855CBE90A55CBE91055CBE96B
:102C10001255CBE91855CBE91A55CBE92055CBE92C
:102C20002255CBE92855CBE92A55CBE93055CBE9DC
:102C30003255CBE93855CBE93A55CBE94055CBE98C
:102C40004255CBE94855CBE94A55CBE95055CBE93C
:102C50005255CBE95855CBE95A55CBE96055CBE9EC
:102C60006255CBE96855CBE96A55CBE97055CBE99C
:102C70007255CBE97855CBE97A55CBE98055CBE94C
:102C80008255CBE98855CBE98A55CBE99055CBE9FC
:102C90009255CBE99855CBE99A55CBE9A055CBE9AC
:102CA000A255CBE9A855CBE9AA55CBE9B055CBE95C
:102CB000B255CBE9B855CBE9BA55CBE9C055CBE90C
:102CC000C255CBE9C855CBE9CA55CBE9D055CBE9BC
:102CD000D255CBE9D855CBE9DA55CBF87853CBE9C7
:102CE000E055CBE9E255CBF89853CBE9E855CBE971
:102CF000EA55CBF8B853CBE9F055CBE9F255CBF810
:102D0000D853CBE9F855CBE9FA55CBF8F853CBF8C3
:102D10000054CBF80454CBF80854CBF80C54CBF83F
:102D20001854CBF82054CBF82454CBF82854CBF8C3
:102D30002C54CBF83854CBF84054CBF84454CBF84F
:102D40004854CBF84C54CBF85854CBF86054CBF8DB
:102D50006454CBF86854CBF86C54CBF87854CBF867
:102D60008054CBF88454CBF88854CBF88C54CBF8EF
:102D70009854CBF8A054CBF8A454CBF8A854CBF873
:102D8000AC54CBF8B854CBF8C054CBF8C454CBF8FF
:102D9000C854CBF8CC54CBF8D854CBF8E054CBF88B
:102DA000E454CBF8E854CBF8EC54CBF8F854CBF817
:102DB0000055CBF80455CBF80855CBF80C55CBF89B
:102DC0001855CBF82055CBF82455CBF82855CBF81F
:102DD0002C55CBF83855CBF84055CBF84455CBF8AB
:102DE0004855CBF84C55CBF85855CBF86055CBF837
:102DF0006455CBF86855CBF86C55CBF87855CBF8C3
:102E00008055CBF88455CBF88855CBF88C55CBF84A
:102E10009855CBF8A055CBF8A455CBF8A855CBF8CE
:102E2000AC55CBF8B855CBF8C055CBF8C455CBF85A
:102E3000C855CBF8CC55CBF8D855CBF8E055CBF8E6
:102E4000E455CBF8E855CBF8EC55CBF8F855CBF872
:102E50000056CBF80456CBF80856CBF80C56CBF8F6
:102E60001856CBF82056CBF82456CBF82856CBF87A
:102E70002C56CBF83856CBF84056CBF84456CBF806
:102E80004856CBF84C56CBF85856CBF86056CBF892
:102E90006456CBF86856CBF86C56CBF87856CBF81E
:102EA0008056CBF88456CBF88856CBF88C56CBF8A6
:102EB0009856CBF8A056CBF8A456CBF8A856CBF82A
:102EC000AC56CBF8B856CBF8C056CBF8C456CBF8B6
:102ED000C856CBF8CC56CBF8D856CBF8E056CBF842
:102EE000E456CBF8E856CBF8EC56CBF8F856CBF8CE
:102EF0000057CBF80457CBF80857CBF80C57CBF852
:102F00001857CBF82057CBF82457CBF82857CBF8D5
:102F10002C57CBF83857CBF84057CBF84457CBF861
:102F20004857CBF84C57CBF85857CBF86057CBF8ED
:102F30006457CBF86857CBF86C57CBF87857CBF879
:102F40008057CBF88457CBF88857CBF88C57CBF801
:102F50009857CBF8A057CBF8A457CBF8A857CBF885
:102F6000AC57CBF8B857CBF8C057CBF8C457CBF811
:102F7000C857CBF8CC57CBF8D857CBF8E057CBF89D
:102F8000E457CBF8E857CBF8EC57CBF8F85706F0F6
:102F90006FF85E98C00701F0A9850DF1280904F1CA
:102FA000080109F10800A8220AF03FFB4BF6482A65
:102FB000C2F2000ACDE95F55CDE961558DF88C511B
:102FC000CAE90055CAE90455CAE90855CAE90C55C9
:102FD000CAF84050CAF8485021465DC90AF14C0C65
:102FE000ACE85D00087849468CF800000AF17000F2
:102FF000C14642F20C58B022CAE91A55C4F2000880
:103000000AF013FB0AF590704FF49A610AF0B6FAD1
:103010000AA827218AF8F095CAF8F155CDE9375565
:10302000CDE93955CDE93B55CDE93D550AF04BFB8E
:103030004EF28C4E4BF2C05C4CF24821C0F2000EB6
:10304000C2F2000C01230022C2F2010109E000BF1C
:10305000C1F80C90C8F8104062B61D2A02F10103B5
:1030600026D01EF8024072B608694A69461C6FF302
:103070009F2696421A460CD162B600BF00BF00BF21
:1030800000BF72B608694B69461C6FF39F269E42CB
:10309000F2D0CB68002BDBD0B5EB902F41F02C8524
:1030A0000CF800400E6162B61D2A02F10103D8D16E
:1030B00040F20C554FF40010C5F2000528604FF4A3
:1030C000800028604FF400404FF080712860296034
:1030D0004FF4002129604FF0805145F8041C4FF453
:1030E000006145F8041C4FF0004120224FF080435E
:1030F00043F2C44445F8041CC5F8FC2245F8043CDE
:1031000045F8040C40F20C60C4F200042960C5F8D4
:103110005C02C5F8F40400201A21E06361644FF0FA
:10312000C861A264216606214BF6C019E163C2F2B0
:103130000009AF2143F2041689F8000089F8011054
:103140003C21C4F20006C4F8C4100221C4F88090E7
:10315000C4F8841030603062F0654FF40070C6F837
:10316000FC00012046F8FC0C48F28140C0F21E0031
:10317000316839B9316A002940F074810138F7D1DA
:1031800001F01BBB4FF0000843F2C440C6F8FC80BE
:10319000C4F200000068002841F00F834EF2DC40CA
:1031A000C0F200005E904EF2DD400125C0F200004A
:1031B000CDE960054EF2DE40C0F200004EF2E04183
:1031C00062900220C0F20001CDE964104DF64B710F
:1031D000C0F20001CDE966104EF2E241C0F20001FA
:1031E000CDE968154EF2E341C0F20001CDE96A1065
:1031F0004DF63A41C0F20001CDE96C104EF2E541C6
:10320000C0F200014EF2E8426E910321C0F20002CA
:103210006F91CDE970214EF2EB41C0F20001CDE992
:1032200072154EF2EC41C0F20001CDE974154EF278
:10323000ED41C0F20001CDE976104EF2EF41C0F24F
:103240000001CDE978104EF2F141C0F20001CDE964
:103250007A104EF2F341C0F20001CDE97C104EF23B
:10326000F541C0F20001CDE97E154DF63C41C0F2BA
:1032700000016390CDE980104EF2F640C0F20000EC
:10328000CDE982054FF0080A00205F9509E000BFF4
:1032900043F2C441C6F8FC80C4F2000109680AF197
:1032A000100A5EA9084445688DF8FE80042D05F1DA
:1032B0000104ADF8FC8081F00F8401683FA82A4624
:1032C00009F085FC494689F8008065B19DF8FC004D
:1032D000022C487007D09DF8FD00032C88701CBF9D
:1032E0009DF8FE00C87043F2C440C4F200003C22C6
:1032F000C0F8C420C0F88010C0F884404FF40070BB
:10330000C6F80080C6F82080C6F85C80C6F8FC00CD
:10331000012046F8FC0C48F2814048F2A062C0F25D
:103320001E00C0F2010200BF316829B9316A79B9C3
:103330000138F9D107E000BF43F2C440C6F8FC8071
:10334000C4F200000068BAF1980F1DD1A8E000BFD8
:10335000012046F8F00C0020316849B9904207D2AC
:10336000316829B9316819B9316804300029F3D0BE
:1033700043F2C440C4F200000F210160C6F820806F
:10338000BAF1980F00F08C805EA8504445688DF823
:10339000FE80032D05F10104ADF8FC8001F29C8351
:1033A00001683FA82A4609F012FC89F800807DB127
:1033B0009DF8FC00022C89F8010009D09DF8FD0061
:1033C000032C89F802001CBF9DF8FE0089F8030059
:1033D00043F2C441C4F200013C22C1F8C420C1F848
:1033E0008090C1F884404FF40071C6F80080C6F8A0
:1033F0002080C6F85C80C6F8FC10012146F8FC1C51
:1034000048F2814148F2A0650AF10800C0F21E01AD
:10341000C0F201053268002A7FF43AAF326A2AB955
:103420000139F7D10AF1100A3BE700BF012146F844
:10343000F01C002132684AB9A94207D232682AB981
:1034400032681AB932680431002AF3D043F2C44119
:10345000C4F200010F220A60C6F820800AF1100AA7
:103460001FE700BF48F2A0600121C0F2010046F84A
:10347000F01C002132684AB9814207D232682AB969
:1034800032681AB932680431002AF3D043F2C441D9
:103490000F20C4F2000108600020306201F08DB9F5
:1034A00001200121012200230126002401F034FB28
:1034B000012002210122002301F02EFB0120032123
:1034C0000122002301F028FB012004210122002316
:1034D000042501F021FB012005210122002301F038
:1034E0001BFB012006210122002301F015FB012016
:1034F0000721012200234FF0070A01F00DFB0120F4
:103500000821012200234FF0080901F005FB2020CB
:103510008DF8B4014BF64820C2F200006F900AA863
:10352000709043F69820629041F28830649046F69D
:103530006E70C6F26E50679047F62010C7F2654075
:1035400040F20C53B4464FF02036CDF8B8B1689035
:10355000C5F200030C204FF0000BCDE96B66CDE9FE
:103560006966ADF8D0C1639465947194CDF8989173
:103570005E94CDE972A560941D60DD60C3F82402FD
:10358000C3F83802C3F8F801C3F82802C3F8FC52A4
:10359000C3F80C53C3F82C42C3F8504252A84EF261
:1035A000545E4EF261514EF26E52CDF81CB04EF2A6
:1035B000775B00F10408C0F2000E0D20C0F200019C
:1035C000C0F2000209250DF5B4794FF0010AC0F2EE
:1035D000000BCDE940E0CDE94210CDE94425586823
:1035E00059685A685B6800F4805001F4003102F0B9
:1035F000020203F400038CEA10308CEA51418CEA99
:1036000052028CEAD3538DF830018DF831118DF8C8
:1036100032218DF833315046012101220023CDE9BA
:103620004644CDE94844CDE94A44744601F074FA71
:10363000504602210122002301F06EFA5046032178
:103640000122002301F068FA5046042101220023E0
:1036500001F062FA504605210122002301F05CFAD4
:10366000504606210122002301F056FA5046072158
:103670000122002301F050FA5046082101220023C4
:1036800001F04AFA079D0220022D38BF2846CDE9F5
:10369000080A504601215A460B2301F03DFA20202A
:1036A00088F81800C8E90066C8E90266C8F8106022
:1036B000C8F81460002D08BF3E208DF84C01022090
:1036C00021468246529048460D2205F012FADDE965
:1036D0005A10002918BF012040F03F815C99002951
:1036E00000F03B814A1E032A01F0030E06D2BEF110
:1036F000000F00F03181421C022315E10A1F012155
:1037000001EB92010C2A01F0030C13D2BCF1000F63
:1037100000F00381017802228DF84E11B0F80110FB
:10372000ADF84F110521C37808F80130111D0B4683
:10373000AFE000BF21F003030221022206E000BF38
:103740000A46043B00F1100000F08080182AF8D8E7
:103750000178182A08F8021002F10101F0D044782B
:10376000162A08F8014002F10201E9D88478162AE5
:1037700008F8014002F10301E2D0C47808F80140E2
:10378000111D1829DCD80279182908F8012001F147
:1037900001020DD04479162908F8024001F1020215
:1037A00006D88479162908F8024001F1030201D1F4
:1037B0001146C6E7C4790431182908F80240BFD879
:1037C000027A182908F8012001F10102F0D0447AA8
:1037D000162908F8024001F10202E9D8847A162974
:1037E00008F8024001F10302E2D0C47A043118293A
:1037F00008F80240A4D8027B4FF0020A08F8012022
:10380000182901F1010203D111460DF5B47998E7A9
:10381000447B162908F8024001F10202CDF8188015
:1038200006D8847B069E1629B45401F1030205D103
:10383000DDF8188011460DF5B47982E7C47BDDF818
:103840001880043108F802400A46DEE7BCF1000F98
:103850001CD0182A1CD80178182A08F8021002F186
:1038600001013FF464AF4378162A08F8013002F1F1
:1038700002013FF65CAF8378162A08F8013002F1A6
:1038800003010B467FF44FAF03E000BF134644E053
:103890001346BCF1010F01D104303EE0182B19D8BA
:1038A0000179182B08F8031003F1010111D04279B6
:1038B000162B08F8012003F102010AD88279162B91
:1038C00008F8012003F1030103D0C27908F80120B0
:1038D000191D0B46BCF1020F02D108301DE000BFDC
:1038E000182B19D8017A182B08F8031003F10101DD
:1038F00011D0427A162B08F8012003F102010AD8F0
:10390000827A162B08F8012003F1030103D0C27A52
:1039100008F80120191D0B460C30BEF1000F1BD01A
:10392000182B00F1010204D8017808F80310591C83
:103930000B46BEF1010F0FD0182B0DD81178BEF138
:10394000020F08F8031003F1010118BF182B03D070
:10395000807808F80100991C529109980321424689
:10396000192301F0D9F8079D20204FF0203688F860
:103970001800C8E90066C8E90266C8E90466012DB6
:1039800008BF3E204EF261518DF84C014846C0F20E
:1039900000010D22CDF848A105F0ABF8DDE95A1081
:1039A000002918BF012040F046815C99002900F0F1
:1039B00042814A1E032A01F0030E07D2BEF1000F16
:1039C00000F03881421C02231CE100BF0A1F0121C4
:1039D00001EB92010C2A01F0030C13D2BCF1000F91
:1039E00000F00981017802228DF84E11B0F8011023
:1039F000ADF84F110521C37808F80130111D0B46B1
:103A0000B5E000BF21F003030221022206E000BF5F
:103A10000A46043B00F1100000F08680182AF8D80E
:103A20000178182A08F8021002F10101F0D0447858
:103A3000162A08F8014002F10201E9D88478162A12
:103A400008F8014002F10301E2D0C47808F801400F
:103A5000111D1829DCD80279182908F8012001F174
:103A600001020DD04479162908F8024001F1020242
:103A700006D88479162908F8024001F1030201D121
:103A80001146C6E7C4790431182908F80240BFD8A6
:103A9000027A182908F8012001F10102F0D0447AD5
:103AA000162908F8024001F10202E9D8847A1629A1
:103AB00008F8024001F10302E2D0C47A0431182967
:103AC00008F80240A4D8027B4FF020394FF0020AD8
:103AD00008F80120182901F1010205D11146079DBE
:103AE0004E460DF5B47994E7447B162908F8024058
:103AF00001F10202CDF8188006D8847B069D1629B4
:103B0000AC5401F1030207D1DDE9068511464E46AA
:103B10000DF5B4797DE700BFC47BDDF81880043172
:103B200008F802400A46DAE7BCF1000F1CD0182A58
:103B30001CD80178182A08F8021002F101013FF49C
:103B40005EAF4378162A08F8013002F102013FF611
:103B500056AF8378162A08F8013002F103010B46AC
:103B60007FF449AF03E000BF134644E01346BCF1C5
:103B7000010F01D104303EE0182B19D80179182B20
:103B800008F8031003F1010111D04279162B08F84F
:103B9000012003F102010AD88279162B08F80120CE
:103BA00003F1030103D0C27908F80120191D0B4667
:103BB000BCF1020F02D108301DE000BF182B19D84C
:103BC000017A182B08F8031003F1010111D0427A91
:103BD000162B08F8012003F102010AD8827A162B6D
:103BE00008F8012003F1030103D0C27A08F801208C
:103BF000191D0B460C30BEF1000F1BD0182B00F125
:103C0000010204D8017808F80310591C0B46BEF1D4
:103C1000010F0FD0182B0DD81178BEF1020F08F844
:103C2000031003F1010118BF182B03D0807808F8A6
:103C30000100991C5291DDF824B0042158464246F7
:103C4000192300F069FF202088F81800C8E90066F1
:103C5000C8E90266C8E90466012D88BF3E204EF21D
:103C60006E518DF84C014846C0F200010922CDF892
:103C700048A104F03EFFDDE95A10002918BF0120D9
:103C800040F03F815C9A002A00F03B81511E0329DD
:103C900002F0030106D2002900F03281421C022505
:103CA00018E100BF131F012202EB93020C2B02F05C
:103CB000030C13D2BCF1000F00F00781027805233A
:103CC0008DF84E21B0F80120ADF84F210222C578C1
:103CD00008F80350131D1D46B3E000BF22F0030592
:103CE0000223022206E000BF1A46043D00F1100044
:103CF00000F08480182AF8D80378182A08F80230CF
:103D000002F10103F0D04478162A08F8034002F1CA
:103D10000203E9D88478162A08F8034002F1030365
:103D2000E2D0C47808F80340131D182BDCD80279C0
:103D3000182B08F8032003F101020DD04479162B4B
:103D400008F8024003F1020206D88479162B08F81D
:103D5000024003F1030201D11346C6E7C4790433DC
:103D6000182B08F80240BFD8027A182B08F8032055
:103D700003F10102F0D0447A162B08F8024003F157
:103D80000202E9D8847A162B08F8024003F10302F4
:103D9000E2D0C47A0433182B08F80240A4D8027B7E
:103DA0004FF0203E4FF0020A08F80320182B03F1D1
:103DB000010205D11346DDF824B0764695E700BF31
:103DC000447BC14608F80240162B03F1020206D8D4
:103DD000847B162B09F8024003F1030206D1DDF8BB
:103DE00024B013467646C8467FE700BFC47B043341
:103DF000C84609F802401A46DDE700BFBCF1000FD3
:103E00001CD0182A1CD80378182A08F8023002F1AE
:103E100001033FF460AF4578162A08F8035002F119
:103E200002033FF658AF8578162A08F8035002F1CE
:103E300003031D467FF44BAF03E000BF154644E08B
:103E40001546BCF1010F01D104303EE0182D19D800
:103E50000279182D05F1010308F8052011D04279E7
:103E6000162D08F8032005F102030AD88279162DD1
:103E700008F8032005F1030303D0C27908F80320F2
:103E80002B1D1D46BCF1020F02D108301DE000BF02
:103E9000182D19D8027A182D05F1010308F805200C
:103EA00011D0427A162D08F8032005F102030AD832
:103EB000827A162D08F8032005F1030303D0C27A95
:103EC00008F803202B1D1D460C30C9B1182D00F138
:103ED000010204D8037808F805306B1C1D4601293F
:103EE0000ED0182D0CD81278022905F1010308F81C
:103EF000052018BF182D03D0807808F80300AB1CEC
:103F00005293584605214246192300F005FE72B629
:103F1000FCF740FB4CF2482162B6C2F2010188680E
:103F2000496840F20C558842C5F20005BFF35F8F27
:103F300040F00A844FA846A900F068FF5098E8B303
:103F4000089A45F256511044C5F2555150FB01F103
:103F500001EBD17101EB4101401A48BF03300790DA
:103F6000202040A988F8180001EBC20051F8321057
:103F700042685AAD2846C8E90066C8E90266C8E941
:103F80000466D146CDF848A104F0B3FDDDE95A102E
:103F9000002918BF012040F04E815C99002900F0F3
:103FA0004A814A1E032A01F0030E0DD2BEF1000F12
:103FB00000F04081421C022324E100BFDDF820A074
:103FC0004FF0020BA4E200BF0A1F012101EB920196
:103FD0000C2A01F0030C13D2BCF1000F00F00B818E
:103FE000017802228DF84E11B0F80110ADF84F1192
:103FF0000521C37808F80130111D0B46B7E000BF5A
:1040000021F003030221022206E000BF0A46043B1E
:1040100000F1100000F08880182AF8D80178182ADA
:1040200008F8021002F10101F0D04478162A08F8CD
:10403000014002F10201E9D88478162A08F801400B
:1040400002F10301E2D0C47808F80140111D1829DB
:10405000DCD80279182908F8012001F101020DD0FD
:104060004479162908F8024001F1020206D8847941
:10407000162908F8024001F1030201D11146C6E7F2
:10408000C4790431182908F80240BFD8027A1829E7
:1040900008F8012001F10102F0D0447A162908F84D
:1040A000024001F10202E9D8847A162908F8024098
:1040B00001F10302E2D0C47A0431182908F8024061
:1040C000A4D8027B4FF02035022608F801201829D9
:1040D00001F1010202D11146B1461FE0447BC24604
:1040E00008F80240162901F1020206D8847B16293D
:1040F0000AF8024001F1030208D1DDF824B01146AC
:10410000B1462E465AADD04681E700BFC47B04318C
:10411000D0460AF802400A464FF00209DDF824B002
:104120002E465AAD73E700BFBCF1000F1CD0182A11
:104130001CD80178182A08F8021002F101013FF496
:104140005CAF4378162A08F8013002F102013FF60D
:1041500054AF8378162A08F8013002F103010B46A8
:104160007FF447AF03E000BF134644E01346BCF1C1
:10417000010F01D104303EE0182B19D80179182B1A
:1041800008F8031003F1010111D04279162B08F849
:10419000012003F102010AD88279162B08F80120C8
:1041A00003F1030103D0C27908F80120191D0B4661
:1041B000BCF1020F02D108301DE000BF182B19D846
:1041C000017A182B08F8031003F1010111D0427A8B
:1041D000162B08F8012003F102010AD8827A162B67
:1041E00008F8012003F1030103D0C27A08F8012086
:1041F000191D0B460C30BEF1000F1BD0182B00F11F
:10420000010204D8017808F80310591C0B46BEF1CE
:10421000010F0FD0182B0DD81178BEF1020F08F83E
:10422000031003F1010118BF182B03D0807808F8A0
:104230000100991C529108984246C11C5846192306
:1042400000F06AFCDDF81CA0202088F818003E2051
:10425000BAF1020FC8E90066C8E90266C8E9046657
:104260008DF84C01CDF8489100F24E8440A901EB45
:10427000CA0051F83A104268284604F03AFCDDE9D9
:104280005A10002918BF012040F039815C9900299B
:1042900000F035814A1E032A01F0030E06D2BEF15A
:1042A000000F00F02B81421C02230FE10A1F0121A5
:1042B00001EB92010C2A01F0030C13D2BCF1000FA8
:1042C00000F0FD80017802228DF84E11B0F8011047
:1042D000ADF84F110521C37808F80130111D0B46C8
:1042E000A9E000BF21F003030221022205E000BF84
:1042F0000A46043B00F110007AD0182AF9D8017858
:10430000182A08F8021002F10101F1D04478162AA7
:1043100008F8014002F10201EAD88478162A08F868
:10432000014002F10301E3D0C47808F80140111DF7
:104330001829DDD80279182908F8012001F10102B5
:104340000DD04479162908F8024001F1020206D87E
:104350008479162908F8024001F1030202D11146BE
:10436000C7E700BFC4790431182908F80240BFD854
:10437000027A182908F8012001F10102EFD0447AED
:10438000162908F8024001F10202E8D8847A1629B9
:1043900008F8024001F10302E1D0C47A043118297F
:1043A00008F80240A4D8027B182908F8012001F17E
:1043B000010201D1114618E0447B454608F802404D
:1043C000162901F1020205D8847B1629AC5401F1AB
:1043D000030205D1DDF81CA01146A84689E700BFFD
:1043E000C47B0431A846AC540A46DDF81CA080E723
:1043F000BCF1000F1CD0182A1CD80178182A08F824
:10440000021002F101013FF46AAF4378162A08F85E
:10441000013002F102013FF662AF8378162A08F8F4
:10442000013002F103010B467FF455AF03E000BFFA
:10443000134644E01346BCF1010F01D104303EE0C5
:10444000182B19D80179182B08F8031003F1010172
:1044500011D04279162B08F8012003F102010AD885
:104460008279162B08F8012003F1030103D0C279E9
:1044700008F80120191D0B46BCF1020F02D10830CB
:104480001DE000BF182B19D8017A182B08F803106B
:1044900003F1010111D0427A162B08F8012003F133
:1044A00002010AD8827A162B08F8012003F10301D1
:1044B00003D0C27A08F80120191D0B460C30BEF15A
:1044C000000F1BD0182B00F1010204D8017808F866
:1044D0000310591C0B46BEF1010F0FD0182B0DD83D
:1044E0001178BEF1020F08F8031003F1010118BFA3
:1044F000182B03D0807808F80100991C5291099874
:104500000AF10301424619234FF0020B00F004FBAD
:104510009DF844014CF248260028C2F2010653D10E
:1045200041F20400CEF200000268B069D6E90A1335
:10453000101A401843F10001B2614FF47A4200238F
:104540004FF02039C6E90A0109F014F910F16404AA
:1045500041F1000541F20400CEF200000268B069AA
:10456000D6E90A13101A401843F10001B2614FF462
:104570007A420023C6E90A0109F0FCF8001B71EB3E
:1045800005000BD272B6FCF705F862B6B068716828
:10459000BFF35F8F8842DDD0D2E000BF72B6FBF779
:1045A000F9FF62B6B0687168BFF35F8FCDF820A0E5
:1045B00040F20C55DA46DDF824B08842C5F2000519
:1045C0004E463FF4B7ACBFE0BAF1020FCDF8C4A13C
:1045D00044D2DDE962014FF47A72002309F0CAF88F
:1045E0008DE8030878204EF282520024049052A8ED
:1045F0005EA9C0F200020A2303942646059401F046
:10460000F1FEDDE9520180F00202114300F09880D2
:10461000C00767D0DDE954014FF47A72A0FB023085
:1046200001FB02055EA801215246CDE96235CDE9C4
:10463000003500F069FD40F20C554EF261514EF22A
:104640006E520028C5F200054FF0010C3446C0F24E
:104650000001C0F200025ED176E000BFDDE9640136
:104660004FF47A72002309F085F8CDE900010120AA
:10467000824602903C204EF28F520024049052A8B1
:104680005EA9C0F200020C2303942646059401F0B3
:10469000A9FEDDE9520140F20C5580F002021143FF
:1046A000C5F2000550D0C0072CD0DDE954014FF40D
:1046B0007A73A0FB032001FB03035EA80021CDE970
:1046C0006423CDE9002300F01FFD4EF261514EF24C
:1046D0006E523446C0F20001C0F20002D446D0B996
:1046E00032E000BF40F20C554EF261514EF26E5274
:1046F000C5F200054FF0010C3446C0F20001C0F2D3
:10470000000208E04EF261514EF26E52C0F200011A
:10471000C0F20002D44671989DF8D0A14EF2545ECA
:104720004EF2775B2B4607904FF02036C0F2000E1A
:104730000D200925C0F2000B0DF5B479FEF749BF35
:1047400040F20C55C5F20005012001210122002391
:1047500000F0E2F9012002210122002300F0DCF93F
:10476000012003210122002300F0D6F901200421B9
:104770000122002300F0D0F90120052101220023AD
:1047800000F0CAF9012006210122002300F0C4F93B
:10479000012007210122002300F0BEF90120082199
:1047A0000122002300F0B8F94EF2A942C0F2000243
:1047B00001200321112300F0AFF90020CDE94600CC
:1047C00040F2000049F2C011C0F28000C0F2800146
:1047D000081A089049F2C0104BF2C031C2F2000032
:1047E000C2F20001081A07904BF2C0304CF2782157
:1047F000C2F20000C2F201014FF400184FF4800B26
:10480000081A0DF1280900245EAE069001E000BFF1
:1048100062B672B6FBF7BEFE4CF2482262B6C2F236
:10482000010290685168BFF35F8F88423AD172B637
:1048300090685168BFF35F8F8842E9D142F2081057
:10484000C4F2000000680028E2D130BFE0E700BFFA
:104850004FF400404FF08071C5F80080C5F800B0FB
:10486000286029604FF4002129604FF0805145F8FD
:10487000041C4FF4006145F8041C4FF00041202354
:1048800045F8041CC5F8FC324FF0804345F8043C61
:1048900045F8040C296090685168BFF35F8F099C4C
:1048A0008842C4D04BF2C031C2F2000111F800A01E
:1048B00001306FF35F20BAF10A0FBFF35F8F906092
:1048C00002D0BAF10D0F65D14FF40040C5F8008059
:1048D000C5F800B028604FF0807028604FF40020C9
:1048E00028604FF080504FF4006145F8040C45F803
:1048F000041C4FF0004145F8041C2021C5F8FC12AF
:104900004FF08041092C45F8041C45F8048C2860C0
:1049100080F0CE80072C40F08B809DF81E01BDF802
:104920001C1146F26D5241EA00404699C7F26D32C1
:10493000514046F2741220F07F40C0F274025040A1
:1049400008434FF0000474D108984CF278235D902E
:104950000798C2F201034F9006984BF6EF645A9005
:104960001868CDF6AD64A0421CD14CF24826002058
:10497000C2F2010619184A68A24219D18A68A242F5
:104980001AD1CA68A2421BD109691030A142F1D0E4
:1049900018E000BF082C4CD246A800F804A001344F
:1049A00047E000BF4CF248260020C2F2010609E0B1
:1049B00040F0040006E000BF40F0080002E000BF45
:1049C00040F00C00409041F20400CEF2000000687C
:1049D000B169D6E90A23411A8918B0615DA843F18B
:1049E00000025E9048F20970C6E90A12CDE952123F
:1049F000C0F200004FA9CDE960105AA9CDE96210BC
:104A000040A95F90CDE9641052A8669048F6E57021
:104A1000C0F200004EF274414DF692325EAE6790E5
:104A20004846C0F20001C0F20002334603F0C0F96C
:104A30000024484651460994FBF7EAFD129C4CB30A
:104A40000020129037A93046B3466CC9212C6CC0A7
:104A500091E86C006CC035D258464946224608F0B1
:104A600039FD64424FF0FF385E4600BF06EB080098
:104A700041784846FBF7CCFD08F1010804EB08003B
:104A80000130F3D140F20C55C5F200054FF4001887
:104A90004FF4800B4CF24822BAF10A0FC2F2010225
:104AA0003FF4D6AEBAF10D0F3FF4D2AEF3E600BF3D
:104AB0004EF2CC43C0F2000300202146082203F04E
:104AC000F3FF00BF4EF2BC43C0F2000300202146BA
:104AD000202203F0E9FF00BF4EF2F843C0F20003CA
:104AE00001202146042203F0DFFF00BF4EF62870AC
:104AF000C0F2000003F0D4FF4EF2B472C0F2000224
:104B00004FF4806103F0FCFD4EF26442C0F20002FB
:104B10005046032103F0F4FDC00708BF7047F0B50D
:104B200003AF2DE9000FA1B098464BF6C013914694
:104B3000C2F20003002221201A7058707F209A7060
:104B4000D870C8B2014643F2C446082828BF0821DD
:104B5000C4F20006002818BF481E3C2143F2041589
:104B6000C6F8C4100421C4F2000548F2814BC6F80F
:104B70008030C6F884104FF40071C0F21E0B2A601A
:104B80002A62EA65C5F8FC10012145F8FC1C59466B
:104B90002A682AB92A6A4AB90139F9D11EE000BF48
:104BA0000021C5F8FC10316818E000BF48F2A06190
:104BB0000122C0F2010145F8F02C00222B684BB90C
:104BC0008A4207D22B682BB92B681BB92B68043299
:104BD000002BF3D00F213160002129624BF6C01366
:104BE0000021C2F20003222219705A709870D87006
:104BF0003C20C6F8C4000420C6F88030C6F8840003
:104C00004FF4007029602962E965C5F8FC000120B5
:104C100045F8FC0C584600BF296829B9296A49B9EA
:104C20000138F9D11EE000BF0020C5F8FC00306853
:104C300018E000BF48F2A0600121C0F2010045F871
:104C4000F01C00212A684AB9814207D22A682AB991
:104C50002A681AB92A680431002AF3D00F2030607C
:104C600000202862A7F19D0A0AF10100802107F0C7
:104C700046FF4EF208554EF6440C40200023C0F289
:104C80000005C0F2000C3E2207F89D0C2946434562
:104C900038BF09EB030191F900101F29C6BF0CEBC7
:104CA000810050F8804C002403EB8301514402EA58
:104CB00044064E7002EA14168E7002EA5426CE7034
:104CC00002EA94360E7102EAD446182B4E711FD0B8
:104CD00001332846434538BF03EB090090F90040F3
:104CE0000133202CA6BF0CEB840050F8804C00242C
:104CF00002EA4400887102EA1410C87102EA5420E2
:104D0000087202EA9430487202EAD4408872BDE721
:104D100043F2C44C4BF6C01E0020C4F2000CC2F299
:104D2000000E00BF1AF800300AEB00020EF8003047
:104D300053789578D47816790EEB00014B708D700E
:104D4000CC700E71537978284B7193798B71D3792C
:104D5000CB71137A0B7207D0537A967AD27A4B7250
:104D60008E720C30CA72DDE73C20CCF8C400812082
:104D700043F20413CCF880E0CCF884000020C4F2A5
:104D8000000318601862D8654FF40070C3F8FC0087
:104D9000012043F8FC0C00BF186858B9186AA8B97C
:104DA000BBF1010BF8D121B0BDE8000FBDE8F04028
:104DB000704700BF0020C3F8FC00DCF8000021B001
:104DC000BDE8000FBDE8F040704700BF48F2A060AA
:104DD0000121C0F2010043F8F01C00211A684AB911
:104DE000814207D21A682AB91A681AB91A680431B6
:104DF000002AF3D00F20CCF800000020186221B068
:104E0000BDE8000FBDE8F0407047D4D4F0B503AF63
:104E10002DE9000F81B04CF24828814641F2040090
:104E2000C2F20108CEF2000000224546036825F8D0
:104E30001C2F55F8040C8A46D5E90341181A47F28D
:104E40000016001947F2145BC4F2000641F2005C40
:104E500041F1000145F8043C0223C4F2000BC0F20A
:104E6000020CC5E90301C6F810340123CBF8002079
:104E7000CBF804C0CBF8DC30CBF8E020CBF8E42052
:104E8000CBF818516FF0FF05CBF81C31C6F8003491
:104E9000326072607261735142F20F7335684DB9BE
:104EA0009A4207D835682DB935681DB9356804327E
:104EB000002DF3D0012246F8FC2C002242F20F73A1
:104EC00075684DB99A4207D875682DB975681DB9CE
:104ED00075680432002DF3D0012246F8F82C002228
:104EE00042F20F7375694DB99A4207D875692DB9A9
:104EF00075691DB975690432002DF3D04FF47A42FB
:104F00000023002408F036FCC6F80044C6F810441C
:104F1000B8F91C20B2F5967F10DA4FF0FF33DAF8BB
:104F20001020A2B193424FF0000C1ED1DAE9002507
:104F3000821A71EB050218D378220CE092B2B2F516
:104F40002F7F0FD90123DAF81020002AEAD14FF081
:104F5000000C4FF4C872121841EB0C059C46CAE9CC
:104F6000002502E000234FF0000CCAF810300023A7
:104F70004246032522F81C3FC6F8105441F2005562
:104F8000C0F20205CBF80030CBF804500125CBF875
:104F9000DC50CBF8E030CBF8E430CBF818216FF0E0
:104FA000FF02CBF81C51C6F8005433607360736184
:104FB000B55042F20F7500BF32684AB9AB4207D80C
:104FC00032682AB932681AB932680433002AF3D039
:104FD0000122002342F20F7546F8FC2C72684AB990
:104FE000AB4207D872682AB972681AB9726804337A
:104FF000002AF3D00122002342F20F7546F8F82C64
:1050000072694AB9AB4207D872692AB972691AB98A
:1050100072690433002AF3D00022C6F80024C6F8CF
:105020001024B8F91C20B2F5967F11DA4FF0FF3347
:10503000DAF81420AAB193424FF0000E1DD1DAE93C
:105040000224821A71EB040217D378300BE000BF00
:1050500092B2B2F52F7F0DD90123DAF81420002A7D
:10506000E9D110F5C87041F10001CAE902019E467C
:1050700003E000BF00234FF0000E40F21051CAF8C9
:105080001430C5F2000108680B680D68096800F467
:105090008050012203F4003305F0020501F4000101
:1050A00082EA103882EA534382EA550582EAD151F6
:1050B0009AF818209AF819409AF81A609AF81B0082
:1050C00082F0010284F0010486F0010680F0010004
:1050D00002EA08021C402E400840C9E900CE89F8C7
:1050E000082089F8094089F80A6089F80B008AF8D5
:1050F00018808AF819308AF81A508AF81B1001B003
:10510000BDE8000FF0BDD4D4F0B503AF2DE9000F1A
:10511000ADF2246D8046006CD7E9029A16461991CB
:1051200005F0B6F84EF6F0610DF54C7BD8F844402A
:10513000C0F200015846382203F09AFFCC98C0070D
:1051400009D00BF1080104F17800A82208F06DFAEB
:105150000020C4F880050820424642F8200F46F699
:105160006E701692C6F26E50424642F8240F47F611
:1051700020104FF02031C7F26540C8E90A01202015
:1051800088F83C00701ECDE94311CDE94511CDF8FA
:105190001B11C8E90C11C8F83810B0FA80F0199941
:1051A0004009084040F20C534FF0000488F85900C1
:1051B0004FF007014FF00400C5F200031092C8F849
:1051C000004018BF0320C8E91410C8F80840586808
:1051D000012500F4805085EA103059685A685B68F0
:1051E0008DF880000BF104001790A7F1E80001F49E
:1051F000003102F0020203F40003CDE91A44CDE9C4
:105200001C44CDE91E440C30A7F1C80485EA514185
:1052100085EA520285EAD3530F9004F10C008DF811
:1052200081108DF882208DF883300E9048465146CB
:105230004FF47A72002308F09DFACDE90C10A7F123
:10524000A80000F15001149100F10B010B9104F141
:1052500012011191A7F13C011131069114303BA9C3
:105260000590081D08900BF10A004CF2482909909E
:1052700001F10A00C2F201094FF4001A07901596D5
:10528000D8F84410584602F07BF8CC98012800F07A
:10529000E7861998C00700F01784D8F8444094F8BE
:1052A0001801864240F0108458464FF4017108F00E
:1052B0000AFA04F17800594604F034FF48A8594628
:1052C0004FF4017208F006F940F20C53C5F20003E6
:1052D000586859685A685B6800F48050012601F4E8
:1052E000003186EA103086EA514102F0020203F4EE
:1052F000000386EA520286EAD3534FF0000A07F809
:10530000D00C07F8CF1C4046002147E93AAA47E9EC
:1053100038AA47E936AA07F8CE2C07F8CD3CC8F8DA
:1053200008A001F08BFA4046012101F087FA4046BF
:10533000022101F083FA4046032101F07FFA404642
:10534000042101F07BFA4046052101F077FA40463E
:10535000062101F073FA4046072101F06FFA72B698
:10536000FBF718F962B6D9F80800D9F80410BFF3B2
:105370005F8F884240F06C8600201890C9A8A7F182
:10538000E801FFF743FD9DF82E032024002800F0DC
:10539000A18117994FF020300C76C1E90000C1E9D6
:1053A0000200C1E904001199CDF830A308604860FB
:1053B000C1F807000E2047F8C80C46F64560C6F64F
:1053C000671047F8C40C46F26E50C7F2200047F849
:1053D000C00C46F26C10C6F2795047F8BC0C169817
:1053E000026843F664201A2A27F8B80C80F0D687A2
:1053F000A7F1A805109928464FF0000A03F079FBA1
:10540000A7F1A80207CA2B4600280DF5A8601CBF0B
:105410000121002247F8A80C47F68110CDF840156D
:10542000CDF84425C0F200004EF20C514DF67752F3
:1054300047F8A40C5846C0F20001C0F2000202F086
:10544000B7FC58466CC8A7F13C016CC190E86C00F1
:105450006CC1D8F8000001282ED1D8F8040047F616
:10546000BF41884246DD179A4FF02031C2E9001152
:10547000C2E90211C2E9041147F60151081A00EB12
:10548000D0704010CDF83C050DF23C50CDF84005F1
:1054900048F6E1601476C0F200004EF20C514DF671
:1054A0007952CDF830A3CDF844055846C0F200013A
:1054B000C0F2000293E000BF0B9942F22000088284
:1054C0004FF02030C860886048600860072047F8C7
:1054D000A80C47F24560C6F6614047F8A40C42F2BA
:1054E0003A0027F8A00C2D2007F89E0CA7F1A8037E
:1054F00084E000BF48F24131CFF6FF718842524646
:1055000028DA179B4FF02031C3E90011C3E90211DB
:10551000C3E9041147F60151084400EBD070401074
:10552000CDF83C050DF23C50CDF8400548F6E16061
:105530009246CC92C0F200004EF20C514DF6017230
:10554000CDF844055846C0F20001C0F200021C76B6
:1055500045E000BF2B21002844BF2D214042179B6E
:10556000CDF834154FF02031C3E90011C3E9021121
:10557000C3E9041181B29246CC92890841F27B4280
:105580005143490C6FF0630211FB020080B2CDF869
:105590003C050DF23450CDF8400548F64160CDF899
:1055A0003815C0F2000048F61361CDF844050DF53A
:1055B000A760C0F20001CDF84805CDF84C150DF2FA
:1055C0003C50CDF854154EF20C514EF2BC521C76A4
:1055D000CDF850055846C0F20001C0F200020DF5AA
:1055E000A86302F0E5FBA7F1A803A446BBE874009A
:1055F000184674C09BE8740074C0644698F858005C
:10560000A7F1C801A7F13C0201F0CAF841F2040079
:10561000CEF200000268D9F81800D9E90A13101A6E
:10562000401843F10001C9F818204FF47A420023D2
:10563000C9E90A0108F09EF840F6C412851841F144
:10564000000600BF41F20400CEF200000268D9F863
:105650001800D9E90A13101A401843F10001C9F8DB
:1056600018204FF47A420023C9E90A0108F082F8B1
:10567000401B71EB06000DD272B6FAF78BFF62B6D3
:10568000D9F80800D9F80410BFF35F8F8842D9D049
:1056900000F0DEBC4046002101F0D0F84046012178
:1056A00001F0CCF84046022101F0C8F84046032141
:1056B00001F0C4F84046042101F0C0F8404605213D
:1056C00001F0BCF84046062101F0B8F84046072139
:1056D00001F0B4F89DF82FB30DF5907CBBF1000FED
:1056E00005D0D8F80800002864D0C8F808A09DF8B4
:1056F0002C034FF0000A002800F0FE8098F85900B3
:10570000D8E91421002814BFC1F10701C2F1070232
:1057100001EBC2003F2800F25586D8F84410D8E9C2
:1057200002260B1893F8D830861B18BF01260F2BC2
:105730001CBF82F0010456EA040600F0DF8091F8F5
:105740001811B1EBD30F40F0D980C899B1F5807F23
:1057500000F22E860CEB410349006446002900F05C
:10576000CD80264636F8025B05F03F05A8421BD0E7
:105770009E4200F0C380668806F03F06B04213D018
:10578000261D9E4200F0BA80A68806F03F06B04271
:105790000AD0A61D9E4200F0B180E688083406F0CB
:1057A0003F060839B042D9D10122C8E902204FF0A2
:1057B000010BA3E01898C00740F0DE8517994FF061
:1057C00020300C76C1E90000C1E90200C1E9040003
:1057D0000699A7F1A8020860486088600D2147F883
:1057E0003C1C47F25021C7F2653147F8381C42F2A1
:1057F0007301C2F2420147F8341C46F26171C6F6E9
:10580000611147F8301C6E2107F82C1C0599CCABB0
:10581000C1E90000102047F8A80C46F67470C7F2E2
:10582000201047F8A40C46F67510C2F2740047F831
:10583000A00C46F67400C2F2650047F89C0C46F2D4
:105840006710C6F26D5047F8980C98F858000C7223
:10585000A7F13C01CDF830A300F0A2FF41F2040013
:10586000CEF200000268D9F81800D9E90A13101A1C
:10587000401843F10001C9F818204FF47A42002380
:10588000C9E90A0107F076FF10F5966441F10006B8
:1058900041F20400CEF200000268D9F81800D9E9FC
:1058A0000A13101A401843F10001C9F818204FF4E8
:1058B0007A420023C9E90A0107F05CFF001B71EB83
:1058C00006000DD272B6FAF765FE62B6D9F8080086
:1058D000D9F80410BFF35F8F8842D9D0B8E300BF76
:1058E000012018900DF5907C9DF82C034FF0000AD4
:1058F00000287FF403AF00BFD8F808209DF82D03DF
:10590000012845D1002A43D098F85930D8E914121B
:10591000002B13460E46D8F80C0014BFC3F1070342
:10592000C6F1070603EBC60383420DD1DDE9C9309A
:10593000C8F808A053EA000646D0B3FA83F6760901
:105940004FF0010B33E000BFC899B1F5807F00F242
:105950002F85E9B14900002203E000BF02329142E5
:1059600016D03CF8026006F03F05A842F6D1C6F317
:105970008515AB42F2D106F44045B5F5804F40F0B5
:10598000FF8206F44055B5F5405FE7D1F8E200BF6D
:10599000DDE9C93053EA000104D1BBF1000F13D196
:1059A00033E000BFB3FA83F6D8E9141276091A443B
:1059B000084482F3030280F30304BBF1000FC8E93B
:1059C000144275D0002018904046002100F036FFA8
:1059D0004046012100F032FF4046022100F02EFF38
:1059E0004046032100F02AFF4046042100F026FF34
:1059F0004046052100F022FF07240621404600F022
:105A00001DFF2146404600F019FF41F20400CEF28E
:105A100000000268D9F81800D9E90A13101A4018D2
:105A200043F10001C9F818204FF47A420023C9E974
:105A30000A0107F09FFE10F1640541F1000600BF66
:105A400041F20400CEF200000268D9F81800D9E94A
:105A50000A13101A401843F10001C9F818204FF436
:105A60007A420023C9E90A0107F084FE401B71EB6A
:105A700006000DD272B6FAF78DFD62B6D9F80800AD
:105A8000D9F80410BFF35F8F8842D9D0E0E200BF9D
:105A900072B6FAF77FFD62B6D9F80800D9F804109B
:105AA0000DF54C7B8842BFF35F8F3FF467ACCFE2CC
:105AB0008C4205D1002E4FF000001890A2D0A4E730
:105AC000002018909AE700BF1998CDF8608040F246
:105AD0000C58C5F200084FF4800528BB189C002123
:105AE000204600F0ABFE2046012100F0A7FE204634
:105AF000022100F0A3FE2046032100F09FFE204675
:105B0000042100F09BFE2046052100F097FE204670
:105B1000062100F093FE2046072100F08FFED8F802
:105B20000400000240F1A283189890F85800002861
:105B30006CD0179920224FF020300A76C1E900007E
:105B4000C1E90200C1E904000F99D146C1E9000092
:105B5000C1E902000A7446F64D71C6F26E1147F8AB
:105B6000E41C42F27301C7F2693147F8E01C0821D6
:105B700047F8E81C0E990DF5907AC1E90000C1E9DB
:105B8000020046F67400C6F6696047F8C40C46F693
:105B90006B10C6F26E7047F8C00C42F62E600A74A5
:105BA00027F8BC0C2E2007F8BA0C0B2047F8C80CBD
:105BB0000020CC900C984EF20C5147F8A40C0D9894
:105BC0004DF63E4247F8A80CA7F1A800489048F6C9
:105BD000E570C0F2000049905846C0F20001C0F2E2
:105BE0000002534602F0E4F8BBE86C0051466CC179
:105BF0009BE86C0001206CC1A7F1E801A7F1C80285
:105C000053464FF48005CA4600F0CAFD4FF40040E9
:105C1000C8F800A0C8F80050C8F800004FF0807025
:105C2000C8F800004FF40020C8F800004FF0805181
:105C30004FF4006048F8041C48F8040C4FF0004092
:105C400048F8040C4FF0200B4FF08040C8F8FCB22D
:105C500048F8040C48F804ACC8F8001014984FF049
:105C6000000BC0E900BBC0E902BBF868189A47F80E
:105C70007C0CB868156C47F8800C966C48F2F810EC
:105C80000121284447E92ABB47E926BB47F868BCFD
:105C900047F884BC47F8881C47F860BC47E91EBB3E
:105CA00007F848BCA6F82510C172546CD1460DF512
:105CB000907A139004F178015046A8220A9107F0D7
:105CC000B4FC2046D4F88045812C80F05D8312908E
:105CD00000F59073284631465246A7F1A805049373
:105CE000CDE90045FBF722FFADF840050004139B0A
:105CF0004FF4800083F80BB086F825B0C8F8009008
:105D0000C8F800004FF400404FF08071C8F8000060
:105D1000C8F800104FF40021C8F800104FF080516F
:105D200048F8041C4FF4006148F8041C4FF000418F
:105D30004FF0200B4FF0804248F8041CC8F8FCB22A
:105D400048F8042C48F8040CC8F8001096F826000F
:105D50006CD000286AD19DF8C0011968002818BFCE
:105D60004942DDF860800120C8E9000117994FF031
:105D70002030C1E90000C1E90200C1E904000DF5CD
:105D8000A86047F83C0C4CF6F91081F818B0C0F246
:105D900000000DF54C7A4EF20C514DF67752A7F1FA
:105DA0003C054FF0000B47F8380C5046C0F200019C
:105DB000C0F200022B46CDF830B301F0F9FF504697
:105DC0005CC829465CC190E85C005CC116995CCD5A
:105DD0005CC195E85C005CC1129E0A9DD6E92E105C
:105DE000BDF840450391139050462946A82207F07C
:105DF0001CFC50462146FEF355F29DF8D3034CF2AD
:105E00004829C2F2010938B3D6F88005DDF854B04C
:105E1000802825D1049C06F5947120464FF47E72AB
:105E200007F0A6FB7F204FF4001A1FE0159EDDF857
:105E300060804CF2482900280DF54C7B4FF4001A85
:105E4000C2F2010940F00A82D8F84410D1E93202C6
:105E5000104326D1FFF714BA159E4FF4001A0FE035
:105E6000049C7F284FF4001A00F2B482039A5E4625
:105E700044F83020139A04EBC00100F1010B4A6092
:105E80001298A822C0F880B50DF54C7B28465946DB
:105E900007F0CBFBD8F84410D1E9320210433FF4AD
:105EA000EFA9584601F06CFACC9800287FF4E8A9D5
:105EB000099843AC2146132206F089FE0620CC90B7
:105EC00046F64300C6F26530CD9042F26B10089959
:105ED000ADF838034FF02030086042F2200088808F
:105EE00007982146132206F072FE98F85800002108
:105EF0003BAA3B915946134600F052FC41F2040084
:105F0000CEF200000268D9F81800D9E90A13101A75
:105F1000401843F10001C9F818204FF47A420023D9
:105F2000C9E90A0107F026FC10F5487441F10005A3
:105F300041F20400CEF200000268D9F81800D9E955
:105F40000A13101A401843F10001C9F818204FF441
:105F50007A420023C9E90A0107F00CFC001B71EB2F
:105F60000500BFF48DA972B6FAF714FB62B6D9F832
:105F70000800D9F80410BFF35F8F8842D8D06DE1D4
:105F8000D8F84440CCADD4E92E0104F1780B13913C
:105F9000189028465946A82207F047FB2846314664
:105FA000FEF380F19DF8D30370B1D4F8800580280A
:105FB0000CD104F5907004F594714FF47E7207F0E3
:105FC000D7FA7F2005E000BF002009E07F2800F21B
:105FD0000182189A139B04EBC0010130C1E94823E8
:105FE000C4F8800558460DF54C7B5946A82207F0A9
:105FF0001CFB40460021C8F808A000F01FFC4046EA
:10600000012100F01BFC4046022100F017FC404635
:10601000032100F013FC4046042100F00FFC404631
:10602000052100F00BFC4046062100F007FC40462D
:10603000072100F003FC159E4FF4001AD8F8441015
:10604000D1E9320210437FF42CAFFFF719B900BF3A
:10605000002606F001000DF2246DBDE8000FF0BD32
:10606000179EA7F1A8050FCE0FC596E80F000FC524
:106070000BF124004EC848AD4EC590E84E00404696
:106080004EC5002100F0DAFB4046012100F0D6FBAE
:106090004046022100F0D2FB4046032100F0CEFB37
:1060A0004046042100F0CAFB4046052100F0C6FB33
:1060B0004046062100F0C2FB4046072100F0BEFB2F
:1060C00041F20400CEF200000268D9F81800D9E9C4
:1060D0000A13101A401843F10001C9F818204FF4B0
:1060E0007A420023C9E90A0107F044FB40F2DC527E
:1060F000841841F1000500BF41F20400CEF2000017
:106100000268D9F81800D9E90A13101A401843F1A7
:106110000001C9F818204FF47A420023C9E90A01A6
:1061200007F028FB001B71EB05000DD272B6FAF7E1
:1061300031FA62B6D9F80800D9F80410BFF35F8FBE
:106140008842D9D08AE000BF23AC04F10A0043A9F9
:10615000132206F03CFD43F64320C6F6205024905F
:1061600046F66560ADF8940075208DF8960007211D
:1061700098F858002391A7F1A80148AA234600F0F7
:106180000FFB72B6FAF706FA62B6D9F80800D9F82A
:106190000410BFF35F8F884260D1A7F13C080DF176
:1061A000680A40465146FEF731FE17F8340C17F8DE
:1061B000311C40EA0106F0077FF44BAF41F20400C6
:1061C000CEF200000268D9F81800D9E90A13101AB3
:1061D000401843F10001C9F818204FF47A42002317
:1061E000C9E90A0107F0C6FA10F1640441F100059B
:1061F00041F20400CEF200000268D9F81800D9E993
:106200000A13101A401843F10001C9F818204FF47E
:106210007A420023C9E90A0107F0ACFA001B71EBCE
:1062200005000DD272B6FAF7B5F962B6D9F80800D2
:10623000D9F80410BFF35F8F8842D9D009E700BFB7
:1062400072B6FAF7A7F962B6D9F80800D9F80410BF
:1062500000268842BFF35F8FA3D0FAE6002606F03F
:1062600001000DF2246DBDE8000FF0BD2BAC43AE74
:1062700004F10A003146132206F0A9FC46F25350FD
:10628000C6F26C602C9047F22D00C6F26C102D9077
:1062900079208DF8B800092033AD2B9005F10A0064
:1062A0003146132206F093FC47F27340C7F26F00A9
:1062B000349046F27050ADF8D40064208DF8D600CA
:1062C0000720339042F22000ADF838034FF0203021
:1062D000CD9009983146132206F079FC18980021D8
:1062E00090F85800CC9121462A465B4600F058FAB7
:1062F00041F20400CEF200000268D9F81800D9E992
:106300000A13101A401843F10001C9F818204FF47D
:106310007A420023C9E90A0107F02CFA40F2DC5264
:10632000841841F10005002641F20400CEF200007D
:106330000268D9F81800D9E90A13101A401843F175
:106340000001C9F818204FF47A420023C9E90A0174
:1063500007F010FA001B71EB05000DD272B6FAF7C8
:1063600019F962B6D9F80800D9F80410BFF35F8FA5
:106370008842D9D06DE600BF012606F001000DF27B
:10638000246DBDE8000FF0BD4EF24453C0F200038F
:1063900000202146802202F087FB00BF4EF23453DA
:1063A000C0F2000300201146192202F07DFB00BF5D
:1063B0004EF6D843C0F2000300204FF4807202F082
:1063C00073FB00BF4EF22452C0F20002402102F0E3
:1063D00097F900BF4EF6F032C0F20002802102F0C1
:1063E0008FF9D4D4F0B503AF2DE9000FB5B007F1A4
:1063F000080C93468946D7E906549CE8461098460F
:106400004B1B72EB040323462C463CBF13460C4641
:10641000891B72EB0C0140F210513CBF34466346BD
:10642000CDE90243C5F200010A6801900B680C68CF
:10643000096802F48050012201F4000182EAD1517E
:1064400082EA103003F4003304F002048DF82B10BC
:106450004EF28C5122AD82EA534382EA5404002664
:106460008DF82800C0F2000128460322CDE9046619
:10647000CDE90666CDE908668DF829308DF82A4009
:1064800002F037FB22AA07CA002300281CBF012103
:10649000002299F858900D910E9248460121012250
:1064A000FEF73AFB4846022101220023FEF734FBA7
:1064B0004846032101220023FEF72EFB4846042113
:1064C00001220023FEF728FB484605210122002374
:1064D000FEF722FB4846062101220023FEF71CFBA3
:1064E0004846072101220023FEF716FB48460821F3
:1064F00001220023FEF710FB484602215A4643467C
:10650000FEF70AFB02A81A9049F22700C0F2000029
:106510001B900DA81C9047F68110C0F200004EF2AF
:106520000C514DF627720DF1680B4FF020344FF0EF
:1065300020081D90C0F20001C0F2000228465B4610
:10654000CDE92E44CDE93044CDE932448DF8D080F8
:10655000CDE92344CDE92544CDE927448DF8A48035
:10656000229601F025FC29466CC958466CC091E87A
:106570006C0004216CC00BF1040648463246192316
:10658000FEF7CAFA0FA8021D43F65920C2F62B7077
:10659000109042F22D00C3F64320119044F64F3084
:1065A000C4F22020129046F23A20C6F261301390D5
:1065B0006B20CDE914448DF8500011200F9048460F
:1065C000062119238DF85880FEF7A6FA72B6F9F75E
:1065D000E1FF4CF2482B62B6C2F2010BDBF8080077
:1065E000DBF80410BFF35F8F884240F0AF8041F2C8
:1065F000040822A8CEF2000804300DF15C0A04A9B8
:1066000000905046FEF702FC189800284DD0DDE9B6
:106610000212B246BE69091AFB6962EBE0708A1B7E
:1066200070EB030232463E693CBF0A460346891BB3
:1066300079698841B8BF32460292B8BF0B460393CE
:106640002EA9DDF800C07DC9ACE87D00087822AC39
:106650008CF800000020229002A82A9049F227001E
:10666000C0F200002B900DA82C9047F68110C0F2CC
:1066700000004EF20C514DF627722D902046C0F2CC
:106680000001C0F200022AAB01F092FB6CCC1AA808
:106690006CC094E86C0004216CC0564648463246F3
:1066A00019230DF15C0AFEF737FA9DF86400002803
:1066B00060D19DF8670000286AD1D8F80020DBF887
:1066C0001800DBE90A13101A401843F10001CBF857
:1066D00018204FF47A420023CBE90A0107F04AF868
:1066E00010F1640441F10005D8F80020DBF818002F
:1066F000DBE90A13101A401843F10001CBF8182007
:106700004FF47A420023CBE90A0107F033F8001B6B
:1067100071EB05000CD272B6F9F73CFF62B6DBF8FC
:106720000800DBF80410BFF35F8F8842DCD017E06D
:1067300072B6F9F72FFF62B6DBF80800DBF8041039
:10674000BFF35F8F884204A93FF45BAF0198022139
:106750000022C0E9001235B0BDE8000FF0BD00BF57
:10676000019A00200221C2E9001035B0BDE8000FF7
:10677000F0BD00BFDDE90201019E00220123C6E950
:106780000032C6E9020135B0BDE8000FF0BD00BF20
:1067900001990020C1E9000035B0BDE8000FF0BD4F
:1067A000F0B503AF4DF8048D984616460C4601210E
:1067B000012200230546FEF7AFF9284602210122F7
:1067C0000023FEF7A9F92846032101220023FEF742
:1067D000A3F92846042101220023FEF79DF928464B
:1067E000052101220023FEF797F928460621012200
:1067F0000023FEF791F92846072101220023FEF726
:106800008BF92846082101220023FEF785F9221D75
:10681000284603211923FEF77FF9321D284604215B
:106820001923FEF779F908F10402284605211923F6
:106830005DF8048BBDE8F040FEF76EB9F0B503AF2C
:106840002DE9000F89B020228DF820204FF0203252
:10685000CDE90622CDE90422CDE90222002290F8FA
:10686000598001920A46B8F1000F08BFC2F1070231
:106870004FEAC20C026D436CD0E9025E8A46914237
:1068800003F1D80B14D1B8F1000F66464CF00701A4
:1068900018BF0E46BCF13F0F00F266851BF80620BC
:1068A000D0F854900F2ACDF800A025D12E2335E042
:1068B000E90711D0B8F1000F66464CF0070118BF88
:1068C0000E46BCF13F0F00F24F851BF806200F2A41
:1068D00048D12E2358E000BFB8F1000F36D0BCF1EC
:1068E0003F0F4CF0070200F249851BF802200F2AE7
:1068F00040F06E832E237DE302F00703052B00F2A8
:106900002B854EF64874C0F20004E35C072A05D8D4
:10691000A3F161021A2A38BF83F020035FEAC57A27
:106920000CD0B9F1000F00F07181B6454FF0200690
:106930004FF0200504BF282529266FE1B9F1000F8B
:1069400000F06A812025202668E100BFBCF13F0FDE
:1069500000F20B851BF80C200F2A40F057832E23E2
:1069600066E300BF02F00703052B00F2F5844EF644
:106970004874C0F20004E35C072A05D8A3F1610261
:106980001A2A38BF83F020032022B64508BF2822E8
:106990004FF0200408BF29248DF8082001228DF82B
:1069A00009308DF80A40B8F1000F18BF06224CEAF2
:1069B00002051BF8052020260F2A01D12E2311E005
:1069C00002F00703052B00F2C7844EF64874C0F2AC
:1069D0000004E35C072A05D8A3F161021A2A38BF34
:1069E00083F020032022AE4508BF292608BF2822B5
:1069F0008DF80B2002228DF80C308DF80D60B8F167
:106A0000000F18BF05224CEA02051BF805200F2ACB
:106A100002D12E2312E000BF02F00703052B00F283
:106A20009B844EF64874C0F20004E35C072A05D844
:106A3000A3F161021A2A38BF83F020032022AE4559
:106A400008BF28224FF0200408BF29248DF80E200B
:106A500003228DF80F308DF81040B8F1000F18BFE9
:106A600004224CEA02051BF8052020260F2A01D13A
:106A70002E2311E002F00703052B00F26D844EF681
:106A80004874C0F20004E35C072A05D8A3F1610250
:106A90001A2A38BF83F020032022AE4508BF2926DA
:106AA00008BF28228DF8112004228DF812308DF8AD
:106AB0001360B8F1000F18BF03224CEA02051BF85F
:106AC00005200F2A02D12E2312E000BF02F0070397
:106AD000052B00F241844EF64874C0F20004E35CDA
:106AE000072A05D8A3F161021A2A38BF83F02003D0
:106AF0002022AE4508BF28224FF0200408BF2924D9
:106B00008DF8142005228DF815308DF81640B8F157
:106B1000000F18BF02224CEA02051BF805202026B0
:106B20000F2A01D12E2311E002F00703052B00F2FA
:106B300013844EF64874C0F20004E35C072A05D8BB
:106B4000A3F161021A2A38BF83F020032022AE4548
:106B500008BF292608BF28228DF8172006228DF8A5
:106B600018308DF81960B8F1000F18BF01224CEAF7
:106B700002051BF805200F2A02D12E2312E000BFC8
:106B800002F00703052B00F2E7834EF64874C0F2CB
:106B90000004E35C072A05D8A3F161021A2A38BF72
:106BA00083F020032022AE4508BF28224FF02004A6
:106BB00008BF29248DF81A208DF81B308DF81C4051
:106BC000B8F1000F18BF61461BF8012020240F2ADE
:106BD00002D12E2312E000BF02F00703052B00F2C2
:106BE000BB834EF64876C0F20006F35C072A05D850
:106BF000A3F161021A2A38BF83F0200320268E45B4
:106C000008BF292408BF282693E300BFB64503D157
:106C10007D267B2502E000BF5D265B2501228DF8E5
:106C200008508DF809308DF80A60B8F1000F18BFD0
:106C300006224CEA02061BF806200F2A02D12E2358
:106C400012E000BF02F00703052B00F285834EF629
:106C50004874C0F20004E35C072A05D8A3F161027E
:106C60001A2A38BF83F02003BAF1000F08D0B9F117
:106C7000010F0BD1B64506D17D267B2512E000BF62
:106C8000B9F1010F0CD15D265B250BE0B6454FF045
:106C900020064FF0200504BF2825292602E000BF6A
:106CA0002025202602228DF80B508DF80C308DF80F
:106CB0000D60B8F1000F18BF05224CEA02061BF860
:106CC00006200F2A02D12E2312E000BF02F0070394
:106CD000052B00F241834EF64874C0F20004E35CD9
:106CE000072A05D8A3F161021A2A38BF83F02003CE
:106CF000BAF1000F08D0B9F1020F0BD1B64506D199
:106D00007D267B2512E000BFB9F1020F0CD15D2674
:106D10005B250BE0B6454FF020064FF0200504BF81
:106D20002825292602E000BF2025202603228DF8F1
:106D30000E508DF80F308DF81060B8F1000F18BFAD
:106D400004224CEA02061BF806200F2A02D12E2349
:106D500012E000BF02F00703052B00F2FD824EF6A1
:106D60004874C0F20004E35C072A05D8A3F161026D
:106D70001A2A38BF83F02003BAF1000F08D0B9F106
:106D8000030F0BD1B64506D17D267B2512E000BF4F
:106D9000B9F1030F0CD15D265B250BE0B6454FF032
:106DA00020064FF0200504BF2825292602E000BF59
:106DB0002025202604228DF811508DF812308DF8F0
:106DC0001360B8F1000F18BF03224CEA02061BF84B
:106DD00006200F2A02D12E2312E000BF02F0070383
:106DE000052B00F2B9824EF64874C0F20004E35C51
:106DF000072A05D8A3F161021A2A38BF83F02003BD
:106E0000BAF1000F08D0B9F1040F0BD1B64506D185
:106E10007D267B2512E000BFB9F1040F0CD15D2661
:106E20005B250BE0B6454FF020064FF0200504BF70
:106E30002825292602E000BF2025202605228DF8DE
:106E400014508DF815308DF81660B8F1000F18BF8A
:106E500002224CEA02061BF806200F2A02D12E233A
:106E600012E000BF02F00703052B00F275824EF618
:106E70004874C0F20004E35C072A05D8A3F161025C
:106E80001A2A38BF83F02003BAF1000F08D0B9F1F5
:106E9000050F0BD1B64506D17D267B2512E000BF3C
:106EA000B9F1050F0CD15D265B250BE0B6454FF01F
:106EB00020064FF0200504BF2825292602E000BF48
:106EC0002025202606228DF817508DF818308DF8D1
:106ED0001960B8F1000F18BF01224CEA02061BF836
:106EE00006200F2A02D12E2312E000BF02F0070372
:106EF000052B00F231824EF64874C0F20004E35CC8
:106F0000072A05D8A3F161021A2A38BF83F02003AB
:106F1000BAF1000F08D0B9F1060F0BD1B64506D172
:106F20007D267B2512E000BFB9F1060F0CD15D264E
:106F30005B250BE0B6454FF020064FF0200504BF5F
:106F40002825292602E000BF202520268DF81A508A
:106F50008DF81B308DF81C60B8F1000F18BF61462A
:106F60001BF801200F2A01D12E2311E002F00703A4
:106F7000052B00F2F1814EF64876C0F20006F35C74
:106F8000072A05D8A3F161021A2A38BF83F020032B
:106F9000BAF1000F0AD0DDF800A0B9F1070F0DD14A
:106FA0008E4508D17D247B26C3E100BFDDF800A01B
:106FB000B9F1070F0AD15D245B26BAE1202420260F
:106FC0008E4504BF28262924B3E100BF2026AFE167
:106FD00002F00703052B00F2BF814EF64871C0F2A4
:106FE0000001CB5C072A05D8A3F161011A2938BF3B
:106FF00083F0200320268DF809308DF80A600BEB12
:107000000C0295790F2D1FD12E232FE002F00703DC
:10701000052B00F2A1814EF64871C0F20001CB5C55
:10702000082A05D2A3F161011A2938BF83F0200391
:1070300020260BEB0C028DF809308DF80A6055788C
:107040000F2D1FD12E232FE005F00703052B00F293
:1070500083814EF64871C0F20001CB5C072D05D844
:10706000A3F161011A2938BF83F020038DF80B606A
:107070008DF80C308DF80D6056790F2E20D12E230F
:1070800030E000BF05F00703052B00F265814EF6E6
:107090004871C0F20001CB5C072D05D8A3F1610156
:1070A0001A2938BF83F020038DF80B608DF80C305F
:1070B0008DF80D6096780F2E20D12E2330E000BF82
:1070C00006F00703052B00F247814EF64871C0F227
:1070D0000001CB5C072E05D8A3F161011A2938BF46
:1070E00083F0200320268DF80E608DF80F308DF888
:1070F000106015790F2D1FD12E232FE006F0070306
:10710000052B00F229814EF64871C0F20001CB5CDC
:10711000072E05D8A3F161011A2938BF83F0200397
:1071200020268DF80E608DF80F308DF81060D57820
:107130000F2D1FD12E232FE005F00703052B00F2A2
:107140000B814EF64871C0F20001CB5C072D05D8CB
:10715000A3F161011A2938BF83F020038DF8116073
:107160008DF812308DF81360D6780F2E20D12E2393
:1071700030E000BF05F00703052B00F2ED804EF66E
:107180004871C0F20001CB5C072D05D8A3F1610165
:107190001A2938BF83F020038DF811608DF8123062
:1071A0008DF8136016790F2E20D12E2330E000BF0A
:1071B00006F00703052B00F2CF804EF64871C0F2AF
:1071C0000001CB5C072E05D8A3F161011A2938BF55
:1071D00083F0200320268DF814608DF815308DF88B
:1071E000166095780F2D1FD12E232FE006F0070390
:1071F000052B00F2B1804EF64871C0F20001CB5C65
:10720000072E05D8A3F161011A2938BF83F02003A6
:1072100020268DF814608DF815308DF8166055799C
:107220000F2D1FD12E232EE005F00703052B00F2B2
:1072300093804EF64871C0F20001CB5C072D05D853
:10724000A3F161011A2938BF83F020038DF817607C
:107250008DF818308DF8196056780F2E1ED12E2318
:107260002DE000BF05F00703052B75D84EF64871D9
:10727000C0F20001CB5C072D05D8A3F161011A29EA
:1072800038BF83F020038DF817608DF818308DF823
:10729000196096790F2E2FD12E233EE006F00703BA
:1072A000052B59D84EF64871C0F20001CB5C072E71
:1072B00005D8A3F161011A2938BF83F020032026E5
:1072C0008DF81A608DF81B308DF81C6012780F2A2B
:1072D0002DD002F00703052B3ED84EF64871C0F2C0
:1072E0000001CB5C072A23D8A3F161011A2938BF1A
:1072F00083F020031CE000BF06F00703052B2BD80A
:107300004EF64871C0F20001CB5C072E05D8A3F100
:1073100061011A2938BF83F0200320268DF81A60F6
:107320008DF81B308DF81C60D2790F2AD1D12E2315
:10733000202401A990F858000A1D8DF81E300AF18A
:10734000010119238DF81D608DF81F40FDF7E4FB46
:1073500009B0BDE8000FF0BD4EF2AC52C0F2000221
:107360001846062101F0CCF9B4464EF29C52C0F208
:1073700000026046402101F0C3F900BF9446F4E7E3
:10738000F0B503AF2DE9000FADF5097D08AE8846D5
:10739000824601F1780530464FF4017106F093F909
:1073A0002846314602F0BEFE8898D8B398F81B01F3
:1073B000632840F2938042F22001AAF81F100721AF
:1073C000CAF8041047F24421C7F26171CAF80810E4
:1073D00046F220212020AAF80C1079218AF84000DA
:1073E0004FF020308AF80E100C2143F2350247F29C
:1073F0006F6347F272560AF1240CCAF80F00CAF8FC
:107400001300CAF81700CAF81B00C6F62D52C2F2C4
:107410006503C6F26C568CE84E00CAE90D00CAF846
:107420003C0095E2D8E9320108437BD098F8180176
:107430004EF2CF524EF2D951C0F2000200284FF066
:107440002000C0F2000108BF0A468DF83C00002071
:10745000089004A8069047F681100492C0F200003C
:107460004EF20C514DF677524FF00A084FF020358E
:107470000790C0F20001C0F2000206AB3046CDF822
:107480001480CDE90D55CDE90B55CDE9095500F036
:107490008FFC1ECE0AF124001EC096E81E001EC0FE
:1074A00046F6430046F66B5142F26512C6F265306D
:1074B000C7F26141AAF810200122CAF81250CAF896
:1074C0001650CAF81A50CAF81D50CAE90028CAE96D
:1074D00002010DF5097DBDE8000FF0BD08F1900631
:1074E000D8E91E014CCED8F89C50104319432943CB
:1074F0003043084350D0D8F88015812980F0388275
:10750000002900F02D82D8E92E0208F5907904298F
:1075100001F0030480F0A48000230026002C40F03A
:10752000C181DBE142F22000AAF83F004FF0203099
:10753000CAF83B00CAF83700CAF83300CAF811008D
:10754000CAF81500CAF81900CAF81D000920CAF8BF
:10755000040047F25340C6F66140CAF8080046F6F8
:107560006550C7F26140CAF80C0065208AF8100027
:107570000B2047F2494146F220120AF12403C7F2D8
:107580002731C6F2204207C346F27210AAF8300033
:1075900077208AF83200DBE1D8E92023D8E9221CE1
:1075A00041EA02054CEA03066C1E66F10000254024
:1075B0003040284315D052EA03009CD145F2AA522C
:1075C00041EA0C00C5F2AA5210421FBF4AF65520EC
:1075D000CAF65520014000EA0C0018BF50EA01002D
:1075E00089D10721CAF8041047F24421C7F261711A
:1075F000CAF8081046F22021AAF80C10792142F2AC
:1076000020008AF80E10152146F6696246F266637C
:1076100046F2695646F6205547F265240AF1240CD5
:10762000AAF81F004FF02030C7F27352C6F2693338
:10763000C7F26E46C7F26145C6F269148CE84E0087
:107640006C21CAF81B00CAF81700CAF81300CAF860
:107650000F00CAE90D548AF83C10CAF83D0077E1E2
:107660000E1F012303EB96030C2E03F00306CDE956
:107670000194039604D24FF0000C002681E000BF75
:1076800023F0030B08F5CC744FF0000C002600BF6C
:10769000A4F1780E9EE8284054F86C9C5540434075
:1076A0002B4389EA02038EEA000508BF01362B430B
:1076B00008BF013654E91A530CF1100C53404540F1
:1076C0002B4308BF013654E91853534045402B4320
:1076D00008BF013654E91653534045402B4308BFB9
:1076E000013654E91453534045402B4308BF01363B
:1076F00054E91253534045402B4308BF013654E927
:107700001053534045402B4308BF013654E90E53F4
:10771000534045402B4308BF013654E90C535340B6
:1077200045402B4308BF013654E90A5353404540B6
:107730002B4308BF013654E90853534045402B43BF
:1077400008BF013654E90653534045402B4308BF58
:10775000013654E90453534045402B4308BF0136DA
:1077600054E90253534045402B4308BF0136F4E827
:107770002053534045402B4308BF0136BBF1040B57
:1077800086D1039CDDF80490002C00F0878009EB83
:10779000CC0359F83C505B684540534008F5947E53
:1077A0002B430EEBCC0308BF01365EF83C505B6800
:1077B0004540534008F5987B2B430BEBCC0308BFA7
:1077C00001365BF83C505B684540534008F59C78B7
:1077D0002B4308EBCC0308BF013658F83C505B68DC
:1077E000454053402B4308BF0136012C56D00CF1C5
:1077F000040509EBC50359F835405B684440534024
:1078000023430EEBC50308BF01365EF835405B68C5
:107810004440534023430BEBC50308BF01365BF8DC
:1078200035405B6844405340234308EBC50308BF21
:10783000013658F835405B6844405340234308BF45
:107840000136039B022B29D00CF1080309EBC30579
:1078500059F833406D684440554025430EEBC3054D
:1078600008BF01365EF833406D68444055402543FB
:107870000BEBC30508BF01365BF833406D6844402D
:107880005540254308EBC30508BF013658F833308F
:107890006D68434055402B4308BF0136029C01F000
:1078A000FC03DCB109EBC30159F833304D684340A8
:1078B00055402B4308BF0136012C0FD0D1E90235CA
:1078C000554043402B4308BF0136022C06D0D1E976
:1078D00004135A404840104308BF0136B01E10F14F
:1078E000030F3DD24FF02030CAF83D00CAF83A00ED
:1078F000CAF83600CAF83200CAF80F00CAF81300F6
:10790000CAF81700CAF81B0042F22000AAF81F00AC
:107910000720CAF8040047F24420C7F26170CAF891
:10792000080046F22020AAF80C0079208AF80E0000
:107930000A2046F2725146F674120AF12403C6F286
:107940007051C6F6741207C346F66F60AAF830008D
:107950000120CAF800000DF5097DBDE8000FF0BD5B
:107960000020CAF800000DF5097DBDE8000FF0BD4C
:107970004EF2E453C0F200030020802201F094F89C
:1079800080B56F46D0E900020B4611461A46BDE8A5
:10799000804001F03EBBD4D4F0B503AF2DE9000B1D
:1079A000002A35D04CF2482342F21C5E4BF2C059FB
:1079B0000A44C2F201034FF0010CC4F2000E4FF072
:1079C0000008C2F2000906E0C3F80CC0CEF800605F
:1079D00062B691421CD011F8016B72B618695D69EC
:1079E000441C6FF39F24AC4206D162B600BF00BFB7
:1079F00000BF00BF72B6F1E7DD68002DE4D0B8EB40
:107A0000902F09D109F800601C6162B69142E2D161
:107A10000020BDE8000BF0BD4EF2B472C0F20002CF
:107A20004FF4806100F06CFE5AB3B0B502AF8446EB
:107A30005CF804EB12F003041ED0BEF1180F01F144
:107A4000010306D80D780CF80E500EF1010EC0F8A7
:107A500000E0012C11D0BEF1180F01F1020506D88B
:107A60001B780CF80E300EF1010EC0F800E0022C6D
:107A700036D12B4601E000BF0B46042A04D2BDE8F4
:107A8000B0400020704700BF114403E09646043325
:107A90008B42F4D0BEF1190FF9D21A78BEF1180F4B
:107AA0000CF80E200EF101020260EFD05C78BEF1FE
:107AB000160F0CF802400EF102020260E6D89C7824
:107AC000BEF1160F0CF802400EF103020260DDD089
:107AD000DC780EF1040E0CF80240C0F800E0D6E7A6
:107AE000BEF1180F01F10303C7D82C780CF80E4033
:107AF0000EF1010EC0F800E0BFE7D4D4F0B503AF3B
:107B00002DE9000B82B00020802901AA019003D248
:107B100001328DF8041034E04FF6FE76C0F2FF36E5
:107B2000084666F39F10B1F5006F4FEA911307D234
:107B300043F0C00102328DF804108DF8050020E0FA
:107B4000002566F39F13B5EB114F4FEA113509D1AC
:107B500045F0E00103328DF804108DF805308DF802
:107B600006000EE066F39F156FF00F06043246EA3A
:107B700091418DF804108DF805508DF806308DF880
:107B800007004CF2482342F21C5E4BF2C05901A997
:107B9000C2F201034FF0010CC4F2000E4FF00008D6
:107BA000C2F2000907E000BFC3F80CC0CEF80060C5
:107BB00062B691421DD011F8016B72B606E000BFAB
:107BC00062B600BF00BF00BF00BF72B618695D6932
:107BD000441C6FF39F24AC42F2D0DD68002DE3D04B
:107BE000B8EB902F0AD109F800601C6162B691428F
:107BF000E1D1002002B0BDE8000BF0BD4EF2B4723E
:107C0000C0F200024FF4806100F07AFD80B56F464B
:107C100013460A464EF27441C0F20001BDE88040AE
:107C200000F0C6B8F0B503AF2DE9000F81B0002217
:107C30006C46009204F1010B04F10208802904F162
:107C4000030207D28DF800104FF000090026DC4631
:107C50003CE000BF4FF6FE7EC0F2FF3E0E466EF3E4
:107C60009F16B1F5006F4FEA911309D263F03F01FF
:107C70008DF800108DF801604FF00009C44625E032
:107C800000256EF39F13B5EB114F4FEA11350BD161
:107C900065F01F018DF800108DF801308DF802603D
:107CA000B1461E46944611E004F1040C6EF39F1594
:107CB0006FF00F0444EA91418DF8036099462E4617
:107CC0008DF800108DF801508DF8023086465EF870
:107CD000043B1CF00304EA460ED0182B9EBF0EF89E
:107CE000031001330360012C0ED15A46AAEB0C019C
:107CF00011F1040F2CD922E05246AAEB0C0111F12C
:107D0000040F25D91BE000BF182B9EBF0EF803609F
:107D100001330360022C07D14246AAEB0C0111F19A
:107D2000040F15D90BE000BF182B9EBF0EF803906F
:107D300001330360AAEB0C0111F1040F08D90020F4
:107D400001B0BDE8000FF0BD0B4604326245F6D02D
:107D5000182BFAD81178182B0EF8031003F1010133
:107D60000160F1D05478162B0EF8014003F10201A6
:107D70000160E9D89478162B0EF8014003F1030155
:107D80000160E1D0D47804330EF801400360DCE7F1
:107D900080B56F4613460A464EF20C51C0F2000100
:107DA000BDE8804000F004B880B56F46FAF786FD64
:107DB000F0B503AF2DE9000F85B006469B468A4615
:107DC000D80764D115780020002D6ED0DAF80C9019
:107DD0004FF0000802E01578002D6AD0541C68B2FC
:107DE000B0F1FF3F07DD304621462A46C84700284C
:107DF0005AD16219EFE7802D09D0C02D12D15BF85E
:107E00003800002104912021C6F2000131E0B2F8CF
:107E10000140D51C304629462246C847002843D198
:107E20002A19D8E7E80703D12021C6F2000102E0B1
:107E3000D2F80110541DA8074CBF34F8022B0022C1
:107E400068074CBF34F8023B0023280748BF34F8CA
:107E5000028BE80644BF0BEBC2008288A80644BF31
:107E60000BEBC30083885BF83800ADF81230ADF837
:107E7000102003910BEBC801CDF808A04A6801A9B6
:107E80000196904780B908F101082246A3E74FEA1E
:107E90005B031146DAF80CC030461A4605B0BDE85F
:107EA000000FBDE8F0406047012005B0BDE8000FBD
:107EB000F0BD002005B0BDE8000FF0BDF0B503AF88
:107EC0002DE9000F8DB0D0F808B090460C461BF09D
:107ED000C05F00F011835FEACB013CD4B8F1100F12
:107EE0005AD2B8F1000F79D008F0030C81465FEA4E
:107EF00098014FF0000200F0DF8201F00301A64676
:107F00006FF003060023A2EB810A621C911904366C
:107F100091F9034091F9065091F9050014F1410FD0
:107F200091F90410C8BF013311F1410FC8BF0133EB
:107F300010F1410FC8BF013315F1410F0AEB0600E4
:107F4000C8BF01330430E1D1321D7446BCF1000FCB
:107F500040F0B682CCE2B0F80EC0BCF1000F2CD0DD
:107F600004EB08024FF000082646614607E0F02EB9
:107F70002CBF1E1DDE1CF31A013998441FD09642F7
:107F80001ED0334616F9015BB5F1FF3FF3DCEEB2CC
:107F9000E02EECD29E1CEEE70090E01C224620F082
:107FA0000304B4EB020ECDF80C80A8EB0E0801928E
:107FB00008F0030C0BD1002157E04FF0000800211E
:107FC000ACEB010381898B42C0F0328294E2111B39
:107FD00011F1040F0AD9002200212CE000234FF0F8
:107FE000000881898B42C0F0238285E202F10109F9
:107FF00000216FF0030509EB050292F9036092F985
:10800000060092F9053016F1410F92F90420C8BF1D
:10801000013112F1410FC8BF013113F1410FC8BF47
:10802000013110F1410F05F10400C8BF013115F114
:1080300008020546DFD10198805610F1410FC8BFF4
:108040000131BEF1010F10D00198024492F90100F4
:1080500010F1410FC8BF0131BEF1020F05D092F9F6
:10806000020010F1410FC8BF01314FF6FC724FEA18
:10807000980EC1F6FF720020BCF1000F1FD002F174
:10808000C04202EA0802224492F9003013F1410F83
:10809000C8BF0120DDF80C80BCF1010F11D092F9AE
:1080A000013013F1410FC8BF0130BCF1020F08D0FD
:1080B00092F9022012F1410FC8BF013001E0DDF852
:1080C0000C804318CDF808B014E04FF000093FFAD7
:1080D00089F13FFA99F21144079D089B01EB014198
:1080E000AEEB050E0CEB850415F0030003EB11431A
:1080F00040F06C81BEF1000F00F06681BEF1C00F50
:1081000071464FF47C70089328BFC02110EA8100AB
:10811000A4460791D9D00CEB000488001038012147
:108120000CF1100ACDF818E001EB10113028CDE960
:10813000041C03D24FF000096346C5E04FF6FC7003
:108140004FF00009C1F6FF7001EA000ED046664606
:1081500009944546A04518BF10352A46A54218BFC8
:1081600010321346A24218BF10339A46A34218BFDA
:108170000AF1100AD2E9004CBEF1040E90680B908F
:10818000D0686FEA04024FEAD2120C9042EA9412CD
:1081900022F0FE30D6E900240A90D6E902066FEA02
:1081A000020B4FEADB1141EA92116FEA04024FEA37
:1081B000D21221F0FE3142EA9412494422F0FE32FA
:1081C00011446FEA00024FEAD21242EA901020F006
:1081D000FE3008446FEA06014FEAD11141EA9611D8
:1081E00021F0FE3101EB000998E85600D0466FEA15
:1081F00001004FEAD01040EA91106FEA02014FEA05
:10820000D11120F0FE3041EA9211484421F0FE31B4
:1082100008446FEA04014FEAD11141EA941121F0B8
:10822000FE3108446FEA06014FEAD11141EA961186
:1082300021F0FE31084436CD6FEA01064FEAD6162A
:1082400046EA911121F0FE311E4608446FEA020110
:108250004FEAD11141EA92110B9A21F0FE31084404
:108260006FEA04014FEAD11141EA9411099C21F00F
:10827000FE3108446FEA05014FEAD11141EA951138
:1082800021F0FE3108440A9908446FEA0C014FEAD4
:10829000D11141EA9C1121F0FE3108446FEA02013C
:1082A0004FEAD11141EA92110C9A21F0FE310844B3
:1082B0006FEA02014FEAD11141EA921121F0FE3139
:1082C00001EB00097FF445AF0498DDE902B8DDE970
:1082D00005CE10F003003FF4FAAE93E84600A24545
:1082E000DB686FEA01054FEAD51545EA91116FEA9F
:1082F000020521F0FE314FEAD51545EA92124944B4
:1083000022F0FE3211446FEA06024FEAD21242EA2C
:108310009612564622F0FE3218BF10361144DA4348
:10832000D209012842EA931222F0FE3202EB01093F
:108330003FF4CDAE9AE82E0002286FEA01044FEA1E
:10834000D41444EA91116FEA020421F0FE314FEA9D
:10835000D41444EA9212494422F0FE3211446FEAE6
:1083600003024FEAD21242EA931222F0FE32114483
:108370006FEA05024FEAD21242EA951222F0FE326B
:1083800002EB01093FF4A3AE96E80F00C643F609DD
:1083900046EA9010CE4320F0FE30F60946EA9111ED
:1083A000484421F0FE310844D143C90941EA921101
:1083B00021F0FE310844D943C90941EA931121F063
:1083C000FE3101EB000982E6019C2DE005F0FC0680
:1083D000019C01285CF826106FEA01024FEAD212D4
:1083E00042EA911121F0FE3215D00CEB86050228ED
:1083F00069686FEA01064FEAD61646EA911121F044
:10840000FE310A4407D0A868C143C90941EA901067
:1084100020F0FE3002443FFA82F03FFA92F1084425
:1084200000EB004003EB1043009881898B4263D23C
:10843000CBF34172CDF80C80A1EB03086FF35F5BC7
:108440004FF00009A246DFE802F008020408C14626
:1084500003E01FFA88F14FEA5109D0E900560024E1
:108460001FFA89F0A1B2814207D2326928465946E3
:10847000904701340028F3D014E0039A2846F368AB
:108480005146984770B9A8EB090000241FFA80F8FC
:10849000A0B240450BD23269284659469047013474
:1084A0000028F5D001200DB0BDE8000FF0BD002080
:1084B0000DB0BDE8000FF0BD0023BCF1000F17D0D8
:1084C000A05610F1410FC8BF0133BCF1010F0FD00E
:1084D000224492F9010010F1410FC8BF0133BCF1F1
:1084E000020F05D092F9020010F1410FC8BF01330D
:1084F000484681898B429BD3D0E900014246CB6834
:1085000021460DB0BDE8000FBDE8F0401847D4D4B7
:10851000F0B503AF2DE9000F87B0D7F80CA051B12B
:1085200086684FF02B0B16F4001108BF4FF4881B20
:108530000AEB515404E086680AF101044FF02D0B58
:10854000D7F8089031024FF00001059315D4069139
:10855000B0F80C80444525D3D0E900565A4605981A
:1085600031460090069B284600F054F9002849D077
:10857000012007B0BDE8000FF0BD6BB192F90050CB
:1085800015F1410FC8BF0121012B05D092F901500F
:1085900015F1410FC8BF01310C440692B0F80C80B0
:1085A0004445D9D2F101CDF810A00ED4C6F34171E3
:1085B000CDF80C90A8EB04036FF35F560024DFE8BE
:1085C00001F04C024A021C4647E0D0E902515A46EB
:1085D000D0E900A602910021C9F6E071039029407C
:1085E00041F0005141F03001816005983146009022
:1085F0005046069B00F00EF970B1012007B0BDE8AF
:10860000000FF0BDF36828464946524607B0BDE862
:10861000000FBDE8F0401847A8EB0400AB4600246B
:1086200085B2A0B2A8420BD23269504630219047A1
:1086300001340028F5D0012007B0BDE8000FF0BDDF
:10864000049A5046F36849469847C0B3012007B0E2
:10865000BDE8000FF0BD99B24C08D0E9005899462A
:108660004FF0000AA0B21FFA8AF181420DD2D8F869
:1086700010202846314690470AF1010A0028F1D01F
:10868000012007B0BDE8000FF0BD059841460090FD
:108690002846069B5A4600F0BDF820B1012007B0DD
:1086A000BDE8000FF0BDDDE903122846D8F80C3014
:1086B000984768B1012007B0BDE8000FF0BDDDE9C3
:1086C0000210C0E902B1002007B0BDE8000FF0BD04
:1086D000A9EB040000241FFA80F9A0B248450AD291
:1086E000D8F8102028463146904701340146012031
:1086F0000029F2D03DE7002007B0BDE8000FF0BD33
:1087000080B56F46FFF750FBF0B503AF4DF804BDE1
:1087100086B08C4601684EF6E41EC0F2000EC80812
:108720007C2843D941F25970CDF2B710A1FB000269
:1087300042F21070520B02FB1015ABB29C0841F2D2
:108740007B435C43660C642406FB14553EF81660BC
:1087500027F8146CADB23EF8155027F8125C49F2B8
:108760007F65C0F29805A94236D948F6B955C0F2DE
:108770000605A2FB055606FB102000FB03F243F69C
:108780008933C5F2E653D20C02FB14003EF81220E6
:10879000A1FB033427F8182C022380B23EF8100006
:1087A000620E27F8160C092A04D818E00A230A4694
:1087B000092A14D990B241F27B448008023B6043FD
:1087C0006424400C00FB1422A7F11A0492B23EF874
:1087D0001220E25229B905E00623092AEAD81046F8
:1087E00001B130B10EEB4000013BA7F11A01407816
:1087F000C854A7F11A01C3F10A0019440122CDE9B6
:108800000010604601210023FFF782FE06B05DF8EC
:1088100004BBF0BDF0B503AF4DF8048DD7F8088068
:108820001C460E46B2F5881F0AD03369114605462C
:1088300098470146284619B101205DF8048BF0BD28
:108840003CB1F368214642465DF8048BBDE8F04038
:10885000184700205DF8048BF0BDF0B503AF2DE99B
:10886000000F81B00646C00840EA417091460D46AF
:108870004FF00008D0F17C0078EBD10080F0BA8096
:108880003046294642F21072002342F2107404F07E
:1088900071FF00FB146241F27B4A4FF0640B4EF60D
:1088A000E414C0F2000493B29B0803FB0AF35B0CD0
:1088B00003FB1B2234F81330A9F8103092B234F8BD
:1088C0001220A9F8122049F27F62C0F29802921B8E
:1088D00078EB050280F0978042F21072002304F0DA
:1088E00049FF02FB0AF00023C00C00FB1B2134F8F7
:1088F00010004EF20012A9F80C00C0F2F5523046FA
:1089000089B234F81110A9F80E10294604F032FF8C
:108910004EF60002C4F67602B21A75F1170279D348
:1089200042F21072002304F025FF02FB0AF0E82354
:10893000C00C00FB1B2134F8100041F20002A9F822
:108940000800CDF2A542304689B234F81110A9F8DA
:108950000A10294604F00EFF48F2000348F67E5242
:10896000CAF2C643C0F20302F31A75EB020258D3EF
:1089700042F21072002304F0FDFE02FB0AF048F2FE
:10898000F263C0F22303C00C00FB1B2134F810007B
:108990000022A9F80400C6F6C172304689B234F844
:1089A0001110A9F80610294604F0E4FE002342F253
:1089B0000432C8F6E813C8F6C722F31A75EB0202B0
:1089C0004DD381B241F27B42890800235143642296
:1089D000490C01FB120034F81110A9F80010002115
:1089E000002280B234F81000A9F8020056EA05000F
:1089F0003FD146E0142230462946D0F1090378EBF6
:108A0000010314D331E01022D0F1090378EB010304
:108A10000DD32AE00C22D0F1090378EB010306D331
:108A200023E00822D0F1090378EB01031DD281B2C3
:108A300041F27B438908023A59434B0C642103FB02
:108A400011004EF6E411C0F2000180B231F81000BE
:108A5000002129F8020056EA05000AD111E004229B
:108A6000D0F1090378EB0103E1D3034656EA050090
:108A700007D053EA010004D1104601B0BDE8000F51
:108A8000F0BD4EF6E410013AC0F2000000EB4300E6
:108A9000407809F80200104601B0BDE8000FF0BDB3
:108AA00080B56F4600F021F880B56F46904202D93C
:108AB000114600F00EF8914203D90846114600F025
:108AC00008F8884201D900F00CF80846114600F079
:108AD00004F880B56F46FFF767F980B56F46FFF77A
:108AE00063F980B56F46FFF75FF980B56F46FFF712
:108AF0005BF9F0B503AF2DE9000FB2F1070C38BFF9
:108B00004FF0000C002A00F0E980CB1C4EF6AC2898
:108B100023F00303C2F1000AA3EB010E4FF0000B98
:108B2000C0F2000804E005F1010B934580F0D68007
:108B300011F90B50002D58D4AEEB0B05AD0704D046
:108B40000BF1010BF1E70BF1200BE34527D201EB11
:108B50000B0551F80B606C68344314F0803F1ED154
:108B60000BF10806664519D2D5E90243234313F0F9
:108B7000803F13D10BF1100666450FD2D5E90434BE
:108B8000234313F0803F09D10BF11806664505D247
:108B9000D5E90634234313F0803FD4D0B346934540
:108BA000C3D211F90B30002BBFD40AEB0B056B1CA1
:108BB00000F0948001EB0B0696F90130002BBFD436
:108BC000AB1C00F08B8096F90230002B00F1808006
:108BD000EB1C00F0838096F90330002B7BD40BF163
:108BE000040B1AEB0B03DCD178E0EDB218F805604A
:108BF000042E1BD0032E0BD0022E78D10BF10105D1
:108C0000954272D24B5713F1410F7FF78CAF6EE054
:108C10000BF10106964268D28E5DE02D14D0ED2D49
:108C20001CD173B213F1610F48DD60E00BF1010656
:108C300096425AD28E5DF02D0BD0F42D17D173B21F
:108C400013F1710F1EDD52E006F0E003A02B35D0CA
:108C50004DE0A6F19003302B14D348E0A5F1E103D9
:108C600076B20C2B20D216F1400F27DB3FE0A5F1A6
:108C7000F1034FF00109022B3BD8012573B213F128
:108C8000400F3FDA0BF1020595422ED24B5713F1FC
:108C9000410F30DC0BF10305954226D24B5713F1FF
:108CA000400FFFF640AF2AE005F0FE034FF0010948
:108CB000EE2B1ED1012516F1400F23DA0BF1020530
:108CC000954212D24B5713F1410F7FF72CAF12E0B0
:108CD0000BF1020B29E70BF1030B26E7C0E90112A8
:108CE00000210160BDE8000FF0BD00250AE04FF053
:108CF0000109012506E001254FF0020902E00125E6
:108D00004FF003095FFA89F145EA0121C0E901B199
:108D100001210160BDE8000FF0BD80B56F46D0E9CC
:108D20000003DB68BDE880401847F0B503AF4DF89D
:108D300004BD4EF6E41CC208C0F2000C7C2A3ED9E9
:108D400041F2597242F2107ECDF2B712A0FB02231B
:108D50005B0B03FB1E05AAB2940841F27B4254430D
:108D6000660C642406FB14553CF81660CE80ADB248
:108D70003CF815500D8149F27F65C0F29805A84274
:108D800032D948F6B955C0F20605A3FB055606FBD5
:108D90001E3343F68936C5F2E656A0FB06655A43F4
:108DA000D20C02FB14333CF812204A8002229BB200
:108DB0003CF813308B806B0E092B04D817E00A2285
:108DC0000346092B13D99EB241F27B45B6086424B1
:108DD0006E43023A4FEA564E0EFB14339BB23CF8F8
:108DE00013308B5228B90BE00622092BEBD89E4694
:108DF00030B1BEF1000F03D110465DF804BBF0BDE9
:108E00000CEB4E00013A4078885410465DF804BBE4
:108E1000F0BDB0B502AF86B00068A7F112050C46F0
:108E20002946FFF782FFC0F10A01284401220023EE
:108E3000CDE9000120460121FFF76AFB06B0B0BD75
:108E40000268CB7A13F0180F0AD0D0B502AF82B007
:108E50000020802A019008D28DF80420012238E0F9
:108E6000D1E900010B69114618474FF6FE7C134605
:108E7000C0F2FF3C90096CF39F13B2F5006F07D26C
:108E800040F0C0008DF805308DF80400022220E08B
:108E90006CF39F104FEA123E0024B4EB124F09D13D
:108EA0008DF805004EF0E0008DF8063003228DF8B5
:108EB00004000EE06FF00F0444EA92428DF80420A3
:108EC00004226CF39F1E8DF807308DF806008DF894
:108ED00005E001AB08461946FEF7F0FF02B0D0BD31
:108EE000F0B503AF4DF804BD86B00668A7F11A05CA
:108EF0000C462946002E304648BF7042FFF715FF4A
:108F0000C0F10A01284401220023CDE90001F04309
:108F1000C10F2046FFF7FCFA06B05DF804BBF0BDB8
:108F2000F0B503AF4DF8048D86B08C46D0E9003122
:108F30004EF6D4180DF1080E10221120C0F20008D0
:108F400003F00F0518F805600EEB000505F8026C3C
:108F50001E0946EA017656EA111428D006F00F04DD
:108F600018F8044005F8034C1C0A44EA016656EA66
:108F700011241FD006F00F0418F8044005F8044C23
:108F80001C0B44EA015656EA113416D006F00F04C1
:108F90001B0C43EA0143043818F80440043A05F86E
:108FA000054C53EA11444FEA1141C9D107E0821E32
:108FB000013804E0023A023801E0033A0338C0F114
:108FC00011000EEB02014EF6AC320223CDE9001087
:108FD000C0F2000260460121FFF79AFA06B05DF880
:108FE000048BF0BDB0B502AF88B00C4603ADD0E93C
:108FF00000012A46FFF731FCC0F114012844012288
:109000000023CDE9000120460121FFF781FA08B0D5
:10901000B0BD80B56F460B46014610461A46BDE806
:109020008040FEF74BBFF0B503AF4DF804BD88B0EC
:10903000D0E900060C4603AD86EAE67180EAE670E8
:10904000B0EBE6702A4661EBE671FFF706FCC0F173
:109050001401284401220023CDE90001F043C10F8F
:109060002046FFF755FA08B05DF804BBF0BDD4D434
:10907000F0B503AF2DE9000FB7B00D464EF63861DD
:1090800093460190C0F200010CA8A82204F0CDFA8A
:1090900040F21B0E4FF0000C0120C0F2800E5B4628
:1090A000294600260CE000BF42F00102511CA3EB50
:1090B000010B09EB010500265B462946002A53D126
:1090C000F20741F006808946002B3DD009EB0306EC
:1090D000002219F802100939172904D800FA01F101
:1090E00011EA0E0FE2D109EB02010131B14225D0A4
:1090F0000C78093C172C04D800FA04F414EA0E0F7B
:10910000D2D10131B14219D00C78093C172C04D8C6
:1091100000FA04F414EA0E0F1ED10131B1420DD051
:109120000C78093C172C04D800FA04F414EA0E0F4A
:1091300016D10131B14202F10402CAD14FF0010C43
:10914000494601261A46B9E700234FF0010C49466B
:1091500001260022B2E700BF42F00202A6E700BFEC
:1091600042F00302A2E700BF0CA901F130000B9509
:10917000CDF814C0049001F160004FF0000C0723FB
:10918000002600244FF0000A00250290CDF80CB014
:1091900005E000BF013B0025013A00F0C98019F845
:1091A000011B2F29F6D0A1F13100C0B2082805D249
:1091B000A1F1300055FA80F5EEE700BFA1F14100C2
:1091C000C0B208961A2838BF41F02001A1F1620808
:1091D000B8F1100F4FF0000600F27C8709940021CF
:1091E0004FF0000EDFE818F01200770777077707D7
:1091F000770777077707770777071E0077077707DF
:109200001A00770724002200160000BF4FF0020E5C
:109210000EE000BF4FF0030E0AE000BF4FF0010E5A
:1092200006E000BF4FF0050E02E000BF4FF0040E55
:10923000072B98BF072D00F24E871928CDF81CC0C8
:10924000CDF828A088BF01211A2845EAC3004FF0B5
:10925000080600F03F0438BF00260693AB46C4F171
:109260002003012525FA03FCB4F1200858BF05FAB4
:1092700008FC05FA04F40CAD58BF002455F83E3044
:1092800005EBCE08D8F804A043EA04050CAB43F87C
:109290003E50049D4AEA0C0AC8F804A005EBC10A36
:1092A000DAF8043055F8318043EA0C0344EA080444
:1092B000402845F83140CAF8043080F023874FF247
:1092C000182A41EA4101C0F2000A4EEA0603029E52
:1092D0000AEB812101EB4E21335401EBC00651F81A
:1092E0003010099C76684C4049F2C031DDF828A066
:1092F000C2F2000101EB03218AEA060A51F82000BC
:10930000089EDDF81CC006444EF61850C0F200005E
:1093100050F82E000BF10105DDF80CB0069B8444DB
:109320001C94CDF874A02296CDF88CC034E700BF11
:109330000DF1580C9CE80310DDF8649008900CEADD
:1093400000024FF05530079101EA090100EA52038B
:10935000D21A00EA5103CB1A4FF0333122F0CC3647
:1093600001EA920223F0CC35324401EA93032A4405
:1093700013444FF00F3223F0F03602EA13131E4469
:109380004FF001335E4306F07F46B6F1807FCDF8A3
:1093900028A040F09E860994DDE91A4E079D0694A8
:1093A0000EEA0506089D254000EA55042D1B00EA3B
:1093B0005600301A25F0CC3601EA950520F0CC3461
:1093C00001EA9000A9192144084420F0F03102EA92
:1093D00010100844584300F07F40B0F1807F40F007
:1093E00078864EF630680B9D059EC0F2000801227B
:1093F000CDF808C0CDF800E00AE000BF43F001035B
:109400005E1CABEB060B851900260B95002B53D188
:10941000F00759D1BBF1000F54D0284605EB0B06DD
:109420000023C55C093D172D06D81B2102FA05F55E
:10943000C0F280010D42E3D1C5180135B5422BD0F1
:109440002C78093C172C06D81B2102FA04F4C0F230
:1094500080010C42D2D10135B5421DD02C78093C97
:10946000172C06D81B2102FA04F4C0F280010C422A
:109470001AD10135B5420FD02C78093C172C06D8EB
:109480001B2102FA04F4C0F280010C4210D1013514
:10949000B54203F10403C4D101210591054601261B
:1094A0005B46002BB4D007E043F00203A8E700BFFF
:1094B00043F00303A4E700BF012B06D0C8460020F9
:1094C00009E000BF0120059040460078C846623898
:1094D000B0FA80F040094EF6316A03908DF8D00062
:1094E000C0F2000A0B99059840F21B090AF1010C21
:1094F0004FF0010E5D46C0F2800909E043F0010320
:10950000581C2D1A31180020AB460B91002B55D159
:10951000C00751D10E46002D40D071190023F05CD8
:109520000938172806D81B220EFA00F0C0F2800274
:109530001042E5D1F0180130884229D00478093C66
:10954000172C06D81B220EFA04F4C0F28002144233
:10955000D4D1013088421BD00478093C172C06D89E
:109560001B220EFA04F4C0F2800214421CD1013016
:1095700088420DD00478093C172C04D80EFA04F464
:1095800014EA090F14D10130884203F10403C6D153
:109590000120059031462B46B8E700BF0120002589
:1095A000059031460023B1E743F00203A8E700BF6E
:1095B00043F00303A4E700BF564601E006EB030CAB
:1095C000701C9DF8D130ACEB060111F0030E014682
:1095D000C1461FD03278D846A2F14B05262D4FF058
:1095E000000226D8DFE805F01425252525252225AB
:1095F000252525252525252525252525252525251B
:109600002525252525252525202525252525240035
:1096100001220EE040F21B0E00200A463146C0F245
:10962000800ED8467BE000BF042202E0022200E068
:109630000822604543EA020318BF0130BEF1010F62
:109640008DF8D13002D1024631E000BF0978A1F196
:109650004B02262A4FF000011DD8DFE802F0151C4E
:109660001C1C1C1C191C1C1C1C1C1C1C1C1C1C1C3D
:109670001C1C1C1C1C1C1C1C1C1C1C1C1C1C171C2F
:109680001C1C1C1C1B0000BF012104E0042102E083
:10969000022100E008210B436045014618BF01315B
:1096A000BEF1020F8DF8D13008D10A46014640F2D2
:1096B0001B0E1846C0F2800E31E000BF007840F269
:1096C0001B0EA0F14B02262A4FF00000C0F2800EC4
:1096D0001DD8DFE802F0151C1C1C1C1C191C1C1CCE
:1096E0001C1C1C1C1C1C1C1C1C1C1C1C1C1C1C1CBA
:1096F0001C1C1C1C1C1C171C1C1C1C1C1B0000BF45
:10970000012004E0042002E0022000E008200343DE
:109710000A4618468DF8D130614518BF0132A6EBD4
:109720000C0616F1040F40F28F809DF89410052965
:109730001CBF00F0FC008DF8D1009DF897100329A4
:109740001CBF00F0FE008DF8D1009DF89010032999
:109750001CBF00F0FD008DF8D1009DF8CC100D2944
:109760001CBF00F0F3008DF8D1009DF8CF100B293D
:109770001CBF00F0FB008DF8D1009DF8C8100B292C
:109780001CBF00F0F7008DF8D1000B9D059E012154
:109790000BE000BF43F001035E1CA8EB060895191F
:1097A00000260B95002B40F00B81F20740F03E8124
:1097B000B8F1000F00F038812A4605EB08060023B7
:1097C000D55C093D172D04D801FA05F515EA0E0FF1
:1097D000E2D1D5180135B54225D02C78093C172C9B
:1097E00004D801FA04F414EA0E0FD3D10135B542BE
:1097F00019D02C78093C172C04D801FA04F414EA87
:109800000E0F19D10135B5420DD02C78093C172C1B
:1098100004D801FA04F414EA0E0F11D10135B5424F
:1098200003F10403CCD101230593154601264346D9
:10983000002BBAD0C4E000BF43F00203ACE700BF86
:1098400043F00303A8E700BF184608E01043614552
:109850000A468DF8D10018BF01323FF466AF09788F
:10986000A1F14B03262B4FF000011DD8DFE803F0D8
:10987000141C1C1C1C1C181C1C1C1C1C1C1C1C1C34
:109880001C1C1C1C1C1C1C1C1C1C1C1C1C1C1C1C18
:10989000161C1C1C1C1C1A00012105E0042103E0FD
:1098A000022101E0082100BF0143104610F8013BEE
:1098B0006245A3F14B038DF8D11008BF1046262B4B
:1098C0004FF000021ED8DFE803F0151D1D1D1D1D01
:1098D000191D1D1D1D1D1D1D1D1D1D1D1D1D1D1DBC
:1098E0001D1D1D1D1D1D1D1D1D1D171D1D1D1D1DAE
:1098F0001B0000BF012205E0042203E0022201E078
:10990000082200BF1143024612F8013B6045A3F153
:109910004B038DF8D11008BF0246262B4FF00000F4
:109920001ED8DFE803F0151D1D1D1D1D191D1D1D71
:109930001D1D1D1D1D1D1D1D1D1D1D1D1D1D1D1D57
:109940001D1D1D1D1D1D171D1D1D1D1D1B0000BFE7
:10995000012005E0042003E0022001E0082000BF10
:109960000843114611F8013B6245A3F14B038DF802
:10997000D10008BF1146262B4FF000023FF666AF1C
:10998000DFE803F01816161616161A16161616160F
:109990001616161616161616161616161616161667
:1099A000161616161416161616161C0004224DE767
:1099B0004CE700BF012249E7022247E7082245E7BA
:1099C000022B33D11178A1F16103DBB2082B2DD228
:1099D0005278362A01D0332A28D101EBC20101F195
:1099E000170B03994AF6C07481F00103C2F2000418
:1099F0005FFA8BF204EB4323049E03EBC204DDE920
:109A00000CC553F83220636806EBC104646856F84D
:109A100031602B4002EA0C02324023401A4318BF47
:109A20008DF8D2B002E000BF012105910B99059E8F
:109A3000012209E043F00103591CA8EB0108294465
:109A400000260B91002B51D1F30740F0BC80B8F1F8
:109A5000000F47D00D4601EB08060023E95C0939E9
:109A6000172904D802FA01F111EA0E0FE4D1E9181E
:109A70000131B14225D00C78093C172C04D802FAE8
:109A800004F414EA0E0FD5D10131B14219D00C788B
:109A9000093C172C04D802FA04F414EA0E0F19D169
:109AA0000131B1420DD00C78093C172C04D802FAD0
:109AB00004F414EA0E0F11D10131B14203F1040391
:109AC000CCD101210591294601264346002BBBD06C
:109AD0000CE000BF43F00203AEE700BF43F0030316
:109AE000AAE700BF0121002205916DE02978012B32
:109AF00006D12B294FF0000266D02D2964D0012316
:109B00002B294FF000011E4602BF4FF0FF31013EEE
:109B10000135092E42D2002E55D01944C1F1000C56
:109B20004FF0000E002215F80E10A1F13003092BA2
:109B300000F2E2820CEB0E0102EB82024C1C03EB02
:109B4000420200F0DA8205EB0E035C78A4F13006E5
:109B5000092E00F2D18202EB82028C1C06EB42023B
:109B600000F0CB829C78A4F13006092E00F2C4826A
:109B7000033102EB820106EB410200F0BE82D9788C
:109B80003039092900F2B88202EB82020EF1040E8C
:109B90001CEB0E0301EB4202C5D1AEE200220A210A
:109BA00096B1A2FB0123002B4FF000030BD115F857
:109BB000014B303C121943F10003092C03D8002B50
:109BC000A6F10106ECD000220123FF2A28BFFF22C4
:109BD0008DF8D3200BE000BF42F00102561CA8EB29
:109BE00006080E440B9600260596002A50D1059AC9
:109BF0000B99D2074FF0010240F0B980B8F1000F85
:109C000000F0B58001EB080600228D5C093D172DA0
:109C100004D803FA05F515EA0E0FDFD18D180135CA
:109C2000B54225D02C78093C172C04D803FA04F44B
:109C300014EA0E0FD0D10135B54219D02C78093C69
:109C4000172C04D803FA04F414EA0E0F18D10135C6
:109C5000B5420DD02C78093C172C04D803FA04F433
:109C600014EA0E0F10D10135B54202F10402CCD135
:109C7000012205920B914246002AB8D008E000BFAD
:109C800042F00202AAE700BF42F00302A6E700BFCB
:109C90000B78012A05D12B2B4FF0010267D02D2B19
:109CA00065D02B2B4FF00005134602BF4FF0FF3558
:109CB000013B0131092B4FF0000C3BD2002B53D05C
:109CC0002A44C2F1000C4FF0000E002211F80E30B1
:109CD000A3F13004092C49D80CEB0E0502EB8202EB
:109CE0006B1C04EB420242D001EB0E046378303B64
:109CF000092B3BD802EB8202AE1C03EB420236D0AA
:109D0000A378303B092B31D802EB8202033503EBF9
:109D100042022CD0E378A3F13005092D26D802EBBE
:109D200082020EF1040E1CEB0E0305EB4202CDD1B4
:109D30001DE000BF4FF00A0E00249BB1A4FB0E26CD
:109D4000A6B911F8016BA6F13005AC184CF100066C
:109D5000092D4FF001020AD8002EA3F10103ECD027
:109D600005E000BF224602E0002200E00122511E71
:109D700038BF0021039D4FF6FF7245EA4101914231
:109D800038BF0A460F28ADF8D62000F2C3814FF243
:109D90001821C0F2000101EBC00000F5C0514FF4E2
:109DA000C052496880580A9A5140099A1D91504002
:109DB0009DF8D2201C90402A11D04FF2182302F0B7
:109DC0000702C0F2000303EBC20202F5C4534FF4D2
:109DD000C4565B68925959405040CDE91C015DB1B1
:109DE00046F2BA72C3F61F2251404DF28F62C2F69C
:109DF000B6125040CDE91C01DDE90CCE02980EEA06
:109E000009050CEA000656EA050000F081800020F2
:109E1000002195FAA5F2B2FA82F296FAA6F420325F
:109E2000002E18BFB4FA84F2741E06EA04064FF23C
:109E3000182465F10003C0F200041D4004EBC203C6
:109E400054F832205B68504056EA050281EA03016B
:109E500060D095FAA5F3B3FA83F396FAA6F220330D
:109E6000002E18BFB2FA82F3721E65F1000425407D
:109E70004FF21824C0F20004164004EBC30254F859
:109E800033305268584056EA050381EA020141D056
:109E900095FAA5F3B3FA83F396FAA6F22033002ECF
:109EA00018BFB2FA82F3721E65F1000425404FF22A
:109EB0001824C0F20004164004EBC30254F83330F7
:109EC0005268584056EA050381EA020122D095FA09
:109ED000A5F3B3FA83F396FAA6F22033002E18BF47
:109EE000B2FA82F3721E65F1000425404FF2182485
:109EF000C0F20004164004EBC30254F83330526839
:109F0000584056EA050381EA02017FF482AF01E07E
:109F100000200021069A009B02EA0C0203EA0E03CD
:109F2000CC4652EA030600F08580DDF808E093FA9B
:109F3000A3F5B5FA85F592FAA2F62035002A18BFE6
:109F4000B6FA86F5561E63F1000423404FF218243A
:109F5000C0F20004324004EBC506D6F8045CD6F823
:109F6000006C694052EA030580EA060064D093FA67
:109F7000A3F5B5FA85F592FAA2F62035002A18BFA6
:109F8000B6FA86F5561E63F1000423404FF21824FA
:109F9000C0F20004324004EBC506D6F8045CD6F8E3
:109FA000006C694052EA030580EA060044D093FA47
:109FB000A3F5B5FA85F592FAA2F62035002A18BF66
:109FC000B6FA86F5561E63F1000423404FF21824BA
:109FD000C0F20004324004EBC506D6F8045CD6F8A3
:109FE000006C694052EA030580EA060024D093FA27
:109FF000A3F5B5FA85F592FAA2F62035002A18BF26
:10A00000B6FA86F5561E63F1000423404FF2182479
:10A01000C0F20004324004EBC506D6F8045CD6F862
:10A02000006C694052EA030580EA06007FF47FAFC6
:10A0300002E000BFDDF808E0DDE90346CDE91E01DE
:10A0400006EBC4004068DDF81C800B9056F834A085
:10A0500000EA0800DDF820B090FAA0F01AEA0B013F
:10A06000B0FA80F091FAA1F200F1200118BFB2FA23
:10A0700082F1069840EA0E0900984A4640EA0C052B
:10A080000CA82B46FAF3BAF684F0010206EBC203E1
:10A0900056F832205B6810401940CDE9200103EAF0
:10A0A000080090FAA0F012EA0B01B0FA80F091FAE1
:10A0B000A1F200F1200118BFB2FA82F10CA84A46C1
:10A0C0002B46FAF39BF60B9A00EA0A00114008436C
:10A0D00008D0002600210198C0E9006137B0BDE832
:10A0E000000FF0BD01980CA90830A82203F09DFADA
:10A0F00000210126EFE700BF002240F21B0EC0F254
:10A10000800E61E54EF60852C0F200024021FEF7D3
:10A11000F7FA00BF4EF6E062C0F200021021FEF72F
:10A12000EFFAD4D4F0B503AF2DE9000FADF2146D02
:10A130000DF104088A46064640464FF4017103F0CB
:10A14000C2FA82AC20464FF4806103F0BCFA4FF4AF
:10A15000807047F8240C0020A7F1280547F8200C50
:10A160003046294647F8284CF8F330F33046294664
:10A170000096F9F3A5F157F8201CB1F5807F69D856
:10A180004FF00005B1B304EB810082A9002600BFA7
:10A19000FF2E73D851F8042B28F81620819A81429B
:10A1A00002F10106819626D0FF2E67D851F8042BC4
:10A1B00028F81620819A814202F1010681961AD070
:10A1C000FF2E5BD851F8042B28F81620819A814283
:10A1D00002F1010681960ED0FF2E4FD851F8042BC4
:10A1E00028F81620819A814202F101068196CFD18A
:10A1F00001E000BF0026009890F8A010FAF308F7DD
:10A20000B6F5807FCAF800522ED8EEB180468B4654
:10A2100074000DF10409002602E000BF023C13D0D7
:10A2200039F8025B0098294642465B46FAF3CEF7BE
:10A230000028F3D0FF2E21D82AF81650DAF80002B1
:10A24000461CCAF80062E9E70DF2146DBDE8000F84
:10A25000F0BD00BF4FF20823C0F2000300204FF40E
:10A260008072FEF721FC00BF4EF6D843C0F2000317
:10A27000002031464FF48072FEF716FC4FF2F812C0
:10A28000C0F2000230464FF48071FEF739FAD4D4A0
:10A29000F0B503AF4DF8048D044648F2581004EBB6
:10A2A0000008D8F8041004F5826621B1D8F800003F
:10A2B000490103F063F9002504F5C0504FF49041C3
:10A2C00088F8085004F5D84803F058F940464FF490
:10A2D000905103F053F94FF0FF30C4E90055C4E941
:10A2E0000255C4E90400A561C4E90855C4E90A554A
:10A2F000C4E90C00A563C4E91055C4E91255C4E9CA
:10A300001400A565C4E91855C4E91A55C4E91C0030
:10A31000A567C4E92055C4E92255C4E92400C4F85E
:10A320009850C4E92855C4E92A55C4E92C00C4F85A
:10A33000B850C4E93055C4E93255C4E93400C4F812
:10A34000D850C4E93855C4E93A55C4E93C00C4F8CA
:10A35000F850C4E94055C4E94255C4E94400C4F882
:10A360001851C4E94855C4E94A55C4E94C00C4F839
:10A370003851C4E95055C4E95255C4E95400C4F8F1
:10A380005851C4E95855C4E95A55C4E95C00C4F8A9
:10A390007851C4E96055C4E96255C4E96400C4F861
:10A3A0009851C4E96855C4E96A55C4E96C00C4F819
:10A3B000B851C4E97055C4E97255C4E97400C4F8D1
:10A3C000D851C4E97855C4E97A55C4E97C00C4F889
:10A3D000F851C4E98055C4E98255C4E98400C4F841
:10A3E0001852C4E98855C4E98A55C4E98C00C4F8F8
:10A3F0003852C4E99055C4E99255C4E99400C4F8B0
:10A400005852C4E99855C4E99A55C4E99C00C4F867
:10A410007852C4E9A055C4E9A255C4E9A400C4F81F
:10A420009852C4E9A855C4E9AA55C4E9AC00C4F8D7
:10A43000B852C4E9B055C4E9B255C4E9B400C4F88F
:10A44000D852C4E9B855C4E9BA55C4E9BC00C4F847
:10A45000F852C4E9C055C4E9C255C4E9C400C4F8FF
:10A460001853C4E9C855C4E9CA55C4E9CC00C4F8B6
:10A470003853C4E9D055C4E9D255C4E9D400C4F86E
:10A480005853C4E9D855C4E9DA55C4E9DC00C4F826
:10A490007853C4E9E055C4E9E255C4E9E400C4F8DE
:10A4A0009853C4E9E855C4E9EA55C4E9EC00C4F896
:10A4B000B853C4E9F055C4E9F255C4E9F400C4F84E
:10A4C000D853C4E9F855C4E9FA55C4E9FC00C4F806
:10A4D000F853C4F80054C4F80454C4F80854C4F839
:10A4E0000C54C6E90000C4F81854C4F82054C4F849
:10A4F0002454C4F82854C4F82C54C6E90800C4F8FD
:10A500003854C4F84054C4F84454C4F84854C4F807
:10A510004C54C6E91000C4F85854C4F86054C4F848
:10A520006454C4F86854C4F86C54C6E91800C4F8FC
:10A530007854C4F88054C4F88454C4F88854C4F8D7
:10A540008C54C6E92000C4F89854C4F8A054C4F848
:10A55000A454C4F8A854C4F8AC54C6E92800C4F8FC
:10A56000B854C4F8C054C4F8C454C4F8C854C4F8A7
:10A57000CC54C6E93000C4F8D854C4F8E054C4F848
:10A58000E454C4F8E854C4F8EC54C6E93800C4F8FC
:10A59000F854C4F80055C4F80455C4F80855C4F874
:10A5A0000C55C6E94000C4F81855C4F82055C4F845
:10A5B0002455C4F82855C4F82C55C6E94800C4F8F9
:10A5C0003855C4F84055C4F84455C4F84855C4F843
:10A5D0004C55C6E95000C4F85855C4F86055C4F845
:10A5E0006455C4F86855C4F86C55C6E95800C4F8F9
:10A5F0007855C4F88055C4F88455C4F88855C4F813
:10A600008C55C6E96000C4F89855C4F8A055C4F844
:10A61000A455C4F8A855C4F8AC55C6E96800C4F8F8
:10A62000B855C4F8C055C4F8C455C4F8C855C4F8E2
:10A63000CC55C6E97000C4F8D855C4F8E055C4F844
:10A64000E455C4F8E855C4F8EC55C6E97800C4F8F8
:10A65000F855C4F80056C4F80456C4F80856C4F8AF
:10A660000C56C6E98000C4F81856C4F82056C4F841
:10A670002456C4F82856C4F82C56C6E98800C4F8F5
:10A680003856C4F84056C4F84456C4F84856C4F87E
:10A690004C56C6E99000C4F85856C4F86056C4F841
:10A6A0006456C4F86856C4F86C56C6E99800C4F8F5
:10A6B0007856C4F88056C4F88456C4F88856C4F84E
:10A6C0008C56C6E9A000C4F89856C4F8A056C4F841
:10A6D000A456C4F8A856C4F8AC56C6E9A800C4F8F5
:10A6E000B856C4F8C056C4F8C456C4F8C856C4F81E
:10A6F000CC56C6E9B000C4F8D856C4F8E056C4F841
:10A70000E456C4F8E856C4F8EC56C6E9B800C4F8F4
:10A71000F856C4F80057C4F80457C4F80857C4F8EA
:10A720000C57C6E9C000C4F81857C4F82057C4F83D
:10A730002457C4F82857C4F82C57C6E9C800C4F8F1
:10A740003857C4F84057C4F84457C4F84857C4F8B9
:10A750004C57C6E9D000C4F85857C4F86057C4F83D
:10A760006457C4F86857C4F86C57C6E9D800C4F8F1
:10A770007857C4F88057C4F88457C4F88857C4F889
:10A780008C57C6E9E000C4F89857C4F8A057C4F83D
:10A79000A457C4F8A857C4F8AC57C6E9E800C4F8F1
:10A7A000B857C4F8C057C4F8C457C4F8C857C4F859
:10A7B000CC57C6E9F000C4F8D857C4F8E057C4F83D
:10A7C000E457C4F8E857C4F8EC57C6E9F800C4F8F1
:10A7D000F8575DF8048BF0BDB0B502AFACB04EF6E3
:10A7E000F0616D460446C0F2000128463822FEF7AB
:10A7F0003FFC0098C00707D005F108012046A822B9
:10A8000002F013FF2CB0B0BD4EF62870C0F200006D
:10A81000FEF746F9F0B503AF2DE9000782B04BF61D
:10A8200048294EF648784FF0000A4FF0070CC2F264
:10A8300000094FF02F0EC0F2000800BF4FEACC0510
:10A8400000260124002223467119402980F0E2816C
:10A8500049441E4691F8D8300F2B05D1731C092BA3
:10A8600002F10102F0D12BE042B1BAF1640F3CBF1A
:10A8700002F1300100F80A100AF1010A03F00701A1
:10A88000062980F0CF81BAF1640F0ED218F80110BA
:10A89000A1F16102D2B21A2A0A4638BF82F0200220
:10A8A000082B28BF0A4600F80A200AF1010A072EE1
:10A8B00006F10104C6D900BFBCF1000F0CD115E0B0
:10A8C000BAF1640F3CBFC4F1390100F80A100AF173
:10A8D000010ABCF1000F09D0BAF1630F98BF00F86C
:10A8E0000AE00AF1010AACF1010CA7E7BAF1640F22
:10A8F0003CBF202100F80A100AF10101642907D2A7
:10A9000099F81821002A4FF0620208BF77224254BA
:10A910000AF1020164293CBF2022425499F81961CE
:10A920000AF1030146B1F2070ED1B20714D472073F
:10A9300019D432071ED422E064293CBF2D22425490
:10A940000AF104011BE000BF64293CBF4B224254C2
:10A950000AF10401B207EAD563299CBF512242548F
:10A9600001317207E5D563299CBF6B224254013146
:10A97000320704D563299CBF7122425401316429F6
:10A980003CBF2022425499F81A314A1C402B05D171
:10A99000642A4FF0020312D22D260CE0642A03D25F
:10A9A00003F00706613686548A1C642A06D23126D3
:10A9B00006EBD3060323865401E000BF0323CC1823
:10A9C000642C3CBF2021015599F81B21CD2656430C
:10A9D000F50A05EB85060021A2EB460607F8191CCF
:10A9E00047F81D1CB9F81E1146F030064FF0010E55
:10A9F00007F81E6C0A2A4FF0010621D204F1010C5F
:10AA0000BCF1640FA6F101023ED3002A04F1020555
:10AA100043D0632DA6F1020203D8A7F11E039B5C6D
:10AA2000435504F1030CDAB3BCF1630F06D8A7F168
:10AA30001E02324412F8032C00F80C20221D31E0D3
:10AA40001A266E43360A46EA8606A5EB460646F007
:10AA50003006642A07F81D6C08D2022604F1010CA6
:10AA6000BCF1640FA6F10102CFD20DE0292672439A
:10AA7000120B3032032607F81C2C04F1010CBCF138
:10AA8000640FA6F10102C0D2A7F11E039B5C00F87F
:10AA90000C30002A04F10205BBD12A4602E000BFB7
:10AAA0006246AC46642A0EEB51033CBF2026865416
:10AAB0004CF6CD425A43D60C06EB8602A3EB42027B
:10AAC00042F03002122907F81E2C07D201230CF1A4
:10AAD0000202632AA3F101015FD962E041F69A12F2
:10AAE00006FB02F52D0C05EB8505A6EB450646F0A9
:10AAF0003006C62907F81D6C08D202230CF10202A9
:10AB0000632AA3F1010148D94BE000BF9E0841F23E
:10AB10007B456E43760C7243120C02EB8202A6EB6D
:10AB2000420240F2CE7642F03002B14207F81C2CCD
:10AB300008D203230CF10202632AA3F101012CD9EC
:10AB40002FE000BFDA0842F2C5067243120D6726F5
:10AB50005643B60A06EB8606A2EB460244F61E668C
:10AB600042F03002B14207F81B2C07D204230CF14B
:10AB70000202632AA3F101010FD912E0190940F280
:10AB800047325143C90C3031052307F81A1C0CF128
:10AB90000202632AA3F1010103D8A7F11E06765C25
:10ABA000865400290CF103012AD06329A3F1020283
:10ABB00003D8A7F11E06B65C46540CF10401FAB1A5
:10ABC0006329A3F1030203D8A7F11E06B65C46541D
:10ABD0000CF10501A2B16329A3F1040203D8A7F186
:10ABE0001E06B65C46540CF106014AB1632905D82D
:10ABF000A7F11E021A4412F8052C42540CF1070169
:10AC000063299CBF20224254084602B0BDE80007D9
:10AC1000F0BD00BF4EF63872C0F200020846402177
:10AC2000FDF76EFD4EF65072C0F200020846062196
:10AC3000FDF766FDD0B502AFD1E914CE140405D0FE
:10AC40005CEA0E040AD00A2123E000BF5CEA0E0190
:10AC50004FF00A0108BF0D2100221AE0C2F385144B
:10AC6000214491F860101FFA82FE0F3918BF114677
:10AC70000FFA82FCBEF5404F28BF002102F4704459
:10AC80001CF5804FB8BF1146B4F5E04F18BF0A4617
:10AC90000D21017600218282C182C0E90013C0E942
:10ACA000023303614176D0BDF0B503AF2DE9000F4B
:10ACB0008FB0D0E90A53D0E90E6182680E95CDE9D4
:10ACC0000B2321EA030226EA05052A43C268D0E9DC
:10ACD00008B40A92D0E90432D0E90CE90992D0E92B
:10ACE0000652D0E9008A079644EA02064BEA050CB0
:10ACF000089104920395069302BF09EA0A020EEA3C
:10AD0000080552EA050223D00E9A0C9B2EEA020295
:10AD100029EA03052A434FF00002CDF8349029D1E7
:10AD20009946079B03EA08019846089B03EA0A052F
:10AD300029431FD10CEA080106EA030211430294D9
:10AD4000CDF804B01CD001217246009187E000BF0D
:10AD50000CEA0E0206EA09052A43029436D00021C5
:10AD60000091DDE907214C46CDF804B0DDF83090C4
:10AD700078E000BF10460FB0BDE8000FF0BD00BF87
:10AD80000B99744601EA0802069901EA080A099932
:10AD900001EA030C0A995AEA0C0E01EA030133D0C6
:10ADA000114359D145F2AA51C5F2AA511EEA010F29
:10ADB0004FF000024BD04AF65521CAF655210AEA57
:10ADC000010501EA0C01294346D1D3E703EA0E014C
:10ADD000099B0B9A03EA090351EA03050D950A9DA5
:10ADE00002EA0E02CDF814E005EA090E4C4600F026
:10ADF000A78152EA0E0200F0CD8100210091DDE929
:10AE00000721DDF814E0AFE74FF0553C0CEA52059E
:10AE1000521B0CEA51054FF0333C491B22F0CC3E4B
:10AE20000CEA920221F0CC3572440CEA91012A44DA
:10AE300011444FF00F3521F0F03205EA11111144A1
:10AE40004FF001325143B1F1407F05D2002210464C
:10AE50000FB0BDE8000FF0BD0121009122460D9911
:10AE6000C6461C4604EA09030E9E93FAA3F391FA20
:10AE7000A1F1B3FA83F3B1FA81F116EA0E0603F1F8
:10AE8000200B01F1200196FAA6F618BFB6FA86FB50
:10AE900092FAA2F3002A18BFB3FA83F1099A4FF08D
:10AEA000553502EA040C069AA04602EA0E0905EAA4
:10AEB0005906A9EB060605EA5C0473464FF0333EDB
:10AEC000ACEB040426F0CC320EEA9606164424F0CD
:10AED000CC320EEA9404CDE9084222440C96324466
:10AEE0004FF00F3622F0F03406EA121222440B9C87
:10AEF00005931C400A9B05EA540A03EA0803A4EBE5
:10AF00000A0405EA53055B1B24F0CC350EEA9404D1
:10AF10002C440EEA930523F0CC3323442B4406EA59
:10AF2000131623F0F03333444FF00136724302F02E
:10AF30007F42B2F1807F06FB03F3CDF834800E939D
:10AF400034D103F07F42B2F1807F2FD14AF65523EE
:10AF500049EA0C02CAF655231A420A4608BF82F093
:10AF6000070202F0070303EBD202D31F98BFC2F11E
:10AF700007034FEADB02A2EBD102002A0BF007061F
:10AF800001F0070148BF5242741A4FF40C7548BFD4
:10AF90006442944288BF224603FB05F102EB820221
:10AFA000A1EB820101F18C0C32E000BF0722A2EB81
:10AFB000D106B6EBD10FA8BFCE087643C6EBC606C6
:10AFC00001F00702B5B282F0070306EBD5364FEA6F
:10AFD000DB059342A5EBD10128BF1346002935B20A
:10AFE0000BF0070648BF4942B41A03FB03F348BFFE
:10AFF00064428C4288BF2146C3EBC3036A1001EB55
:10B000008101494202EB5302C2EB810101F1E60CDE
:10B010000C99099A4FF00F3A0A4408994FF0013EF3
:10B020000A4422F0F0330AEA1212134403FB0EF32F
:10B03000DDF8148003991B0E4FF4A57503FB05F989
:10B0400001EA08054FF055340D9E049A04EA5501B3
:10B05000691A02EA060504EA55024FF03333AA1AC8
:10B0600021F0CC3503EA9101294422F0CC35294462
:10B0700003EA9202114421F0F0320AEA1111019D13
:10B080001144029A05EA0805324004EA5506AD1B50
:10B0900004EA5204121B25F0CC3403EA95052C4433
:10B0A00003EA920322F0CC3222441A440AEA121331
:10B0B00022F0F0321A440E9B01FB0EF11B0E03EB43
:10B0C000830309EB831302FB0EF2090E63444FF472
:10B0D000FA76120E11FB06314FF47A7390F8A060E5
:10B0E00012FB0311009A90F8A300B2424FF630020F
:10B0F000CFF6FF72A2EB010208BF01F5FA62C72882
:10B1000028BFC72041F671015043CAF6AB5150FB2E
:10B1100001F0811101EBD07048F241311044CFF6BB
:10B12000FF718842C8BF014647F6BF4001228142F5
:10B13000A8BF014610460FB0BDE8000FF0BD00BF2C
:10B140004FF0553101EA5205521B01EA5E054FF0FE
:10B150003333AEEB050522F0CC3103EA920225F041
:10B16000CC3E0A4403EA950572442A444FF00F3559
:10B1700022F0F03E05EA121272444FF001356A43A4
:10B18000A146029CDDF814E0B2F1407FFFF4BCADB3
:10B19000E5E500BF45F2AA520D9DC5F2AA52A146AF
:10B1A000029CDDF814E015421FBF4AF65522CAF68C
:10B1B000552201EA02051A4018BF52EA05023FF47F
:10B1C000A3ADCCE5F0B503AF2DE9000FA7B001F1B9
:10B1D00030060290D1E900044CCECD6B01910240C3
:10B1E0002340304005EA0401CDE91A23CDE91C01D2
:10B1F0001A43084342EA124240EA104042EA12224D
:10B2000040EA1020D2B2C0B2CDE91E200020CDE924
:10B210002000CDE92200CDE924001AAA0121012055
:10B220004FF0000E10E000BF4FF0000C049920A872
:10B2300040F82EC0C907DDF80CE04FF002004FF0D7
:10B2400000011AAA00F09281049102EBCE0152F89B
:10B250003EA04B6803905AEA0301E5D08EF001004E
:10B2600002EBC001496852F830200A911EA90B92E6
:10B2700051F82E2051F82010099205914AF6C0711C
:10B28000C2F2000101EB40200890CEEBCE00079007
:10B2900022A800EBCE004FF0000B1A460690CDE935
:10B2A0000C3ACDF838E009E01998169A0AEA000A33
:10B2B0001898E34602405AEA0201B7D092FAA2F384
:10B2C000B3FA83F39AFAAAF103F12006BAF1000F58
:10B2D00018BFB1FA81F6BAF1010006F007014FF08C
:10B2E00001331990169262F1000003FA01F24FF057
:10B2F00002335FEA520503FA01F34FEA320423F006
:10B30000013324F0803425F0803544EA030C45EA0B
:10B31000030E0125022405FA01F304FA01F1189045
:10B32000C9B2099841EA530111910840C6F12001C0
:10B330004FF6F87425FA01F11090CFF6EF7408BFBC
:10B34000A344B6F1200358BF05FA03F105FA06F548
:10B3500058BF00250C98DDF8349020EA01031295BF
:10B3600029EA05052B4306F038081391179213427A
:10B37000C8F120024FF0FF0121FA02F518BFA344E3
:10B38000B8F120030F9258BF01FA03F5089C0EEAAA
:10B39000000204EBC6035B6805EA020503EA00034A
:10B3A000CDF850E043EA050E01FA08F358BF002338
:10B3B000CDF854C00CEA090554F836C007982B4064
:10B3C0000CEA0901194380EAD603062B28BF06239D
:10B3D00051EA0E0103F101091CD04EF69051C0F262
:10B3E000000151F82910013B4FF0000538BF2B46F2
:10B3F0004B43DD1703EB95739B034FF6FF75AB4390
:10B400005944DDF838E001EB030CBEF1000F6BD1BD
:10B4100026E000BFDDE91004DDF838E0E0B1BEF160
:10B42000000F33D0F108072932D008F108014FF09E
:10B43000FF3E0EFA01FCC8F118012EFA01F141EAB3
:10B440000C03B8F1180158BF0EFA01F3DDF838E02B
:10B4500058BF4FF0000C35E0DC46BEF1000F43D181
:10B46000B8F1380F42D008F108014FF0FF3606FA64
:10B4700001F2C8F1180126FA01F141EA0203B8F11C
:10B4800018015CBF06FA01F3002245E0082E03D242
:10B490004FF0000C002315E0C8F140014FF0FF3ED3
:10B4A0002EFA01F3C1F120010EFA01F143EA010C79
:10B4B0000F99002958BF2EFA01FCDDF838E058BF7B
:10B4C000002300BF0CEA050113401943DC464FF688
:10B4D000F771CFF6EB7108BF8C440598044208BFA2
:10B4E000DC46BEF1000FBBD0082E03D200220023A1
:10B4F00012E000BFC8F140014FF0FF3626FA01F319
:10B50000C1F1200106FA01F10F9843EA0102002877
:10B510005CBF26FA00F2002317981599149C01438A
:10B5200044EA00060A9806400B980140114006EADA
:10B53000030211437FF4B8AE0698139BD0E90012C2
:10B540001A43129B1943C0E900124EF6B051C0F2E3
:10B5500000014EF6505251F82910C0F2000252F884
:10B560002920614401EB024C9EE600BFDDE9200189
:10B57000019AA0EB010CDDE92216DDE924540298C2
:10B58000D2E91223C0E90016C0E90254103080E865
:10B590000C1027B0BDE8000FF0BDD4D4F0B503AF58
:10B5A0002DE9000FEBB04BF64825C2F2000505F17E
:10B5B00078042046FFF778FBC00741F0FD8032A8F1
:10B5C00021460394FFF7FEFDD5E92B8605F1A0097E
:10B5D00099E8030201EA0802D5F8B44092FAA2F20F
:10B5E000B2FA82F2D5E91EEC02F1200501EA04026A
:10B5F00010EA090392FAA2F293FAA3F3B2FA82F2E2
:10B6000018BFB3FA83F510EA060302F120022B916A
:10B610002D9093FAA3F318BFB3FA83F20592CDE904
:10B620003A52CDF8B8900EEA090ACDF8B0800CEA8B
:10B6300008090EEA06020CEA040849EA0A0048EA88
:10B64000020140EA104041EA114140EA102041EA7B
:10B650001121C0B2C9B2CDE940010020CDE94200BC
:10B66000CDE9440046A80830502131963094CDE908
:10B670003CA9CDE93E282F9201F080FF402D049592
:10B6800081F0C0804AF6C0520499C2F2000202EB77
:10B69000C10043684FEAC9104FEA492640EA5A60A0
:10B6A00046EADA5620F0803526F0013452F831208F
:10B6B00047F60071CDF8A89045EA04094FF60064FA
:10B6C000C7F67F71CFF6FE6401EACA1104EA4A2484
:10B6D00041EA040E4FEA4A2447F6006504EACA1418
:10B6E000C7F67E6530402C404EEA020531992E9E09
:10B6F0005E9549EA03055F9541EA0605519320F0FE
:10B70000813003EA09033099DDF8B0C0509202EAB3
:10B710000E021843224341EA0C0B2B0ACDE96220AA
:10B720004FF6007043EA0B63C0F2FF004BF648216E
:10B730001843C2F20001D1E9261300EA0A022B984D
:10B74000269543EA00052D981C9141EA000A2A98A3
:10B750002F9905EA0C04AC460AEA06050C9300EAA8
:10B760001B2345EA02004A0A1C4342EAC853CA099D
:10B7700042EA486223F0803522F00136354347F62D
:10B780007F764FF6FE61C0F27F06C0F2FE012843CD
:10B7900006EA582601EAD811C0430E436690059880
:10B7A00044EA0601C9433F286791CDF818E1CDF876
:10B7B0001C9101F227804FEA58204FEAD811084027
:10B7C00002EA030147F67E62059B4AF6C054C0F2C6
:10B7D0007E02C2F20004104004EBC30254F833307E
:10B7E000526845EA0304609446EA02045C932B40E5
:10B7F0005D92324021F081315295269D10431943CC
:10B80000CDE964102F9961944FEA0B242A024FF678
:10B81000007044EA1564C0F2FF001140319A309B79
:10B82000204300EA080002EA0A0203EA0C03184374
:10B83000114341EA0E0140EA0900C043C943CDE982
:10B8400068104BF64821C2F20001D1F88000DDF803
:10B8500070A00B90D1F8840053960A90D1F888001C
:10B8600000260990D1F88C0001220890D1F89000B0
:10B87000CDF850B00790D1F8940006908AEA050000
:10B880001B900C9880EA0B001A90012014E000BF76
:10B89000A6F10E001D99404442AA42F821001199D8
:10B8A000109EC9074BF648214FF002004FF00002EE
:10B8B000C2F2000100F07086119286F001033AAAEC
:10B8C0000DF5807C52F823E05CF826202793309217
:10B8D0005CF82320002E2F924FF0FF0208BF4FF696
:10B8E000FF72299240F20002CFF6FF7201EBC6010F
:10B8F000D1E92A4308BF4FF07F420A99289203EA10
:10B9000001020B9913940C4054EA020110901D9609
:10B91000CDF87CE0129300F0378106EB460046A993
:10B9200001EB001353F8080F66A92E9001EBC60037
:10B9300040680DF5BC7918904FEADE0017900EF0C4
:10B94000070016903CA800EBC600159059F8360089
:10B9500009EBC6052D9068680DF5C4782B9058F852
:10B960003600944608EBC60251F836102C90506809
:10B97000D3F804904FF0000B664619910F950E9284
:10B980002A900D9327E000BF159A2099D2E900363E
:10B990004FF4807222FA01F102FA08F5BAF1000FB1
:10B9A00058BF02FA0AF158BF00251D9A4FEA1E241B
:10B9B000002A1CBF44EA0065010A06EA010003EA06
:10B9C0000501084318BF0BF1120B249E64465CEA84
:10B9D000060000F0C78096FAA6F1B1FA81F101F1F4
:10B9E00020084AF2C03194FAA4F0C2F20001CDF866
:10B9F0009490002C18BFB0FA80F801EBC80051F801
:10BA0000389019994568189801EA09014FF05532A4
:10BA1000284002EA5103C91A02EA50034FF03332B8
:10BA2000C01A21F0CC3302EA9101194420F0CC3342
:10BA3000194402EA900008444FF00F3220F0F03130
:10BA400002EA101008444FF00131631E01FB00F0C0
:10BA500066F10002B0F1106F4FEA106080F0B2861C
:10BA6000179922924FF24412C1EBD801C0F20002A2
:10BA7000002948BF494252F8200008F007022190EF
:10BA800016981E92101A48BF40428842B446CDE92B
:10BA90002334CDF8C4B088BF0146042906D2279AC2
:10BAA00044A951F82200143041F82200C8F12000C6
:10BAB0000121209021FA00F001FA08FEB8F1200AD5
:10BAC00058BF01FA0AF058BF4FF0000E299C289E7B
:10BAD00004400EEA060B54EA0B04DDE923142D9E04
:10BAE00004EA0104229906EA09030CEA010C2C99E4
:10BAF0002A9A41EA03012C912B9946EA090601EAA8
:10BB0000050342EA03022E9B41EA050143EA0903C9
:10BB1000DDF894902B91DDF8C4B02199CDF890C058
:10BB200049EA05098B44A4462A922E932D963FF4A8
:10BB30002BAF1E99012202FA01F3022202FA01F64A
:10BB4000F6B22F9A46EA5303134240F236025E469B
:10BB5000C0F2220208BF1644309A134218BFB346FF
:10BB600012E700BF0F982D992B9ADDF870A0C0E95D
:10BB700000120E982C992A9A129BC0E900120D9877
:10BB80002E99C0E9001901E04FF0000B09981399B4
:10BB900000EA0104089800EA030254EA020100F0F6
:10BBA00032811D9B62A8169100EBC30903EB430091
:10BBB00046A901EB001166A800EBC30A50F8330058
:10BBC0000DF5BC7E1E90DAF80400DDF87CA051F87B
:10BBD000108F0EEBC30C19904FEADA0562A8189586
:10BBE0005EF83350DCF8046050F83330CDF83C9008
:10BBF000D9F804900E9149680AF00700CDF854C0B6
:10BC000017901EE0DDE92C24DDE9246321982A9DAC
:10BC1000044020980CEA060149EA01092399DDF85D
:10BC200070A002400EEA0500034341EA0C0148EA15
:10BC30000E0846EA0C0654EA020045EA0E0500F03A
:10BC4000D780CDE9246392FAA2F3B3FA83F3CDE966
:10BC50002A5894FAA4F003F12005002CCDE9229192
:10BC6000CDF8C4B018BFB0FA80F5601E219062F123
:10BC7000000020904AF2C050C2F200002D9400EB68
:10BC80004514D4E90291DDF868C0DDF86CA0D4E970
:10BC900006302C922E9101EA0C0109EA0A0292FA6E
:10BCA00082F80EBAB2EB030B02BA8141B61A36BA69
:10BCB00086EA010E1EBA68EB060109BA81EA0B0199
:10BCC000D4E9048B09EA01092E9908EA0A040EEA6C
:10BCD000010E0BEA0C01E31A61EB000009BA891AA4
:10BCE00022BAB24109BA484011BA594001EA0801E2
:10BCF00000EA0B0040EA0E0C41EA090E1E99199861
:10BD000001EA0E014FF0553600EA0C0006EA510236
:10BD1000891A06EA50024FF03336801A21F0CC32ED
:10BD200006EA9101114420F0CC32114406EA900059
:10BD300008444FF00F3220F0F03102EA10100844AE
:10BD40004FF001314843B0F1606F4FEA106080F06E
:10BD500041851899C1EBD50B4FF2FC01C0F20001EF
:10BD6000BBF1000F48BFCBF1000B51F820801799B1
:10BD700005F00700B0EB010948BFC9F10009D9453A
:10BD800088BFCB46BBF1050F06D2279E44AA52F8C6
:10BD90002610143142F826102899299EC5F1200258
:10BDA000E94006FA02F21143B5F1200258BF26FA23
:10BDB00002F1DDF8C4B0DDF88890C344DDF8AC8052
:10BDC000C9073FF41FAF01210222814002FA00F0AF
:10BDD000C0B240EA51002F991C2208425946C0F2D5
:10BDE000140208BF1144309A104218BF8B4609E76D
:10BDF0001598C0E900560F98C0E900390E98129BBB
:10BE0000C0E9008116994AF65520CAF6552001422C
:10BE100040F21E00D846C0F2370018BF804445F2F9
:10BE2000AA50C5F2AA50014208BFD84607981399F4
:10BE300000EA0109069800EA030259EA020000F04C
:10BE40003F811B981D9B80EA090022901A9846A901
:10BE50005040219003EB430001EB001566A901EB74
:10BE6000C300406851F833101E901F980DF5BC7E3A
:10BE70002091C10819915EF833100EEBC30A0DF53D
:10BE8000C47C2E91DAF804100CEBC30B55F8184F54
:10BE90002D91DBF804105CF833602B91696800F099
:10BEA0000700CDF85CA0CDF858B015952C911890EE
:10BEB00031E000BF24982D9D09EA000923982B9BAF
:10BEC00002400EEA050003432B932E9B45EA0E0524
:10BED0000CEA030006432C9843EA0C0340EA0E00E8
:10BEE0002C9001FA0BF02F992D95084240F2130186
:10BEF000C0F207012E9304BF3021C0F21D01309B18
:10BF000044EA0C04184208BF884459EA02002A98FF
:10BF1000804400F0C58092FAA2F3B3FA83F399FA51
:10BF2000A9F003F12005B9F1000F25962894CDF86A
:10BF3000C48018BFB0FA80F5B9F10100249062F115
:10BF400000004AF2C0512390C2F20001680101EBE7
:10BF5000451651F800C0229CD6F804E0D6E90663E5
:10BF6000DDF884800CEA040129920EEA080208BA7E
:10BF7000891B92FA82FB9A411BBA36BABBEB0303C8
:10BF8000B04100BA484005F020011BBA81F02006FC
:10BF900083EA020A24FA01F308FA06F400EA0C0024
:10BFA000234305F0180C2A90B1F1200058BF28FA5D
:10BFB00000F30CF1010849F2C01205F0070B23FA57
:10BFC00008F3C2F2000203F03F0302EB8B12D25CD3
:10BFD0000AEA0E0302FA0CF222FA06F658BF02FA37
:10BFE00000F602FA01F058BF00202A9943EA060E33
:10BFF00041EA000C20991E9801EA0C014FF05533DC
:10C0000000EA0E0003EA5102891A03EA50024FF0D7
:10C010003333801A21F0CC3203EA9101114420F02D
:10C02000CC32114403EA900008444FF00F3220F064
:10C03000F03102EA101008444FF001314843B0F1EA
:10C04000706F4FEA106080F0CD831999C1EBD50570
:10C050004FF2B001C0F20001002D48BF6D4251F80F
:10C060002000DDF87CA02A901898DDF8C480BBEB96
:10C070000000DDE92842259E48BF4042A8424FF01B
:10C08000010188BF0546052DBFF414AF279B44ADC1
:10C0900055F82300DDF87CA0283045F8230009E797
:10C0A0001798DDE92D21129BC0E9001216982B99F3
:10C0B000C0E9006115982C99C0E900411C9902E083
:10C0C0005146DDF87CA0139800EA01040C9803EABD
:10C0D000000C54EA0C0000F06481DDF874E046A91D
:10C0E0000EEB4E0001EB001166A800EBCE0550F8F8
:10C0F0003E000DF5C47B1F90686852460BEBCE09DD
:10C100001E90D00851F820AF1990D9F804005EAE07
:10C1100006EBCE032F90486856F83E6017935B6895
:10C120005BF83E50309002F00700CDF85890159122
:10C1300018901BE0219809EA0601044020980D435D
:10C1400030990CEA000C2F980EEA030241EA0E0126
:10C15000104330914AEA090A43EA0E0346EA090607
:10C1600054EA0C01D8442F9000F010819CFAACF1F5
:10C1700022A8B1FA81F180E8680494FAA4F001F1F0
:10C18000200B002CCDF8C48018BFB0FA80FB601ED5
:10C1900021906CF1000020904AF2C050C2F20000E1
:10C1A00000EB4B110869D1E902522C90DDF850E008
:10C1B0002698D1E90668299402EA0E0305EA0004EC
:10C1C000CDF8A0C093FA83F9A01B98FA88FC94FAE2
:10C1D00084FA63EB0804B9EB0C031BBA2E9083EAD4
:10C1E000040033BA2A936AEB03032E9C1BBA634004
:10C1F0004C6910402C9ADDF898A02B402D9004EA51
:10C200000E0002EA0A052E9303BAB5EB060960EBAD
:10C210000800B3EB0C03CDF8AC901BBADDF8A89086
:10C2200083EA000328BA60EB09002B9D00BA68403E
:10C2300010402C9048684AF2C0514FEA4B15C2F2A8
:10C2400000014D5903EA040105EA0A032B919A1BE8
:10C2500000EA0E0161EB080609BAB1EB0C011BBA4A
:10C2600063EB09031BBA5A400BF0200309BA02EA38
:10C27000050C83F0200581EA06092AFA03F60EFA76
:10C2800005F426430BF01802B3F1200458BF2EFA30
:10C2900004F602F1010126FA01F149F2C0160BF091
:10C2A000070AC2F2000601F03F0106EB8A16715C34
:10C2B00000EA090001FA02F121FA05F258BF01FA79
:10C2C00004F201FA03F12D9B2B9E2C9D43EA0603F9
:10C2D0002E9E58BF00212E4331431A4341EA0C09D8
:10C2E0001F9942EA000E1E9801EA09014FF05533EA
:10C2F00000EA0E0003EA5102891A03EA50024FF0E5
:10C300003333801A21F0CC3203EA9101114420F03A
:10C31000CC32114403EA900008444FF00F3220F071
:10C32000F03102EA101008444FF001314843B0F1F7
:10C33000E05F4FEA106080F05D8219994FF23002A1
:10C34000C1EBDB01C0F20002002948BF494252F8AC
:10C3500020B01898DDF8C480BAEB0002DDE928C4EB
:10C36000DDF894A0229B48BF52428A4288BF114602
:10C37000DDE923560629BFF4DDAE279A44A850F81C
:10C380002210503140F82210D4E600BF17982F99A0
:10C39000C0E900631698C0E9005115983099C0E9CA
:10C3A00000A11D9D3CA901EBC50051F835203AA91B
:10C3B00051F82560436806F007014FEAD60CADB18D
:10C3C000082E16D306F03806764206F038044FF0F1
:10C3D000FF30C4F1200620FA04F500FA06F62E43D9
:10C3E000203C5CBF20FA04F6002517E0BCF1070FE3
:10C3F00002D10026002511E0083606F038044FF07F
:10C40000FF30C4F1200500FA04F620FA05F53543A3
:10C41000203C5CBF00FA04F5002600BF3240012634
:10C420000129C8BF0E46013E4FF001302B40072EB8
:10C4300028BF072600FA06F503EA0506154055EA67
:10C4400006042BD096FAA6F095FAA5F4B0FA80F07F
:10C45000002DB5FA85F500F1200005F1200518BF83
:10C46000B4FA84F0002E18BFB6FA86F51D9E002E91
:10C4700018BF85F03800CCEBD006002E48BF7642BE
:10C48000042E0BD206EB46004FF20006C0F2000667
:10C4900006EB8000D0F804E002E000BF6FF00D0E64
:10C4A0004FF00130884003EA000502EA000454EA34
:10C4B000050029D095FAA5F6B6FA86F694FAA4F006
:10C4C0002036002C18BFB0FA80F6B4FA84F0203081
:10C4D000002D18BFB5FA85F01D9C002C18BF80F008
:10C4E0003806CCEBD605002D48BF6D42032D0BD886
:10C4F0004FF2000405EB4500C0F2000454F82000A0
:10C5000000EB0E0602E000BFAEF11606062928BFBA
:10C510000621481C4FF0013101FA00F548F2800174
:10C5200080F01F00C0F2800121FA00F0284303EAE6
:10C5300000012A40DDF870A052EA01003FF4A8A9EA
:10C5400091FAA1F3B3FA83F392FAA2F02033002A0E
:10C5500018BFB0FA80F3B2FA82F02030002918BF79
:10C56000B1FA81F01D99002918BF80F03803CCEB97
:10C57000D300002848BF404203283FF689A94FF264
:10C58000000100EB4000C0F2000101EB80004068B8
:10C590003044FFF77FB900BF039C0DF58C780DF593
:10C5A000BC792046002142464B4662AD66AECDE9DD
:10C5B0000056FCF3EDF14299424601EB000B204698
:10C5C00001214B46CDE90056FCF3E2F143990E18E8
:10C5D000DDE9440100FB00F2D31702EB13620028EF
:10C5E00001FB01F0C8BFABEB222BC21700EB1260BE
:10C5F000DDE932230029C8BFA6EB202652EA03005A
:10C60000319653D004994FF00509C808B0F10708D6
:10C6100048BFC8F10008059E01F0070AF008B0F114
:10C62000070E06F0070C48BFCEF1000E05E000BF74
:10C6300002400B4052EA030038D093FAA3F1B1FA5A
:10C6400081F192FAA2F001F12005002A18BFB0FA98
:10C6500080F5501E63F10001102DE9D3EC08062C83
:10C660004FF0060438BFEC0805F00705BAEB0506E5
:10C6700048BF7642464598BF4646BCEB050548BFD5
:10C680006D42754598BF7546052D28BF4D46052E50
:10C6900028BF4E46AD1B002604EB8404CFF6FB7684
:10C6A00006EB044404FB05BBC2E700BFDDE934230D
:10C6B000CDF8BCB052EA030056D0059807214FEAE6
:10C6C000D00A00F00700309004984FEAD00B00F039
:10C6D000070904E02A40034052EA030044D093FAD9
:10C6E000A3F5B5FA85F505F12004002A92FAA2F027
:10C6F00018BFB0FA80F4551E81EAD40C63F1000033
:10C70000BCF1020FE6D3BCF1060F28BF4FF0060CB8
:10C71000309904F00704B1EB040848BFC8F10008E1
:10C72000D04598BFD046B9EB040E48BFCEF1000EFD
:10C73000DE4598BFDE46BEF1050F4FF0050128BF6C
:10C740008E46B8F1050F28BF884600210CEB8C06F9
:10C75000CFF6FB7101EB06463199AEEB080406FB00
:10C76000041131910721B5E74BF64826C2F20006C5
:10C770003898D6E9341208442F99182A0844319978
:10C78000A8BF1822401A01B200F500400014C2F1FF
:10C790001803584301FB02004AF6AB21C2F6AA2156
:10C7A00050FB01F0811096F8182101EBD070002A9F
:10C7B00018BF404200F10A0108466BB0BDE8000F07
:10C7C000F0BD00BF4FF26812C0F200020921FBF772
:10C7D00097FF00BF4FF23412C0F200020E21FBF7A8
:10C7E0008FFF00BF4FF2EC02C0F200020F21FBF7F7
:10C7F00087FF00BF4FF2A002C0F200021C21FBF72E
:10C800007FFF00BF4EF6D032C0F200024020402130
:10C81000FBF776FFF0B503AF4DF8048DADF5826DF3
:10C820000DF104080C46064640464FF4806100F0C6
:10C830004AFF4FF4807047F8180C0020A7F11C0540
:10C8400047F8140C3046294647F81C8CF5F3BEF720
:10C8500030462946F6F334F657F8141CB1F5807FBC
:10C8600044D800293DD0D4F8000208EB810101AA88
:10C87000B0F5807F44D252F8043B24F81030D4F84D
:10C8800000028A4200F10100C4F8000229D0FF280A
:10C8900036D852F8043B24F81030D4F800028A420B
:10C8A00000F10100C4F800021BD0FF2828D852F87C
:10C8B000043B24F81030D4F800028A4200F1010051
:10C8C000C4F800020DD0FF281AD852F8043B24F80F
:10C8D0001030D4F800028A4200F10100C4F80002CE
:10C8E000C6D10DF5826D5DF8048BF0BD4FF20823C3
:10C8F000C0F2000300204FF48072FCF7D5F800BFAF
:10C900004FF2F812C0F200024FF48071FBF7F8FE0C
:10C91000F0B503AF2DE9000FADF52F7D03AC8846D0
:10C92000814620464FF4017100F0CDFE4846214675
:10C93000FFF770FF99F8A0104846F8F369F3839A5F
:10C94000B2F5807F4ED805460E46B8F1020F04EBD3
:10C95000420B15D24FF0000A03AC4FF0000800BFA5
:10C960005C4533D034F8021B48462A463346F8F378
:10C970002DF40028F4D018F101084AF1000AEFE77D
:10C98000A8F10100019000240DF10C080020029094
:10C99000D8451DD038F802AB484651462A463346A2
:10C9A000F8F314F40028F3D084A84946A82200F034
:10C9B0003CFE84A85146F7F375F4019984A8FFF76B
:10C9C000A7FF241802984841E1E700BF444601E070
:10C9D000DDF808A0204651460DF52F7DBDE8000F7B
:10C9E000F0BD00BF4EF6D843C0F200030020114650
:10C9F0004FF48072FCF758F8D0B502AF86B00088CB
:10CA00000C4600218DF80810019128B300F00701B1
:10CA100061318DF80410C0F3C20131318DF8051079
:10CA2000C0F3821161318DF8061000F44041B1F578
:10CA3000804FC0F3422101F131018DF807100ED172
:10CA40004DF61F31C0F30130C0F20001085C052231
:10CA50008DF8080004E000BF4FF030300190042250
:10CA600003A801A9FCF745F8DDE903034DF61B31E6
:10CA7000059A0028C0F20001204618BF042208BF12
:10CA80001946FCF74AF906B0D0BD002A04BF0020C1
:10CA90007047F0B503AF2DE9000BA2F1010EC2F112
:10CAA000000C00240B5D055D9D4224D1A6451ED0DF
:10CAB00001EB040800EB040998F8013099F80150E3
:10CAC0009D4218D10CEB0406B31C10D098F802302C
:10CAD00099F802509D420ED1F31C08D098F803300B
:10CAE00099F803509D4206D10434A242DAD10020C5
:10CAF000BDE8000BF0BDE81ABDE8000BF0BDB0B515
:10CB000002AF10293FD3424202F00305421990427E
:10CB100020D2A5F1010C8DB1002386460EF8013B11
:10CB2000012D07D04370022D1ABF837000F1030E50
:10CB300000F1020EBCF1030F04D20BE08646BCF1FB
:10CB4000030F07D3AEF10400002340F8043F041D97
:10CB50009442FAD1491B21F003001044824210D2C2
:10CB6000002342F8043B82420BD242F8043B82424B
:10CB70003CBF42F8043B824203D242F8043B82426B
:10CB8000EFD301F00301421890421FD24B1E11F067
:10CB900003040CD04FF0000C014601F801CB012C2E
:10CBA0000AD0022C80F801C003D1811C04E00146A8
:10CBB00002E000218170C11C032B38BFB0BD081FEB
:10CBC000002140F8041F031D9342FAD1B0BD80B587
:10CBD0006F46BDE8804000F000B8F0B503AF2DE926
:10CBE000000F8CB0102A1ED3434203F0030800EB61
:10CBF0000803984233D2A8F1010C06460C46B8F15E
:10CC0000000F1AD00C46064614F801EBB8F1010FDC
:10CC100006F801EB11D04E78B8F1020F467008D13A
:10CC20008C1C861C09E084460CEB02039C4540D317
:10CC30006CE08E78CC1C8670C61CBCF1030F0ED342
:10CC4000043C043E14F8045F06F8045F65787570D0
:10CC5000A578B570E578F570351D9D42F2D1A2EB4F
:10CC6000080E01EB08042EF0030214F0030603EB98
:10CC7000020C59D1634515D221460D6843F8045B77
:10CC800063450FD24D6843F8045B63453EBF8D6832
:10CC900043F8045B634505D2CD68103143F8045B6B
:10CCA0006345EAD3A1180EF003020CEB02039C4586
:10CCB0002CD2A2F1010E12F0030413D00A466546ED
:10CCC00012F8016B012C05F8016B0DD04A78022C8B
:10CCD0008CF801201ED18A1C0CF10205BEF1030F55
:10CCE00005D213E065460A46BEF1030F0ED3111FAD
:10CCF0002A1F11F8046F02F8046F4E7856708E7870
:10CD00009670CE78D670161D9E42F2D10CB0BDE85A
:10CD1000000FF0BD8A780CF103058CF80220CA1CC4
:10CD2000BEF1030FE3D2F1E74FF00009C6F1040AA8
:10CD30000BADCDF82C9005EB060B5FEACA751EBF54
:10CD400025788BF800504FF00109A51B0795F500D9
:10CD500001955FEA8A7544BF34F809502BF80950F1
:10CD6000DDF804B01D1DDDF82CA06545CBF10005F4
:10CD700000956DD2734201EB030905F018010546D9
:10CD80000791CDF81090C144079B2AFA0BFAD9F805
:10CD90000410089101FA03F305EB080143EA0A03C2
:10CDA0008A464AF8083BE2453DD2089B0395CDF8F8
:10CDB000189023FA0BF5D9F80890079B059109FA0A
:10CDC00003F32B434B6001F10C03634533D2069D03
:10CDD000ED68089529FA0BF50295DDE9075101FA8E
:10CDE00005F90599029D103145EA09056145CAF822
:10CDF000005028D20699079DDDF81090D1F810A0B8
:10CE0000089909F110090AFA05F521FA0BF12943ED
:10CE1000039D1960103505EB0803191D6145B0D35A
:10CE200009EB080113E00B4609F1040107910433F3
:10CE3000DDF820A00CE00699CA4608310791059953
:10CE400001F1080304E00699DDF820A00C310791F8
:10CE50000025012E8DF8285007F8265C05D10DF12C
:10CE600028094FF00008002609E00799A7F12609D4
:10CE700002260D7949798DF828504FEA0128E107FB
:10CE800001D1002109E007990431895D89F800107A
:10CE900017F8261C9DF82850090441EA0801019E54
:10CEA0002943009D05F018052AFA06F6A9403143EA
:10CEB0001960F7E6F0B503AF2DE9000F8FB0431A04
:10CEC00093422BD201EB020900EB020C102A4AD349
:10CED0000CF0030A2CF00305CAF1000B654564D27F
:10CEE000AAF1010EBAF1000F49D0C846634618F8FE
:10CEF000014DBAF1010F03F8014D42D0C846634617
:10CF000018F8024DBAF1020F03F8024D1FBFC846D0
:10CF100018F8034D634603F8034D32E0102A27D377
:10CF2000434203F0030800EB0803984280F0C380FB
:10CF3000A8F1010C06460D46B8F1000F00F0A980DB
:10CF40000D46064615F801EBB8F1010F06F801EBA6
:10CF500000F09F804E78B8F1020F467040F0958047
:10CF60008D1C861C95E06346991A99425BD3F9E0C3
:10CF700084460CEB02039C45C0F0C780F2E0634698
:10CF8000C846BEF1030F10D3A8F10406F47803F8E5
:10CF9000014CB47803F8024C747803F8034C16F88B
:10CFA000044903F8044D9D42F0D3A2EB0A0E09EBAD
:10CFB0000B0A2EF003042B1BC4F100081AF0030423
:10CFC00040F0DE80AB4226D2A9F11001ABF104099A
:10CFD00001EB0B060CEB0B05F46845F8044C0CEB6D
:10CFE0000904A34217D2B26845F8082C221F9342C5
:10CFF0003FBF726845F80C2CA4F1080293420AD294
:10D0000051F80B20ACF1100C103945F8102C0CEB3A
:10D010000B029342DCD30AEB08090EF00302991AC3
:10D02000994280F09F80A2F1010C12F0030413D00A
:10D030004D461A4615F8016D012C02F8016D0DD010
:10D040004D461A4615F8026D022C02F8026D05D005
:10D0500019F8032D03F8032D4D461A46BCF1030FB2
:10D06000C0F08080AB1E5E7802F8016C1E7802F87A
:10D07000026C13F8016C02F8036C13F8026C043BA9
:10D0800002F8046D9142EED36CE08E78CD1C867070
:10D09000C61CBCF1030F0ED3043D043E15F8044F2B
:10D0A00006F8044F6C787470AC78B470EC78F47057
:10D0B000341D9C42F2D1A2EB080201EB080522F0DC
:10D0C000030615F0030903EB060C6DD1634515D279
:10D0D00029460C6843F8044B63450FD24C6843F86B
:10D0E000044B63453EBF8C6843F8044B634505D24F
:10D0F000CC68103143F8044B6345EAD3A91902F018
:10D1000003020CEB02039C452CD2A2F1010E12F09B
:10D11000030413D00A46654612F8016B012C05F88A
:10D12000016B0DD04A78022C8CF801201ED18A1C8C
:10D130000CF10205BEF1030F05D213E065460A4665
:10D14000BEF1030F0ED3111F2A1F11F8046F02F84E
:10D15000046F4E7856708E789670CE78D670161D05
:10D160009E42F2D10FB0BDE8000FF0BD8A780CF1FD
:10D1700003058CF80220CA1CBEF1030FE3D2F1E7CD
:10D18000AAEB04064FF000090796E600012C8DF883
:10D19000349007F8269C0696029440F08C800DAEE1
:10D1A0000596002608969AE04FF0000BC9F1040A94
:10D1B0000BACCDF82CB004EB090E5FEACA741EBFAD
:10D1C0002C788EF800404FF0010BA5EB0904079472
:10D1D0004FEAC90401945FEA8A7444BF35F80B40F2
:10D1E0002EF80B400B9CDDF804A008941C1D644530
:10D1F000CAF1000400946AD2C9F10003DDF820B03E
:10D2000001EB030E04F0180104460791CDF810E07D
:10D21000C644079B2BFA0AFBDEF80410089103941E
:10D2200001FA03F304EB080143EA0B038B464BF8C6
:10D23000083BE34580F0C880089BCDF818E0DEF895
:10D2400008E023FA0AF4079B05910EFA03F323433F
:10D250004B6001F10C03634580F0C380069CE468D9
:10D2600008942EFA0AF40294DDE9074101FA04FE5B
:10D270000599029C103144EA0E046145CBF8004048
:10D2800080F0C1800699079CDDF810E0D1F810B05D
:10D2900008990EF1100E0BFA04F421FA0AF1214359
:10D2A000039C1960103404EB0803191D6145ADD3CC
:10D2B0000EEB0801ABE0079E96F800907678089692
:10D2C0005FEACA768DF8349004D1002411E0DDF8CD
:10D2D00020B09DE04FF00209A7F126060596079EB3
:10D2E000059C16F80960267017F8266C9DF8349096
:10D2F0003404089E44EA0626029C46EA090605967E
:10D300001E1D0896AE42069EC6F1000959D2121B98
:10D31000CDF804901144ABF10402039209F0180215
:10D320000792059A01EB0B09049107990CEB0B0688
:10D3300059F8044C069D02FA01F124FA05F2114352
:10D3400046F8041C03990CEB01020899914243D260
:10D3500059F8081C059107998C40059921FA05F5A3
:10D360000899254346F8085C151FA94241D2079940
:10D37000059D59F80C4C05FA01F1069D24FA05F5B6
:10D38000294346F80C1CA2F108050899A94278D255
:10D390000799ACF1100C59F8109C0CEB0B05069A90
:10D3A00004FA01F129FA02F2114346F8101C04991B
:10D3B000089A1039AA424A46B4D359449346079171
:10D3C0001EE0DDF814B065E00B460EF10401079194
:10D3D0000433DDF820B01BE0DDE90361154631447C
:10D3E00053E00699F34608310791059901F10803C6
:10D3F0000EE0DDE90362DDF814B03244043A07922E
:10D40000DDF8049045E00699DDF820B00C31079175
:10D410000024B9F1010F8DF8284007F8324C06D1ED
:10D420000DF128094FF000084FF0000E0AE00799AF
:10D43000A7F132094FF0020E0C7949798DF8284096
:10D440004FEA0128E90702D14FF0000E0BE00799DF
:10D45000043111F80E1089F8001017F8321C9DF8ED
:10D4600028404FEA014E01992BFA01F948EA0E01D2
:10D470002143009C04F01804A14041EA090119600D
:10D480003CE6DDE90321114408390791DDF80490F9
:10D49000A346029C0EA9002601EB040C07990E96E8
:10D4A00021440A1FC4F10401CC071EBF14788CF874
:10D4B00000400126890744BF915B2CF806100E99A5
:10D4C000069AD14009F018020BFA02F2114345F80E
:10D4D000041CA0E5042A09D3D0B502AFA2F1040EC2
:10D4E0006FEA0E0313F00C0F06D123E00B468446BF
:10D4F00060461946FFF771BB0B46844653F8044B50
:10D500001EF00C0F4CF8044B09D04B6843600EF032
:10D510000C03042B07D1083A0831083008E07246A2
:10D520006046194606E08B680C3A83600C310C307B
:10D5300084460B46BEF10C0F14D384460B46186884
:10D54000103ACCF80000032A5868CCF80400986818
:10D55000CCF80800D86803F11003CCF80C000CF1EB
:10D56000100CECD8BDE8D04060461946FFF735BB3B
:10D5700080B56F46BDE88040FFF79CBC80B56F4624
:10D58000042905D30B1FDA4312F00C0F02D11AE065
:10D59000024624E04FF0000C024642F804CB13F0A0
:10D5A0000C0F08D003F00C02C0F804C0042A05D107
:10D5B0000839083006E01946104604E000220C390C
:10D5C00082600C3002460C2B09D30023024610392E
:10D5D000C2E90033C2E9023310320329F7D85018E8
:10D5E000824221D2A1F1010C11F003030CD04FF0C3
:10D5F000000E114601F801EB012B0AD0022B82F834
:10D6000001E003D1911C04E0114602E00021917079
:10D61000D11CBCF1030F38BF80BD0439002241F892
:10D62000042F0B1D8342FAD180BD042A09D3D0B543
:10D6300002AFA2F1040E6FEA0E0313F00C0F06D135
:10D6400023E00B46844660461946FFF7C6BA0B46F0
:10D65000844653F8044B1EF00C0F4CF8044B09D0D1
:10D660004B6843600EF00C03042B07D1083A0831D5
:10D67000083008E072466046194606E08B680C3AAE
:10D6800083600C310C3084460B46BEF10C0F14D372
:10D6900084460B461868103ACCF80000032A5868F4
:10D6A000CCF804009868CCF80800D86803F110039F
:10D6B000CCF80C000CF1100CECD8BDE8D040604662
:10D6C0001946FFF78ABA80B56F46042905D30B1FA8
:10D6D000DA4312F00C0F02D11AE0024624E04FF0B8
:10D6E000000C024642F804CB13F00C0F08D003F0F4
:10D6F0000C02C0F804C0042A05D10839083006E03D
:10D700001946104604E000220C3982600C300246B3
:10D710000C2B09D3002302461039C2E90033C2E9B9
:10D72000023310320329F7D85018824221D2A1F1D6
:10D73000010C11F003030CD04FF0000E114601F85C
:10D7400001EB012B0AD0022B82F801E003D1911CDE
:10D7500004E0114602E000219170D11CBCF1030FDE
:10D7600038BF80BD0439002241F8042F0B1D8342CD
:10D77000FAD180BD10B584B002AC009400F004F87A
:10D78000029A039B04B010BD80B56F4686B08446F4
:10D7900002A8CDE9002362460B4600F00DF8D7F849
:10D7A00008C0DDE90201BCF1000F1CBFDDE9043255
:10D7B000CCE9003206B080BDF0B503AF2DE9000B17
:10D7C000D7E902E8BEF1000F72D0B8F1000F6FD1B7
:10D7D000002B00F0FC80734580F00781B3FA83F1E1
:10D7E000BEFA8EF6711A01F1200608BF1F26C6F197
:10D7F000200508FA06F10EFA06F82EFA05F5294377
:10D80000B6F1200506F01F0658BF0EFA05F14FF0DD
:10D81000010505FA06FC4FF0000558BF4FF000085F
:10D8200008E0224633464FEA181444EA01784FEAEA
:10D830001C1C0909B2EB080463EB0106002E03D49B
:10D8400045EA0C0502D12DE014461E465FEA51035D
:10D850004FEA3802A21A66EB0303002B04D445EA10
:10D860005C05144602D11DE0224633464FEA980477
:10D8700044EA8174141B63EB9106002E03D445EA3D
:10D880009C0502D10EE014461E464FEAD80242EA39
:10D890004172A21A66EBD103002BC2D445EADC0523
:10D8A0001446C0D1B4FBFEF101FB1E46294392E0B1
:10D8B000B2EB0E064FF0000173EB08067CD3002B91
:10D8C0007AD0B3FA83F1B8FA88F6711A01F03F06FC
:10D8D00001F01F01C6F1200408FA06F50EFA06FC55
:10D8E0002EFA04F42C43B6F1200558BF0EFA05F4C5
:10D8F0004FF0010505FA01F94FF0000158BF4FF054
:10D90000000C08E032462B464FEA1C1646EA047C1F
:10D910004FEA19192409B2EB0C0673EB040507D47E
:10D9200041EA0901B6EB0E0275EB080202D23AE0B9
:10D9300016461D465FEA54034FEA3C02B21A75EBE5
:10D94000030309D4B2EB0E0541EA590173EB080554
:10D9500016461D4602D226E032462B464FEA9C056B
:10D9600045EA8475561B63EB9405002D07D441EA04
:10D970009901B6EB0E0275EB080202D213E01646CF
:10D980001D464FEADC0242EA4472B21A65EBD40348
:10D99000002BB7D4B2EB0E0541EAD90173EB0805B1
:10D9A00016461D46B0D24FF0000CC0E9001CC0E97D
:10D9B0000265BDE8000BF0BD4FF0000C16461D4699
:10D9C000C0E9001CC0E90265BDE8000BF0BDB2FB78
:10D9D000FEF101FB1E264FF0000C0025C0E9001CE3
:10D9E000C0E90265BDE8000BF0BD0DD1B2FBF3F15B
:10D9F000002501FB13264FF0010CC0E9001CC0E913
:10DA00000265BDE8000BF0BDB3FBFEFCBEF5803F38
:10DA10000CFB1E351AD22904002541EA1241B1FB44
:10DA2000FEF303FB0EF14CEA134CC1EB1241C2EAC8
:10DA30000141B1FBFEF202FB1E1642EA0341C0E9BE
:10DA4000001CC0E90265BDE8000BF0BDB2EB0E01A1
:10DA500075EB080108D200211646C0E9001CC0E998
:10DA60000265BDE8000BF0BD4FEAC87141EA5E03F4
:10DA70004FEACE794FF00048002108E022463546B3
:10DA80004FEA191444EA03794FEA18181B09B2EB5C
:10DA9000090465EB0306002E03D441EA080102D114
:10DAA0002DE014462E465FEA53054FEA3902A21ACA
:10DAB00066EB0505002D04D441EA5801144602D155
:10DAC0001DE0224635464FEA990444EA8374141B4C
:10DAD00065EB9306002E03D441EA980102D10EE0D3
:10DAE00014462E464FEAD90242EA4372A21A66EB66
:10DAF000D305002DC2D441EAD8011446C0D1B4FBED
:10DB0000FEF2002502FB1E461143C0E9001CC0E9DD
:08DB10000265BDE8000BF0BD49
:10DB18007563693F3F3F3F6E6272716973726561F9
:10DB280064797563696E657767616D65726561644F
:10DB3800796F6B0A6D6F766574696D657374617260
:10DB480074706F73706F736974696F6E696E6669EC
:10DB58006E697465706572667462656E6368736514
:10DB6800746F7074696F6E3F0466656E20C0010A39
:10DB780000056576616C20C01020287369646520F3
:10DB8800746F206D6F7665290A0015696E666F20BF
:10DB9800737472696E672072616D20636F646520AB
:10DBA800C006206461746120C0052062737320C0C0
:10DBB8001120737461636B5F756E746F756368654C
:10DBC8006420C008206379636C657320C0010A0073
:10DBD800433A5C55736572735C4A657373655C445C
:10DBE8006F63756D656E74735C436F64696E675CB3
:10DBF8004E617061626C616E63612D436865737319
:10DC08002D456E67696E655C6D6F6E61735C656EE0
:10DC180067696E655C7372635C6D6F766567656E68
:10DC28002E727300C0010A007372635C75692E72EC
:10DC380073002000D6000728757020746F20C00F6D
:10DC4800732C20423A206D6F7665206E6F7729001D
:10DC58000B73636F7265206D61746520C0012000CD
:10DC68007372635C6D61696E2E7273007372635CAC
:10DC780068772E727300433A5C55736572735C4A19
:10DC8800657373655C446F63756D656E74735C432F
:10DC98006F64696E675C4E617061626C616E63612E
:10DCA8002D43686573732D456E67696E655C6D6F8E
:10DCB8006E61735C656E67696E655C7372635C65E3
:10DCC80076616C2E727300433A5C55736572735CAF
:10DCD8004A657373655C446F63756D656E74735CD8
:10DCE800436F64696E675C4E617061626C616E63FC
:10DCF800612D43686573732D456E67696E655C6D4C
:10DD08006F6E61735C656E67696E655C7372635C88
:10DD180061747461636B732E727300433A5C55735C
:10DD28006572735C4A657373655C446F63756D6592
:10DD38006E74735C436F64696E675C4E6170616298
:10DD48006C616E63612D43686573732D456E6769F9
:10DD58006E655C6D6F6E61735C656E67696E655C40
:10DD68007372635C7A6F62726973742E727300C027
:10DD780000154576616C3A205768697465206D61B5
:10DD880074657320696E20C0000120C0000C6265B4
:10DD98006E636820646570746820C007206E6F64C5
:10DDA800657320C0062074696D6520C005206E70FB
:10DDB8007320C0010A007372635C696F2E7273006E
:10DDC8000B696E666F20646570746820C00A2073E2
:10DDD800656C646570746820C0012000433A5C5526
:10DDE800736572735C4A657373655C446F63756DC4
:10DDF800656E74735C436F64696E675C4E617061D5
:10DE0800626C616E63612D43686573732D456E673F
:10DE1800696E655C6D6F6E61735C656E67696E6572
:10DE28005C7372635C74742E727300433A5C55734E
:10DE38006572735C4A657373655C446F63756D6581
:10DE48006E74735C436F64696E675C4E6170616287
:10DE58006C616E63612D43686573732D456E6769E8
:10DE68006E655C6D6F6E61735C656E67696E655C2F
:10DE78007372635C7365617263682E7273000B69F9
:10DE88006E666F20646570746820C007206E6F64CA
:10DE9800657320C0062074696D6520C005206E700A
:10DEA8007320C0010A00433A5C55736572735C4A7B
:10DEB800657373655C446F63756D656E74735C43FD
:10DEC8006F64696E675C4E617061626C616E6361FC
:10DED8002D43686573732D456E67696E655C6D6F5C
:10DEE8006E61735C656E67696E655C7372635C70A6
:10DEF80069636B65722E727300154576616C3A2002
:10DF0800426C61636B206D6174657320696E20C01B
:10DF1800000973636F726520637020C0012000C020
:10DF28000120C00009626573746D6F766520C001B9
:10DF38000A000C73636F7265206D617465202DC0D3
:10DF4800012000D300433A5C55736572735C4A65DF
:10DF58007373655C446F63756D656E74735C436F52
:10DF680064696E675C4E617061626C616E63612D9D
:10DF780043686573732D456E67696E655C6D6F6E7A
:10DF880061735C656E67696E655C7372635C75630B
:10DF9800692E72730006706572667420C007206E61
:10DFA8006F64657320C0062074696D6520C0052004
:10DFB8006E707320C0010A00433A5C557365727332
:10DFC8005C4A657373655C446F63756D656E7473E5
:10DFD8005C436F64696E675C4E617061626C616E10
:10DFE80063612D43686573732D456E67696E655C63
:10DFF8006D6F6E61735C656E67696E655C73726385
:10E008005C706F736974696F6E2E727300066E6F41
:10E0180064657320C0062074696D6520C005206E94
:10E02800707320C00A206861736866756C6C20C0C4
:10E038000320707600046B657920C3200000691006
:10E0480000010A006964206E616D65204D6F6E6184
:10E05800730A696420617574686F72204669726515
:10E06800506C616E6B0A00004DDF00004F0000002D
:10E07800BD00000025000000696E666F2073747291
:10E08800696E6720696E76616C696420706F736968
:10E0980074696F6E20636F6D6D616E640A000000B5
:10E0A8004DDF00004F000000540100003C0000005C
:10E0B8004DDF00004F0000007B0000000C00000056
:10E0C80033DE000052000000680100002600000056
:10E0D800C0DF0000540000006F00000009000000CD
:10E0E80033DE000052000000F201000011000000C1
:10E0F80033DE000052000000050200000D000000A1
:10E1080033DE00005200000021020000230000005E
:10E1180033DE0000520000003E0200000D00000047
:10E1280033DE000052000000830200001E000000E1
:10E1380033DE0000520000008E02000015000000CF
:10E1480033DE0000520000008402000022000000BC
:10E1580033DE000052000000930200001E000000A1
:10E1680033DE000052000000980200001E0000008C
:10E1780033DE000052000000950200001C00000081
:10E1880072336B32722F70317070717062312F621E
:10E198006E32706E70312F33504E332F31703250D3
:10E1A800332F324E325131702F505050424250501E
:10E1B800502F52334B32522077204B516B71202D08
:10E1C80020302031723162716B626E722F70707004
:10E1D80070317070702F326E352F3470332F345089
:10E1E800332F354E322F50505050315050502F52FF
:10E1F8004E42514B4231522077204B516B71202DAA
:10E20800203220337234726B312F3170703171705B
:10E2180070702F70316E70316E322F326231703102
:10E2280042312F324231503162312F50314E50310C
:10E238004E322F31505031515050502F5234524B92
:10E24800312077202D202D2030203130382F32708A
:10E25800352F3370342F4B5035722F315233703184
:10E268006B2F382F34503150312F382077202D2004
:10E278002D20302031726E6271316B31722F7070C7
:10E288003150627070702F3270352F382F3242350E
:10E298002F382F505050314E6E50502F524E425101
:10E2A8004B32522077204B51202D203120383272AA
:10E2B800336B312F7070337070702F3470332F338D
:10E2C80070342F3350342F32503150332F50503355
:10E2D8005050502F3252334B312077202D202D2093
:10E2E8003020317231627131726B312F707032624D
:10E2F8007070702F326E31706E322F327070342F12
:10E308003350342F325042504E322F5050314E310C
:10E318005050502F5231425131524B312077202DDD
:10E32800202D20302038382F382F346B332F33707E
:10E33800342F3350342F344B332F382F3820772055
:10E348002D202D20302031366B312F357070702FF5
:10E35800382F382F382F382F355050502F3352320E
:10E368004B312077202D202D2030203172327172D0
:10E37800316B312F3170316E317070312F703170D7
:10E3880062316E31702F3370342F3350342F324E48
:10E3980042504E31502F505051325050312F52343C
:10E3A800524B312077202D202D20302031343472EB
:10E3B800726B312F7070316E33702F337132705130
:10E3C8002F3270317062322F325050342F32503326
:10E3D8004E312F5032423250502F3452524B31204E
:10E3E80062202D202D20372031390000F0EE00006A
:10E3F8003800000088E1000044000000CCE1000083
:10E40800400000000CE200004800000054E2000058
:10E41800290000007DE2000039000000B6E200009B
:10E4280035000000EBE20000430000002EE300008E
:10E43800210000004FE300002500000074E3000005
:10E4480042000000B6E300003C0000004DDF000081
:10E458004F000000890100002B00000030DC0000A4
:10E4680009000000ED000000360000000000000078
:10E47800280000000400000099790000FD7A0000DF
:10E488000D7C00004D6F6E617320666F72206D69A0
:10E4980063726F3A626974207632207265616479BA
:10E4A8000A53657269616C202855434929206D6FAC
:10E4B8006465000068DC00000B0000001601000025
:10E4C8001400000068DC00000B00000008010000D8
:10E4D80019000000AEA4D5F0A83F408D1421007F9C
:10E4E80022003FA1C8DA1281CFD9F1DB40A6AF00E4
:10E4F800BEDD000009000000EC0000000E00000076
:10E5080020000000000000002000000004000000BF
:10E51800297A0000257C0000917D000030DC000095
:10E5280009000000F80100001900000030DC0000BC
:10E5380009000000DE0100004D00000030DC000092
:10E5480009000000BE01000040000000506C617925
:10E55800206173205768697465506C617920617314
:10E5680020426C61636B53656C662D706C61794DEC
:10E578006F6E61732043686573735468696E6B20AE
:10E5880074696D6573656353656320706572206D8A
:10E598006F76650030DC00000900000032010000E1
:10E5A8001500000030DC0000090000003601000002
:10E5B80019000000064576616C3A20C0C0012EC3E0
:10E5C8002000006902000057686974652077696E49
:10E5D80073426C61636B2077696E730030DC0000F6
:10E5E800090000006701000028000000E4DD0000C9
:10E5F8004E0000007100000012000000E4DD000081
:10E608004E0000009100000016000000000000000D
:10E6180000000000C6020000650400008C05000030
:10E62800700600002B070000C90700005108000011
:10E63800CA0800003609000097090000F109000027
:10E64800430A00008E0A0000D50A0000170B0000DC
:10E65800550B0000900B0000C70B0000FC0B0000DE
:10E668002E0C00005D0C00008B0C0000B60C0000A6
:10E67800E00C0000080D00002F0D0000540D0000F4
:10E68800780D00009B0D0000BC0D0000DD0D0000A2
:10E69800FC0D00001B0E0000390E0000560E000095
:10E6A800720E00008D0E0000A70E0000C10E0000C3
:10E6B800DB0E0000F30E00000B0F0000230F00001C
:10E6C8003A0F0000510F0000670F00007C0F000098
:10E6D800910F0000A60F0000BA0F0000CE0F000037
:10E6E800E20F0000F50F0000081000001A100000EB
:10E6F8002C1000003E1000004F10000061100000B8
:10E7080072100000821000009310000000000050FA
:10E718001500000000000050160000000000005026
:10E728000F0000000000005018000000000000501A
:10E738001300000074DC000009000000EF00000076
:10E7480016000000000000501C00000000000050EF
:10E758000B000000000000501F00000000030050E4
:10E7680005000000000000501E00000074DC0000DE
:10E7780009000000F00000001600000074DC000032
:10E7880009000000D50000003800000074DC00001B
:10E7980009000000AD0000003D00000074DC00002E
:10E7A800090000008B0000004000000074DC00003D
:10E7B8000900000076000000410000000000000091
:10E7C8000000000000000000010000000000000040
:10E7D800020000000000000003000000000000002C
:10E7E8000400000001000000040000000200000016
:10E7F8000400000003000000040000000400000002
:10E8080004000000040000000300000004000000F1
:10E8180002000000040000000100000004000000E5
:10E8280000000000030000000000000002000000DB
:10E8380000000000010000000000000000000000CF
:10E84800E002000060800100EAABAF00EAD6AE004B
:10E8580033119901AA56050160000000C045000067
:10E86800203A000040110500803802000022000014
:10E878008010020000010000101111002E46070050
:10E88800407E0800B956090029D605004CA58F001E
:10E89800B7D69A0088DA8A0031951100AAD6AA005C
:10E8A800A2B6220040010000002A000080A808004B
:10E8B80040290500202A020022D422002ED6E40096
:10E8C800BE140F00BF5605002EC608003F460700BD
:10E8D800BFD60800BF9400002EC6CA009F900F0044
:10E8E800F147000029C617009FA808001F4208002A
:10E8F8005F10F1015F10F4012E460700BF140100FC
:10E9080026650B00BF140501B2D6040021FC1000D7
:10E918000FC20700074174001F11F4019B900D00FE
:10E9280041701100B9CE0800E0C708004110040189
:10E9380020C60F0040040100104208012008000012
:10E948004C4A0F019F5204004C4A090088D20F001C
:10E95800AE560900C4970000A2D607009F100C000D
:10E96800A003000000C206009F280800E04108003C
:10E978005E10E1015E080E004C4A06005E290200A6
:10E9880044290F005C080100902A0100E0510A01A7
:10E998000E420F01064164001E22E801923109006F
:10E9A80092222200525B090080FC0800E00300006C
:10E9B800F11300008010840022D4220068DC0000DB
:10E9C8000B000000BD00000026000000303132338B
:10E9D80034353637383961626364656630303031D2
:10E9E80030323033303430353036303730383039F3
:10E9F80031303131313231333134313531363137EB
:10EA080031383139323032313232323332343235D0
:10EA180032363237323832393330333133323333B6
:10EA2800333433353336333733383339343034319C
:10EA38003432343334343435343634373438343982
:10EA4800353035313532353335343535353635377A
:10EA58003538353936303631363236333634363560
:10EA68003636363736383639373037313732373346
:10EA7800373437353736373737383739383038312C
:10EA88003832383338343835383638373838383912
:10EA9800393039313932393339343935393639370A
:10EAA800393839390101010101010101010101016F
:10EAB800010101010101010101010101010101013E
:10EAC800010101010101010101010101010101012E
:10EAD800010101010101010101010101010101011E
:10EAE800010101010101010101010101010101010E
:10EAF80001010101010101010101010101010101FE
:10EB080001010101010101010101010101010101ED
:10EB180001010101010101010101010101010101DD
:10EB280001010101000000000000000000000000D9
:10EB380000000000000000000000000000000000CD
:10EB480000000000000000000000000000000000BD
:10EB580000000000000000000000000000000000AD
:10EB68000000000000000202020202020202020289
:10EB7800020202020202020202020202020202026D
:10EB88000202020203030303030303030303030351
:10EB9800030303030404040404000000000000004D
:10EBA8000000000030780000D8DB000053000000AF
:10EBB8004900000011000000C0DF00005400000000
:10EBC800570000001B000000CFDC000053000000CD
:10EBD8008100000005000000CFDC000053000000A9
:10EBE80085000000050000004DDF00004F00000018
:10EBF800210100000D0000004DDF00004F00000063
:10EC0800000100003100000066656E6D6F76657367
:10EC18004DDF00004F000000EB000000190000006D
:10EC28004DDF00004F000000EE0000001D00000056
:10EC38007774696D656274696D656D6F76657374F7
:10EC48006F676F64657074686E6F64657300000049
:10EC580033DE000052000000AD000000100000008C
:10EC680033DE0000520000004F0100001A000000CF
:10EC7800C0DF00005400000058010000140000002C
:10EC8800CFDC000053000000B500000005000000C4
:10EC9800C0DF000054000000C4010000250000008F
:10ECA800C0DF0000540000008D00000009000000D3
:10ECB800C0DF0000540000008E00000009000000C2
:10ECC80023DD00005300000049000000050000009B
:10ECD800D8DB0000530000002300000014000000EF
:10ECE800C0DF000054000000390200000C000000E2
:10ECF800C0DF0000540000007A0000000900000096
:10ED0800C0DF0000540000007B0000000900000084
:10ED180000000000010000000100000002000000E7
:10ED28000400000000000000C0DF000054000000E4
:10ED38008300000009000000C0DF0000540000004C
:10ED4800840000000900000000000000000000002E
:10ED58000A00000014000000280000005000000015
:10ED68008C000000DC00000064000000400100008E
:10ED78004A010000F40100008403000000000000C4
:10ED8800000000000000000000000000000000007B
:10ED980007000000080000000C0000001D00000033
:10EDA80030000000560000000000000000000000D5
:10EDB800050000000A000000140000002800000000
:10EDC8004600000078000000C0DF0000540000008A
:10EDD800DB020000270000000D0F0F0F0C0F0F0EB5
:10EDE8000F0F0F0F0F0F0F0F0F0F0F0F0F0F0F0F2B
:10EDF8000F0F0F0F0F0F0F0F0F0F0F0F0F0F0F0F1B
:10EE08000F0F0F0F0F0F0F0F0F0F0F0F0F0F0F0F0A
:10EE1800070F0F0F030F0F0BC0DF00005400000097
:10EE28009A0200001A000000772D00000000000080
:10EE380000000000000000000000000000000000CA
:10EE480000000000000000000000000000000000BA
:10EE580000000000000000000000000000000000AA
:10EE6800000000000000000000000000000000009A
:10EE7800000000000000000000000000000000008A
:10EE8800000000000000000000000000000000007A
:10EE98000F0F0F0F0F0F0F0F0F0F0F0F0F0F0F0F7A
:10EEA8000F0F0F0F0F0F0F0F0F0F0F0F0F0F0F0F6A
:10EEB8000F0F0F0F0F0F0F0F0F0F0F0F0F0F0F0F5A
:10EEC8000F0F0F0F0F0F0F0F0F0F0F0F0F0F0F0F4A
:10EED8000000400000000000C0DF000054000000F7
:10EEE800E400000015000000726E62716B626E72C1
:10EEF8002F70707070707070702F382F382F382FF7
:10EF0800382F50505050505050502F524E42514B65
:10EF1800424E522077204B516B71202D20302031EA
:10EF2800C0DF0000540000004E0000002700000071
:10EF3800C0DF0000540000000D01000019000000AF
:10EF4800706E6272716B0000C0DF00005400000038
:10EF5800160100001A000000AEDE0000520000009A
:10EF68009900000026000000AEDE000052000000FC
:10EF7800A90000001D000000AEDE000052000000E5
:10EF8800CF0000002A000000AEDE000052000000A2
:10EF9800D000000026000000AEDE00005200000095
:10EFA800E400000026000000AEDE00005200000071
:10EFB800F900000026000000AEDE0000520000004C
:10EFC800FD0000001D000000AEDE00005200000041
:10EFD8001801000026000000AEDE0000520000000C
:10EFE8007600000016000000AEDE000052000000AF
:10EFF8007900000010000000000000000000000080
:10F0080000000000140000000E00000008000000CE
:10F018000A000000060000000200000004000000D2
:10F028000200000000000000EDFFEAFFF9FFF2FF18
:10F03800FBFFFCFFFBFF07000D0012000E0018008D
:10F048000E001A00160021001800230022002B00D1
:10F0580029002B002A002D002A0036002A0039003A
:10F068002B003B002B003C002E003D002E003F00F3
:10F0780032004200330043003C00440046004B008D
:10F0880046004B0046004D00470052004A0052001F
:10F098004A0056004B0062007EDC00005000000071
:10F0A8007C01000013000000D9FFDCFFF3FFF8FF2C
:10F0B80001000A000100110001001F0007002C00D8
:10F0C8000E002E00140036001A003C001A003E0004
:10F0D8001A0047001F004A0025004B0025004C007D
:10F0E80028004D007EDC0000500000006B0100008D
:10F0F80013000000E1FFE5FFF3FFF5FF0A00FFFF43
:10F108001000050018000A00210012002300180052
:10F118002900190029001D002C00200034002300BC
:10F12800340026003B0027003F002B007EDC000057
:10F13800500000005301000013000000D8FFDBFF5F
:10F14800DEFFE6FFF9FFF1FFFEFFF8FF0100020016
:10F15800080004000E0007001200090015000B004B
:10F168007EDC0000500000003B010000130000009E
:10F178000100140018001E001B001B0000001100F5
:10F1880025001200000000007EDC00005000000096
:10F19800CF0000001300000003000E00250012003D
:10F1A8003200190039003500330048000000000023
:10F1B8007EDC000050000000CB00000013000000BF
:10F1C800AEDE0000520000005100000034000000D4
:10F1D800CFDC000053000000A90000000E00000072
:10F1E800CFDC000053000000A30000000E00000068
:10F1F800D8DB0000530000002A00000009000000CE
:10F20800D8DB000053000000DE00000013000000FF
:10F21800CBD29DF9AC1038E0F6C9D9CBCDFBEDDCEB
:10F2280000C0E92594BFCD2B671EC44A33A0264AE7
:10F23800CE0509C9EFCD925949490AF36730E1E78C
:10F24800FB786B5E3C7093C15DE792CEE3E981C8C1
:10F25800D59C11820A47ED74CBC8138DD706F95F88
:10F268009CFBB4E511B58884B7C77E07D74372F213
:10F278004BAF6D58E5454A37D7279317AC37D5EAD2
:10F28800FA974A64F7BABDBA378803BD09A3BA9793
:10F2980034186D0CE2AFF8A5388BDCC1EB870CC3D2
:10F2A800A7F9CE81276528F7D19CA76FEB049DC5E8
:10F2B800597466A2E3D9258EBE005C0944AA826C03
:10F2C8001A985DD866CA468B7000F5ECB12BF3CE60
:10F2D800CA714A2A506735879DD0AB99EC9AA3A783
:10F2E800A9A8B17D321E8A38E0B236AB4CB36ABCED
:10F2F80033B877959AC59A92DE0E8C3F295F6A2EAD
:10F30800EDFD6B107E221983357C68A2020BE1DDCE
:10F3180068C7A62CAAA27A0924B92FB1D8A9B5BD65
:10F328007AC448063E7982AEBD0A6F0E386B3F84B8
:10F338005059ED3F26BAFD4F6E9DCF65D063FEEC68
:10F348001833532F4E39DDC2290573B57B107B68FE
:10F3580063119D75B2DE99C438FA31B7A532213DE3
:10F368006D1BEDE027BF2B0032144A1E7F60BD35B0
:10F378001D4960C18CC523EE564E6E93531E9D7871
:10F388006337A14B93B4CC133AE6F01DD01FCC439E
:10F39800EF175503480E0E8383B44A7561FF73CB8C
:10F3A800C52FAA5E9D170D496A2AE9C1CED5BD367B
:10F3B800E8DFB226B2A9B874CB47FB852ECCCE8540
:10F3C80033423943B58130A8F40B7FE02651A918A0
:10F3D800B74CBC7D0696EEBD63D32A7FD330BDDD26
:10F3E800D3087CBED0ADB2F1548DA2D36B2B45E4CB
:10F3F800F3CC6F2A9490E6CEADAAA51C4C85E656B0
:10F408000786E808642F871C6201FD7B306681B09F
:10F41800C86B3B19EBF43C876ED1D6E47F2AFE0B10
:10F428004EEA25BA0F1EE11878CCED111E8A3AE98A
:10F43800EC154DFFD120195A56587045A5A7D17A19
:10F44800DEA3206045D882DD606226B022B6CF8375
:10F45800441210B20209B705546B7046C453D7461C
:10F4680090FB027005C3054B0E9FA5F3B4D6ABB74E
:10F47800B963F6FBF23F6FFB7951CDBD3D7430BAED
:10F48800671553F0D5D4F10A575C6CEACC339EBDAE
:10F49800563F9D0FBB39E8F8BADA8EA07E67C56B78
:10F4A80027FEE8DBB03841DA088F44B18AD90E4C20
:10F4B80065C5A6543FD210CC6CEEA5F55E579BD41B
:10F4C80032C9E7F01D36BEBBAC91A962EACA388BD7
:10F4D80033B8797B8AB1E2B67659E6CFC832EFD332
:10F4E80038794C6320807D252363B5FF96BA267C46
:10F4F8002FB8179E4751047EFDA579DD4511B7CE7B
:10F50800F44BDAFEB9511B7324C787F98358C9C273
:10F518002FD80EFA91099FA670FE6F81429EE6AC25
:10F52800D96536E334CA5086BBAC4AB29CC1F6658D
:10F538006F746FFFF2216B5EAF446D6A4824B3D7D6
:10F54800C0591A4AF245FB344784F5A6FD1634D350
:10F55800429FA4DE73099EF8E98DF07501DE008CE8
:10F56800C2359EE86D3A2C71F874C920C3AE58C8EC
:10F5780053ED2D7D82A9BE51E4F18BFD9261D592A8
:10F58800F21AAEAFF181CDAA263617A48A843F0FAE
:10F598009F833FD6AFB2F56BD46CB238440D1B28AD
:10F5A800A907028E00FBFEBBC8C0A519DDB6763ED2
:10F5B80004D04C4494CECED3A4A8464D2E6691DAFE
:10F5C800852109804925717E8DE0CE9973F2FFB3BC
:10F5D800D9EC4AE36C37F6A0DB23E5AC3D50BFE835
:10F5E800B9CABA87140303A137EB9CC8FAD015210E
:10F5F800653DCA37DE3379B109E69FAE24721390B0
:10F60800BEFDAEDAF92BD8C0DE5B70D92528C9F06B
:10F61800EDD7FB1EF7053E4A822E4BF00682898DF8
:10F628009A93205BC0FD0525E8E934E73AFA1715F7
:10F638001391910E9A22252B667B862076CDBE2DBE
:10F64800C6595E314D461A9914438EEF35354EDF53
:10F65800FBE1BE0370F3B74E5EFFE6166156410547
:10F668008045C21444D46D11114F0536F78B2F5CB9
:10F67800B8BAA895A371AFE6DF324C76F057A6F07A
:10F6880053A51DC47974F757EC24BAAE93E7651AED
:10F69800F21C47954B11FE20343F525A7C20DBADBB
:10F6A8003BE68721D5E83FB4B901194BE1C37A4756
:10F6B8000531156C0204D918906237409E7E612E80
:10F6C800A2D72E794CDFF745AAD69B02D5EE43DBAD
:10F6D800A075311615BB81ECD728FB4E41A78C626B
:10F6E8001B4E2EC3130BD24B91793C92BC98AC7332
:10F6F8005DF2EB78AEB4B8768DF5B887A3335300D6
:10F7080082340AFC1B848513489405D3FB714F93FC
:10F71800E98760DBB44823FA0FA7A2D44DD6608FDF
:10F7280069E8E3F4D52C81D195BE22AACFDB73EC2E
:10F73800A90E3C245815A85A45559B747E4B211A8E
:10F748001323EB806875762684E472792D06AC5E07
:10F758004FADD0F5ED6FFA9C3B1E6E34FB6D3566F0
:10F76800978D344C5788327389D40EA2AD44CDFCA2
:10F778008C6CC2FF97FF238B513628D3390567D28B
:10F788009117C4A3BAA23F97A390A3FA076C5E7817
:10F7980014088C96F4EDDA1C1D0FFD76117963B30D
:10F7A800EF2F03B4B12CF52869CC0A040312424F99
:10F7B8001D137E90E983288AAE02EAF2430601E52A
:10F7C80031E1402C3C532F2CF5B6DE53FF36E0AC2C
:10F7D800885F6F03D10891DEDB7F9BD4CB3305B8FC
:10F7E8001533DCBA0908015538672E7C0E7A2010CB
:10F7F8004670EAA69C1FFB44CC5DF98F1A0DDD1CF0
:10F8080089480C4E832BCCB3228BDF7AF5E43BCBB3
:10F81800C7E919D8637463A86F39D89935A93BB378
:10F82800FD52133C62CBAD55A4A9C70FF7FD313A81
:10F83800A56DC838B7414217FA5462DBD89565C937
:10F8480014DEF5067BD76D63C8E1C8FA48994232E1
:10F85800A12F4B82D1F5B60A901B26F20FED104965
:10F868000047777E162EF2D9DD56D68D83F5803186
:10F878003B3FF18EB1ACECFBBCA41BAB1C31177148
:10F88800983F397B54FF2346D3BF5EC253FFCD4513
:10F8980028496C2BD5471617711390AA0396B0EF19
:10F8A800B826AED89D596AB4D2ECD15E4F91C18CBE
:10F8B80092B206C591DB9FCAE52E859EAC2C0462E8
:10F8C8009C7F4667E1426C37FDBBCD2AD175D60EC9
:10F8D800CE30D675E9C40A002FF5F8B0A6C2923921
:10F8E8001543A7F22E9BFD216CCDE2A2D9124C8ABA
:10F8F800E41B5B1BBE29F38A6E93197B8BA18E11C7
:10F90800DC502ED9C34C8049A76B935E27BFAC450A
:10F918002DF2B4E8299A6F40995595BCD820C4C7F0
:10F928000EA458E046CDC4AFE3315DBF290EC1F740
:10F938000E7A31B3E3F372F70F8342D29E388648CA
:10F94800D0CD885693E46D6791BC612EC9CDEABCD1
:10F95800A3AA250FC3E61FADE8361708546CCFE9F4
:10F96800C12577B3EF8BA31F90306BFEABB3A5B562
:10F978000346805B5A9BD7E8741483B541689D257C
:10F98800FEAE4212D08A510DB3F0E601972F061150
:10F99800B4D9425D98659FE32E65FDAC6DD94F6380
:10F9A80064A16E202982AE8870E704102A89F94B79
:10F9B800070979E0B8B61D47DAFFF2C652221E8061
:10F9C8002C2A9B7F40615B5231F88BB877F2E104B7
:10F9D800C67FCEF6FA7F201ED660CC426D7F892383
:10F9E800D293C4A29EF42E8E39FEDD800DEFF20074
:10F9F8007C0AA9A70497D18E9B1B9A79B47AE7153C
:10FA0800471052927FCD49EA7554DEB749CEA24DD0
:10FA18005221AA3F4A987AF39D66F65DAB22FF7A97
:10FA28002F2051A0C3AD6F360024E100B2530FCC94
:10FA3800B7A3CEB24ECB200F9CAB2ED53906EE49DC
:10FA4800034D2F750E8469DC3B69018BBA70AC32AB
:10FA580043EAB3914FCC4EC69C80D69A37B064D750
:10FA6800306818EECDE202883B72F6FB3B3C3EE67E
:10FA78008F41206DA5427E41D9FF8C78E206F122A4
:10FA88006D69ED39E3A0279EE752ABBBEFDCC39568
:10FA9800585A684F8BDCE95F5B08AE0478B9DFCD54
:10FAA80079806B1C6FB293811373E22CB19195D658
:10FAB800A3366310F921AF21101AE6839B6BD83A5D
:10FAC800D05191E7D3DC74D2A0601F78A74978841D
:10FAD800DA8A169137C578B0518BE02FC53446AC19
:10FAE800A40CFC921A78B0CCEC2B77A4102D530000
:10FAF800E7D42C566A8BA2E1EFEA5CFDDD82ECDAF2
:10FB08000DE823EC0BDDBFCA798422D7EF2F74CB25
:10FB1800BEECB3555C35D44A89C7F65722843FE119
:10FB28005A1E58F1A3EF38B43A202EFCD5B0C43B86
:10FB3800C565056082FA2A529A96E49EC3834FA34C
:10FB480000433DFC2B423640E6EA466786F064C92E
:10FB58009AFADFD331DBC658BB5562E402A2E09FB4
:10FB6800771CF9CCEC6EBC8944D46F530BD376F96F
:10FB78004E5A5310E65B044A75F443E229CF033525
:10FB8800664F71797241758951BCF163D04AED5E57
:10FB980030CC4926F855820EC23AE7803A13386BC2
:10FBA8009EF61EE50FBC87E6DE2708D15D8685DF59
:10FBB800B1995C14DAD284A7AC4F440D4EC1A91890
:10FBC80098FF9D267D4C612F4CEA29E1CE0012CC8E
:10FBD8004B7D649EF7A5CFF06410C44D53D6E970F1
:10FBE8008FA438A9965712DA5A237ACAA3B7136290
:10FBF800E0B47073EA477DB87D8E6A6887FD876CCC
:10FC08001EBEA02B916785BAB9B68C93B96DEA254B
:10FC18007A3B1B880BD21D61F5E0D2610EDDAEFD8B
:10FC2800EE89808F27EE708814905D7C9F518D48F7
:10FC3800EB2B9B40E43FFD5A88E7F5B76BF118685A
:10FC480020CAA91D3B6977E4492C698CE1352297C4
:10FC5800D6EE8154BEBAC420290318EAE02AE0B9D6
:10FC68009886C098E09431C799312151C3083CC99E
:10FC7800056B028B9007D4DD08262CE3ACA076CE6A
:10FC88004BC436031C602C3CEE154BF375FA3F85CC
:10FC9800BFFF227A13E6C45EF29E4C2565FDB33F92
:10FCA8006B97FF12085CA31C4C1450DB708FA7A045
:10FCB8003A37675DFB7B8D4FAF1EBAE065897B5E87
:10FCC8003E8CFA4D91C0F5BC24F4473D9DAC359669
:10FCD8004B31DF7E7C911BCE2CB58A1680298D8D09
:10FCE800190BFDBA2946CE33EF7D8A78F9B66A5DDD
:10FCF800A648C85B330442383A3BC7E1DE01210F0E
:10FD08009FFCADFD8344AA13D1CEE828BE55213B04
:10FD180050508E55516875FF96329B2D544700C937
:10FD28008C6E0D5575463525999AFE83864761A0D8
:10FD3800318BFEFDC55815DCC229C4826556B3E86F
:10FD480007FA9961DABA1136C1A22A517473CAAD99
:10FD580052E15D924A696FC961AF10A9E97EA7E3D4
:10FD6800E471542715AE73B78EC9A374C11901DFA6
:10FD7800F21BEF4C1EE4EBA5F932EC5FA28EB251F8
:10FD880038E5B0C73FC917219AF59C512903BAEB4A
:10FD9800D1406C05EFD068F5287E33054A37C2019B
:10FDA8005573CEAD69BD10E9339D22180DA46C358D
:10FDB8005C000104913ED2169424EBD01510B7DBF9
:10FDC800FFCF9595F29708AB278A09BDE8ED333741
:10FDD8008B752D204A0E2EFB9543355FAC9AD0BF0C
:10FDE800D9421E1DC82E6EEAADB8E144F9ABF4FE47
:10FDF800FEE7E44805C22752A85D9F3005DAC568CA
:10FE0800ED0867C9E01BA7E889C08750FBB8BA4569
:10FE18007AD3515E944E6AB29AE7E304E1E7534518
:10FE280093BE48A60F273F6C3C463074D73831BA8A
:10FE3800A22A9FD8FE06F943058B12F24C79256059
:10FE48003BAADA9123BBC73BBD341A76681E6268A9
:10FE5800D0A814340732526E08CFDB4D5016B64284
:10FE6800796FF204603CED002A809342731F4BCBFC
:10FE78008A37C25D2F9D359BBD05FD49880BC85546
:10FE8800C6EDFECEBC7DD0A0B628965C71B8BC3B52
:10FE9800AF2F681334F28A746E2B0F76FA4F667898
:10FEA8007429BD370823CB13C87227EE8CD93A8141
:10FEB80003E87EA869681156C83797AD93B02BFF41
:10FEC800B46DD8DC4D60EEB28FE57DE641AA89DCE1
:10FED8007D5B70BD63927B3BD69DF6F554D6C8F822
:10FEE80052BE33ECBA132958D980008FE6E8055D75
:10FEF80039230DDA4F416AA0B26E0F1C3D9E96EF72
:10FF0800E13BA5AFC5D4E61BF9EA1B0878D8E5782C
:10FF1800708038D78C60C2A5605FEB72D38B49A61E
:10FF280062996219743991CF384480BD8DDDDFB292
:10FF3800A5B27D56E698A0FAFC83182884FCC32154
:10FF48009D2F9125832A29B5D7A3969733332FFE62
:10FF5800A858E8BCCC1981769909CD36ADD83911A5
:10FF68008687DFAAC2FE15D2CBE384E9B365F380A6
:10FF7800D459F384B284D38DC3CB10C3AED2587F87
:10FF880064D9C23D1BFE6AEF98321EF389D3AFE3F2
:10FF980034E1F6D9A3BB2FC58BC086F3A278D95A12
:10FFA800BA0E98F09B9AB7455125D785C64A20C501
:10FFB80034D7D6A6146B1C12BC42E82E68BE8352F6
:10FFC8005633BF3BA91563AB35F91BD745DF812DE8
:10FFD800A7149E55BD64E334A8CF98E934F26CACFD
:10FFE800ADA0A425BF08D1ED29EB3F9EBCFE795BEF
:08FFF8009D41F617AFF3D75944
:020000021000EC
:10000000A9E788F635982102391A28F14BE4235ADA
:1000100004661F123DEE07367DAA12892C6C45BD81
:10002000D768514784456688BCF4C1276CA9FC3861
:100030001D06B0A5285E9C8507E6A0AA99915C8163
:1000400012F277DB77189FA5F8488870128FD86B6B
:100050008145FA0E45F0DD9D36C8890796404D076B
:100060000B74BCD7FD3EB3B5AA4D489C05D01D8985
:10007000AE7E93736986A5BEC1DCB9F435D15D65EA
:100080009417F4F442312BC14FFA0B5609F040514A
:1000900038036146DC7839DE0AC16BEC55DADE6084
:1000A0001AAAB2ECFE5317F8D3F044CAF234B5E5FD
:1000B00015472894B634FB0EDD531A296D3EECF437
:1000C000BB39B37D275E5A6A7EC694EB2472757580
:1000D000A2552BAA5A0F9A7AADFDC93CF05889D582
:1000E00051769FE7DBB32C47313FF2E04F73F5B712
:1000F0004E6026FA3DBFA531E7C7D90644DFDC577D
:10010000518129909B3609AFB90F6263D2C9E7E6E6
:100110006FF2A9D37963B8FF273844440A5A3A32B8
:1001200095A8BD4DC60979DF7A8C7C930585060EAE
:100130007683A0C13D49EA3D8C563B68A699FD45B2
:10014000429CC84BE3FD3E08AC66912CD931C99B5B
:10015000F30D79E9963D5CB89C362418A3FC4CA3BA
:10016000931D77046963F82AD459C5A43150BF1C84
:1001700090DC0B0244E0F6511C190FC75BEDFC69E3
:100180004BAE6EACAB1A4C327F8934ED1E25AA28DB
:100190001AD7247B901A4852BA643789F13F7F7985
:1001A0000011A8E5EC1901BD10B184822674BDAB25
:1001B00086DC404836028ED09947C2914BBBF9731A
:1001C0005A86DF0A4E5DE62DF997786D3A5A65AF8B
:1001D000DA5D14119AAD1E40C32009933B601344AD
:1001E00015BA2C01C7C77AF087616488F5FD22181B
:1001F0002B2DDAB1F6E3B12E93A7158C0BD2372C49
:100200006D22744BACC2BAFD4B424A6CEFE46CB049
:1002100080F90FD046F50035E85EA252FF1FA8B462
:1002200039111A253378035C8556D99A649A5B791B
:100230003B6B9F10E7A2991C0FF3FBB1E0C7E531C0
:1002400059A875D7D27042FF840FDD314C2281133B
:10025000BB8DE687299B09A4662AC3CFAAF3F30EB8
:10026000B49BEF476BF20432388BA0A9AB9DF8A288
:100270009B855084DB99B8F2F9BC1271F5E858B14E
:1002800018B5AFAFEFB3168F06FD45C882C2420165
:1002900069E9F607CF0794FFA70A335D2E61401680
:1002A000230BD21CF49E607BD4CB2161AF6327E08B
:1002B000017839E08E1C345CBB97865546E6CC71DC
:1002C000D00BADC25C035314C6513EAC7740054B16
:1002D0003299196521F3E269F3891104717353832B
:1002E0005C561C549FBD2F3D9EA48DD3735CDC7661
:1002F00076BE263E1B585E58B89E7C40AC342C140B
:100300001FF620D70644850D63769931ED9E6BAAC2
:100310000D3B73B117A2133944EBBFE0FEE00E357D
:100320009F693AD016BED86B3B43BE67B0F02088B9
:1003300073F33F35DDEA7B550F76FC6C03148AD1ED
:10034000D9B524F7AC1079F3A8B71B14C4B4617104
:10035000F4DB89D64978A5E8F057349BE96614D5D3
:1003600062EFF101BDED310E131D346C723497B89C
:10037000B83CA1F604226AA794C6E202F8FB1BCEA1
:10038000B35F64A4B73E34B9222881685F30281077
:10039000BA761CB297CA212E23A78F4F5067B0732D
:1003A000786B94113DBEF4263D43FA7A2C5617AA79
:1003B0003FF0AE0132341961312E080E7023472C04
:1003C0007342453266564176003823DD5806DD1506
:1003D0005FC9BCB3C32B983536C70BFE75A8BE6E7C
:1003E000529E35FCE5564066B83CFCC1A2C85B8510
:1003F000E0A6F2EFCDA3C5D6C8853B053C57A62A9B
:10040000F6F71B5E7C429F98C74C397B49A6F8CD16
:100410003F2F13035FB93F7E39E053CECAAFC93ACD
:10042000E0AA35C04B07DDAC0392A22DA7EA3388C2
:100430003A824ACBE3EAFFEBC864076F0BCB84F543
:100440009FA9AF8933C6D33B14B04C54B97DAF508C
:10045000DB4159B5F0570D8A54CD5EE6F5BBE6EFAA
:10046000B05486E215C96B6326DFB460D6B2DA02F7
:1004700058DC8286BE898E4313914F51934264A308
:10048000D0AC94FB78D31FA2F06F71E47CE4E1F16F
:100490001C0890F902793569EA726396AA9C9C81DE
:1004A000DBC17A57E71E51FD21070759838DBAD466
:1004B0007FE9BF84656418B76D4C644538FCAA9821
:1004C0006C8BB8739BDA23925FB4EF201D60B20B84
:1004D000889FCA7D2D5B1C2B9762D84BE100FB13D4
:1004E000A735448D097B056B7315C09DB390A5445A
:1004F000DB121B09264D98648C3FA25B7E689C40F2
:10050000796A070AF527C4C704E0B085871E51D36E
:10051000488CFA7195217938A701A787C85F11081F
:10052000CD876EDAA4F23830052F4EE3AE5CA91405
:1005300081DFE097827547F36D8D17627F09EC27A5
:10054000151B77687055D3AE4E794B4F4684FD30FE
:10055000A75D7FCE130A8D7C67B71C433403D0326E
:100560003FBDE0E97FB06E1BE716752C820F1F823E
:100570008ADEF923088587312D4E8DCF6D6145398F
:100580007D6F4F3F212667C34977897A466F5A6A44
:100590001AD6E18694B4A8785692D75962E0F47CD2
:1005A00078AB5EF06D990E54AE16A2CE5999271510
:1005B000A4EFC6F6F90D54C3B34FC8B4A15039D156
:1005C00073BCDBE8C12FDBB3DFB70B9D48A9D1AC0F
:1005D000BD7595027B3D32687867527DDAB9487EF9
:1005E000F372066F3A2E99433B4E97E1CED91CD851
:1005F000DAA2B32FA50133AA6C4E5CBEA5EC1F7C1A
:100600001FEEFB6722582CDCE26503B24262A62C87
:1006100094B0C83631AEFEBAC12FC36B3EA89EC29D
:100620001874989111DEF621DF4ABE2ABF1EBBE086
:100630006193C151615F980DCF6FEEA549F432D33C
:100640007537BC1D6CF2C617845FCE12877BC70856
:10065000CC3C93695FC12D7FF8E6E2D018C2C13966
:10066000618454A531AC08D05ACAD56BBF92E2FB65
:100670003A1775732778710AD9330DD1483F85F63B
:10068000C732DEA671021D88FC51FB335E29B463BC
:100690008F96114176DAECB66B8020F1466FDB7CE9
:1006A0007F65F6A3FE3D1B1D3A7B07F8851CF22FE4
:1006B0009538BF03A20FC3ACCFD06111250279EFEB
:1006C000E981D19D2439A648FAD740B2B4354064B7
:1006D000AD1E0A803A7F6AB9F48778832DCAA7498C
:1006E000740DF899E144EF9266A8EC5A8D83A22B21
:1006F000BAB49A9776D07830EBE182CAE2F87BE41C
:100700006BCF3B2F6A92908C48CD33C86B0ECE8D49
:10071000B639CB697D35573743BE2D470FCF82BAE7
:10072000BE448275149FD0857A6D9AAD6FA3A2B82E
:10073000FD2A7912D3478148388FF5688B2FD7D49B
:1007400078FBC4E0051773F063E39303DA8051DDAF
:100750003C15D2BA5D1B9EA4BA363A551A6919C522
:10076000BBBF7906BE81518E6C31E6517DAD6814F8
:100770003562C9FD2C61340069AD0C74C7A063D724
:10078000B25DEAB1F584BFC308B7B0FF22A65695A3
:10079000D699B465E86A2DB1B408C04C59E676BC68
:1007A000BDEBF7CE926E360C4184D426F1FD03FFEB
:1007B0001611F4B31A57C4D6196D1413AC8DF9522F
:1007C0001BC66600A3DC901500FB3490F5942984C9
:1007D00085673768C4BF1510FA42B0DBB5163C57C1
:1007E000F6C7D1AE24E063D984F6B8A0371D100C4B
:1007F0003AA36ED51ADB18C34D54000F19926C1131
:100800006EDA23BE7111FF6079C66AF65CC143DC03
:100810002F721FDA7848B9D8B9B62441DABEA6CA11
:10082000E040E85B9D1FEE07733B2AE42799BD5526
:1008300087E523D4E1525215D4BE653E42EC7A706E
:100840002B046DCA8F29DD27A125C9D2EACE09CD97
:100850009C98C469716BA34A8D85FF11396A7943ED
:100860006F37BDF161D1B0736F84BE9016E7064B50
:10087000C666BEEB4E49E2466486340EF68082CEF2
:1008800043E75A6EACA446FAD89A2D76E8A6AA2079
:1008900060607FB9BB24121C8EB8DE4800BA1D9878
:1008A000F6A4AC6E68081582A191C8F10B93CC4FE9
:1008B0002D9C39CB25C35D254D49798E30C0B61BA3
:1008C0000FFFC0F534C927294400446E76FC6196B9
:1008D0007DDC4E4FAB7F7C592138CC3E2840E9A8C7
:1008E0003F0F77D92130DE23F4927952245883F2D6
:1008F000A29891D489C50B18CCD5ED5627727F3EAE
:10090000E9BF4C318F184192AF1D31ECF7BAEC8042
:10091000145391BC84EEA481E5863C05C1E11332F9
:10092000C9AC274AB90F1F6869EFA2714AD76DD4C5
:100930009F707A5A6A943E4BDB830594F6A81DCAD1
:10094000E9D125A725085BB79C40BE0D7362C6D0D0
:100950009273E7DD5FC9C85BC0B870BC7BAD4DFB6F
:10096000BCAA54B704BD92F022177FB32D1935F6F7
:10097000DBB94AA76F179464289642F025054432E4
:10098000B0E5333E84858393A0B132D5D09487F708
:100990002DA63BF04EA7AE0F98A110CBC7833ACD42
:1009A000E1C6032999DB6D6DBFABC252C3E1A7B5A8
:1009B000AD50FD6DC35663182F9D74AE9EA8BCBA92
:1009C000E492F16FAA7B9CEB7C81637697C43E3CFA
:1009D00062A2F2470B0D41FDBA6B6522CF2693331D
:1009E000C301B249719BAECD2665DE51AC6551E8BD
:1009F000FC29337154FAB10D46194E888084CD69B3
:100A0000C911219F6972E8EF4F01FF370FDA05AD79
:100A10009F386EEB9DF404440000000000000000CD
:100A20008DEFA3CAC3ED201082D18CD5FDBBABAA3C
:100A30000F3E2F1F3E568BBAD82317DF45A9EE7401
:100A400055CCB4158644CE645AF29B0AB81245DEE2
:100A5000D71D38C07BFF65CEE571EB2172899FF70A
:100A6000689E48EBB164BFE767A067F48F32345DDE
:100A7000EA4FC43E4CDF144D3D52FCFE37207183DB
:100A8000B0BD5F34F4CD5193BF83702BCA9BDA297C
:100A9000326CD3E10976FA39C9516ACC88DDB2FFEC
:100AA000A6AD624487D73660BC9DECFFC26EFE8C5B
:100AB0000C5B41327E0056ADBD22F5D2C3EE81E81B
:100AC00039E4C46A259B73A58A08CB6984A6AE0C59
:100AD0003B7F4720A37B1E9B8FD6B629BA671F3A60
:100AE000D8DB000053000000D20000000900000025
:100AF000F0B503AF2DE9000F81B048F2301200EBE2
:100B0000020ADAF8C4000130CAF8C4006FF39F206B
:100B1000B0FA80F253099AF8D220002843EA020082
:100B200008BF5FEAC27205D000F0010001B0BDE865
:100B3000000FF0BDDAF8CC004FF0000B002840F3B6
:100B4000478141F204004CF24826CEF20000C2F286
:100B500001060268B0698846D6E90A13101A4018DF
:100B600043F10001B2614FF47A420023C6E90A0161
:100B70000DF478F3DAE90223DAE90654801A994190
:100B80004BF1000292F0010F1CBF00210020401B1E
:100B900071EB040080F01A8172B600F473F262B651
:100BA000306842460130410730604DD140F2085371
:100BB000C5F200034FF4001058604FF480005860F5
:100BC0004FF4004058604FF0807058604FF40020A0
:100BD00058604FF0805018604FF4006018604FF07C
:100BE000004018602020C3F800034FF080401860D8
:100BF00030684EF2C47500F07801C0F20005685804
:100C0000042800F2198129444968052980F01C81D3
:100C10004EF21475C0F2000505EBC0004EF24C75A3
:100C20004068C0F2000505EBC104646855F8311056
:100C300000F01F00012505FA00F0186004F01F0005
:100C400005FA00F0C1F80C0592F82530B06871681B
:100C5000BFF35F8F73B1884240F0D28040F20850FA
:100C6000C5F200008068012100F4000081EAD05341
:100C7000AFE000BF88424FF0000300F0AA804DF6BD
:100C8000343E4BF2C05CC0F2000EC2F2000C0AE02F
:100C9000012082F8240000BFB0687168BFF35F8F45
:100CA000884200F09580B0F5007F80F0BD804BF267
:100CB000C031C2F20001095C01306FF35F200D29E1
:100CC000BFF35F8FB06001D00A291DD1116A2129BD
:100CD00080F09A8092F824001362002882F8243071
:100CE000DAD1072918D00429D6D11078712861D01B
:100CF0007328D1D150787428CED190786F28CBD179
:100D0000D0787028C8D161E0106A2028C0D2115470
:100D1000106A01301062BFE710786928BCD15078A2
:100D20007328B9D190787228B6D1D0786528B3D11C
:100D300010796128B0D150796428ADD190797928A3
:100D4000AAD100210BE000BF0120F06042F21C504C
:100D5000C4F200000560013162B608299CD01EF87B
:100D6000015072B63069D6F8148000F101096FF3B2
:100D70009F29C1450ED100BF62B600BF00BF00BFB2
:100D800000BF72B63069746900F101096FF39F29E1
:100D9000A145F1D0F468002CD6D0B3EB902F3BD115
:100DA0000CF80050C6F81090013162B60829D6D16F
:100DB00072E700BF507875287FF46EAF907869288D
:100DC0007FF46AAFD07874287FF466AF012300E027
:100DD0000023DAE90001DAE90826801A71EB06003F
:100DE00028BF4FF0010B4BEA030000F001018AF825
:100DF000D21000F0010001B0BDE8000FF0BD00BF4F
:100E0000012382F82630E4E74EF6C413C0F2000353
:100E10000020202208F4C0F34EF2B472C0F20002A7
:100E20004FF4806108F4E4F14EF28472C0F20002E3
:100E30004FF4007108F4DCF14EF23C72C0F2000293
:100E4000052108F4D5F100BF4EF27472C0F2000221
:100E50000846052108F4CCF1F0B503AF2DE9000FE9
:100E6000ADF5177DD7E9024ED7E904689346202CEB
:100E7000054606D205EB840048F2641C002240F8C7
:100E80000C20DBE9140250EA0209484618BF012091
:100E90000022382C38BF01221040184401281DDBE5
:100EA00039AA3D9482E8414048F2301005EB000A2F
:100EB000DAE900023793013042F10002CAE9000288
:100EC00028462C463891FFF713FEA8B1002630467D
:100ED0000DF5177DBDE8000FF0BD00BFFE60284690
:100EE0005A462346C7F808E00DF5177DBDE8000F08
:100EF000BDE8F04001F086BACDF8D880DAF8C0003D
:100F0000DDF8F48052468045CDF8F0B002D9C2F841
:100F1000C08005E0DDE93AA3B8F1000F00F083805E
:100F2000B8F13D0F0ED9B9F1000F40F0928058464C
:100F300021460DF5177DBDE8000FBDE8F04007F034
:100F40005FB900BF9BF8A310632900F2828035923D
:100F500034943C9DCDF8CC903C9CDBE90002DBF85E
:100F60001830DBF81C602D6A646A18433243224350
:100F700028431043DDF8F0B0359871D0D0F8B8C0F0
:100F8000BBF8A4000CEB0802884238BF01468A4235
:100F900038BF114604292BD3349BDBE910EA101F1C
:100FA00003EBC202DDF8F0B002F57E6404260022F5
:100FB00006E000BF023602388E42A4F1100417D8B2
:100FC000FF2801F2C181D4E9003888EA0A0583EAE2
:100FD0000E032B43EED10023604528BF01231A43A3
:100FE000D2074FF0000240F0D5800122E2E700BFB7
:100FF000DDF8F48047F6BF40A8EB0000A0F1410304
:101000003B988342D8BF034647F6FF40A0EB080A4F
:101010003A981E468245A8BF8246DDE93394359A48
:101020005345BFF654AFD2F8BC006FF44071A0F244
:10103000012088420AD300208DF8F8004CF24820A5
:10104000C2F20100006A3EA9884247D9B9F1000FF7
:1010500038D0002630460DF5177DBDE8000FF0BDF5
:101060000BF1080E9EE84840DBF814C04EEA03047A
:101070004CEA0605601E65F1000220402A4010433C
:10108000E7D053EA06003598DDE93CB87FF476AF47
:1010900045F2AA524EEA0C00C5F2AA5210424FF095
:1010A00000063FF414AF4AF65520CAF655200EEA62
:1010B000000200EA0C0010433598DDF8F4807FF45C
:1010C0005DAF04E75846214607F09AF806463046D9
:1010D0000DF5177DBDE8000FF0BD00BF48F25810B8
:1010E0002C933592CDF8CC9004EB0009DBF844004A
:1010F000D9F804102790A0FB0120814241F23C81E5
:101100009BF8A010DBF840303091D9F80010420174
:101110008A5A26939BB29A4201EB4010349407D12D
:10112000027A2AB13D9DDDE93AEC014611E000BFAB
:10113000014631F80A2F3D9DDDE93AEC9A4201D192
:10114000827C32B9014631F8142F9A422AD1027FAB
:1011500042B3B1F80280B1F90400B1F90630497A1E
:1011600047F602563193931EB04201F0030B3CD078
:101170003C9947F6BF4291F8A310904224DDC0F598
:10118000FA42C1F16301461B8A42C8BF47F6BF4617
:101190002BE000BF164630460DF5177DBDE8000F69
:1011A000F0BD00BF47F6025001244FF000086FF079
:1011B000010331904FF0000B47F60256AEEB0C00E6
:1011C0003A9045BB16E000BF48F24132CFF6FF72BD
:1011D000904219DA00F5FA42C1F163012E188A42F1
:1011E000C4BF48F24136CFF6FF760024AEEB0C00C8
:1011F0003A9085B9B9F8A8E0BEF1000F0BD0D9F844
:10120000A400002819DC06E000240646002DAEEB01
:101210000C003A90EED01CB14FF0000E0DE000BF74
:101220003C98414625461C4605F0E2FC23462C46E8
:10123000C646002808BF4FF0000E3A990020022948
:101240004FF00002B8BF012229920129C8BF012036
:101250002043DDF8C4C0012828D13398CDF8AC90E4
:10126000CDF8B8A0B0B33D98349900EB400001EB45
:1012700080004FF4FC4147F6025C00F5FC4440F866
:1012800001C03A983C9D369900230128E36100F3A0
:101290009A8000292A94CDE931C300F087803998DB
:1012A000042880F09780F14699E000BF3998834286
:1012B000D3DB47F602508642CFD00020BBF1010FAE
:1012C00088BF01205645B8BF5846C0077FF4FFAD20
:1012D000C3E700BF44B33A9800250128C8BF0125E1
:1012E0003C9C349920464FF000083296CDF8ECE053
:1012F00006F086FF5E46834647F602506FF0010116
:10130000CDE900180295CDE9030B2B98DDE92623E2
:101310002546CDF8148001F043FFDC46B346DDF8E6
:10132000ECE0329E0CE000BF47F602503C9D844545
:1013300006D134992846744606F062FFA6468446D4
:1013400047F6025037998642E14609D066454FF08C
:101350000100C8BF022010EA0B0F08BF6646B14665
:1013600034983D9B00F5FC4003EB430200EB820404
:1013700040F822C00020022B4FF000031ED354F887
:10138000182C47F602539A4214D13D9A0023042A9E
:1013900014D354F8302C1E4647F60253D31A18BF04
:1013A00001239445C8BF0126334007E03998F14630
:1013B00015E000BF00239445C8BF01233A9AE061BD
:1013C000012A40F321842A943998CDE931C30428B5
:1013D000FFF469AFF146BEF1000F08BF0138399044
:1013E00068A8294604F03EFE3099284604F088FBA0
:1013F0003B913D9E8646DEB12A9B359A33F8041C0C
:10140000002041294FF0010416D0CC46A9B113F8B1
:10141000020C102880F0C687349CC1F3851104EBC0
:10142000C01000EB41004FF4B041405A012404E0E9
:10143000359A2A9B03240020CC461694B6FA86F1EE
:101440004FEA51193A9900240129CDF8BCE0C8BFF0
:101450000124D2F8BC605968339A002A18BF0A22C6
:101460007891ADF8F601CDE979661B96CDE97B66FA
:1014700000267FA840218DF8F821ADF8F4C18DF841
:10148000F9610CF498F63498CDE9956600F5C05AE8
:1014900005F160002D90DDF8C0C0CDE99366CDE97F
:1014A0009166CDE98F6605EBCC00D5E90012D5E950
:1014B0000A363030229043EA010046EA0201C9436D
:1014C000C043DDF8D0B021912090399E3F203F2EBF
:1014D00038BF304617904FF6300206FB06F0329BBD
:1014E000CFF6FF7200F1030E022106FB02F0002B83
:1014F00018BF0121119083F00102299B36980AEB55
:101500004C3C03441A440E926FF0590272431892F5
:1015100049EA04020C9240EA040280F001002F9C88
:10152000139082F0010014909EFBF1F03D9A199007
:1015300048F2641058440D9031984FF000095A3029
:101540001090501C24900BF580501A90701E1E9025
:10155000B01E12900BF500600A902E9900EB8210DD
:10156000494215910F90063000210990CDE91C11D8
:1015700037912C9E6FF4FA40CDF894C00146002AB2
:101580003291289600F0D68048F241303299CFF659
:10159000FF708142C0F2CE803098012800F2B883FB
:1015A000CDF8D890379B1E4678A851462A4606F0BB
:1015B00031F88346000400F023833B9B28465946BC
:1015C000224601F0EFFA0028EED023962D9ACBF3B5
:1015D0008511515C1FFA8BF20F390FFA8BF018BF8F
:1015E0000121B2F5404F4FF000021F9238BF012297
:1015F00010F5804F4FF000000BF4404301EA020168
:10160000B8BF012040EA0108B3F5804018BF0120AF
:1016100088F0010100EA01092846594668AA04F049
:1016200049FF2599B9F1010F064605D158466FF3D8
:101630001F3031F910001F909DF8F82122980B926D
:10164000D0E90001219A1140209A104008432398C4
:1016500000F1010300F004823F2B4FF03F0089F0BE
:10166000010138BF1846314316D0399808284FF089
:10167000000088BF012050EA0900CDF8208040F02A
:101680000C82189A28465946B0461E4605F0CCFDF5
:101690003346002887D0FDE119998B4204DD0120F3
:1016A0008DF8F9017FE700BF17994EF21462C0F27E
:1016B000000252F8211052F82000399A484343F6AC
:1016C0008B01C0F63F6150FB01F0C11101EBD070FE
:1016D00000F54870C11700EB91516FEAA12010444A
:1016E000C2EBA121339AC94321EAE07C42B9082820
:1016F00006DC109A64210CFB012228998A42CEDD77
:10170000CDF82080119A1F999142B8BF0528FFF6A5
:101710004AAF0CFB0CF0A0EB0010420028465946E3
:101720001E4605F081FD334600283FF43CAF0026FD
:10173000B3E100BF78A851462A4605F06BFF834607
:10174000000400F0C9833B9B28465946224601F01D
:1017500029FA0028EED03798CBF3851101300B9091
:101760002D9A0FFA8BF0515C1FFA8BF20F3918BFCC
:101770000121B2F5404F4FF000021F9238BF012205
:1017800010F5804F4FF0000001EA0201B8BF0120C0
:1017900040EA01062846594668AA0BF4404404F082
:1017A00089FE9DF8F881B4F5804FCDF8D890079068
:1017B00018D02599B6B930982F9CDDF8DC90012817
:1017C00000F2E08258466FF31F3031F81000012616
:1017D0001F9000200890CDF88C900B98B146379060
:1017E0000AE000BF0896DDF8DC90CDF88C900B98ED
:1017F0004FF0000937902F9C3EAE30462946A82274
:10180000CDF82C900CF489F43046594603F0C2FA16
:101810002D990BF03F00085C2A9988722B98A1F84B
:1018200008B0D0F8900024990844B0F5807F80F08B
:10183000A985DDE94E121A9EDDF8A09006EBC003E3
:1018400046F830107B9835995A60C1F8BC0023984F
:1018500038990028C9F1000C4AD03998002403288F
:101860007DD31698379B834279D929980B9A1043D8
:1018700075D017984EF214620D46C0F200023F2157
:1018800052F820003F2B38BF194652F82110484328
:1018900043F68B01C0F63F6150FB01F0C11101EB33
:1018A000D07000F54870C11700EB91500B99801271
:1018B000002947D008F0FE010439A8F10602B1FA68
:1018C00081F1B2FA82F2DDF87C80490952091143B4
:1018D0000FFA88F20E9B079CC2F38C4249424244A5
:1018E0001B1B12B21944A1EB623108442FE000BF68
:1018F00024983EAA00901598CDE9010C34981E9BBF
:10190000149E0396FFF7A8FA2B991B9A91F8AA1038
:1019100000293599C1F8BC207FF49BAB3299404235
:10192000DDF8D8903D9A814208DA289E864280F2FE
:1019300045810C9900296CD13AE100BF289E0846E8
:101940003CE100BF81B200EBD13000B24010129CEC
:101950002946A042B8BF0446002848BF00241E986C
:101960006FEA0905031B2498CDF808C0CDE90005EE
:1019700034983EAA0126E0460396FFF76DFA012C43
:10198000C0F1000010DB2F9C81450EDA24983EAA9E
:101990008DE82101349838991E9B139D0395FFF71C
:1019A0005BFA404201E000BF2F9C3A99359BDDF87D
:1019B000C8E03D9A012937DD289E3C9DB04218DDE4
:1019C0002E99884215DA24983EAA00901598D4469C
:1019D000CDE90108349838991E9BB246002603963B
:1019E0005646E246FFF738FA3D9ADDF8C8E0359BE7
:1019F00040422B9991F8AA1000291B99C3F8BC10FA
:101A00007FF427ABDDF8D890704527DDB04240F376
:101A1000D5801F2A00F2CC800F991F2AA1F800B0B0
:101A200022D10021C0E000BF2B993C9D91F8AA1063
:101A3000289E00291B99C3F8BC107FF40AABDDF87F
:101A4000D89070450ADDB04240F3B880002A40F0DB
:101A5000AF800F990126A1F800B006E07046ADE016
:101A6000CDF8208019E000BF249E0D9951F8263052
:101A70001F2B194628BF1F21002B00F09580CDF8A1
:101A8000D8A0042B0A9B03EB86120BD2DDF8F4805E
:101A9000002369E04FF00009464607963793DDF8CA
:101AA0002C80A9E613880F9CDDF8F48063805388AE
:101AB000A380968801F01C03E680D688042B26813B
:101AC00002D1042350E000BF16890F9C082B6681C9
:101AD0005689A6819689E681D689268202D1082375
:101AE00042E000BF168A0F9C0C2B6682568AA682A3
:101AF000968AE682D68A268302D10C2334E000BF80
:101B0000168B0F9C102B6683568BA683968BE683D1
:101B1000D68B268402D1102326E000BF168C0F9CA2
:101B2000142B6684568CA684968CE684D68C2685E7
:101B300002D1142318E000BF168D0F9C182B668568
:101B4000568DA685968DE685D68D268602D11823DC
:101B50000AE000BF138E0F9C6386538EA386938E7C
:101B6000E386D38E23871C2311F0030617D032F8A7
:101B70001340DDF83C9043F00105012E29F8154093
:101B80000DD032F81550022E0F9E43F0020426F8B5
:101B9000145004D032F81420099C24F813203C9DE2
:101BA0002F9CDDF8D8A042460D9B013143F822104E
:101BB0002E99884280F28E81D94606460B9929B12A
:101BC0001C9920290146BFF4DAAC11E01D991029B7
:101BD0004FF0000138BF0121089B0B4201463FF442
:101BE000CEAC1D9B8FA921F813B001331D93C5E422
:101BF0001C9B7FA921F813B001331C93BEE400BFE6
:101C0000DDF8D890304668E108290ADC47F6C04084
:101C1000814506DAC81A6FF04A0200FB029050456F
:101C200066DA042920DAFA2001FB00902C9A90420F
:101C30001ADADDF8B0A03498389932933D9B0AF156
:101C400001062A46CDE900A6CDF8ECE0664600F094
:101C5000D9FB329BDDF8ECE037995045DDF8B8A0B0
:101C6000B44606467FF733A903294DDB3699D145A3
:101C7000FFF60FAB3D9800283FF40BABD445FFF6C1
:101C800008AB34F8040C41283FF403AB309801282A
:101C900000F2808348F24130CFF6FF700138824570
:101CA0007FF7F7AA2A94CDE931C33098D5E90A36EF
:101CB00005EBC00CD5E900022946DCE90CC5184348
:101CC0003243DDF8D0B025EA02022CEA00001043CE
:101CD00060D03EA8A822CDF8ECE00CF41EF29DF8EE
:101CE0009A012B9C40285DD1DDE94E0270E000BFD7
:101CF00009EB0A0000EBD070461030460DF5177D59
:101D0000BDE8000FF0BD00BF3699FFF7C2BA00BFB3
:101D10000DF5F07B2E4658465146324605F07AFCCA
:101D20000546000400F0D8802F9A3B9B3046294698
:101D300000F038FF0028EED0A8B22D9AC5F3851127
:101D4000800B12F8018002284FF0000468AA304688
:101D5000294605F4404988BF012404F0ABFBB9F5DE
:101D6000804F00F017834BF6FF7000B229B281421A
:101D700040F31083A8F10F00B0FA80F0400920432F
:101D800000F008834EF20812C0F2000230980221DF
:101D900007F42EF2DDF8C4C00D462A9C3699329B1A
:101DA000FFF777BA4FF2182100F00700C0F20001E8
:101DB00001EBC00000F5C4514FF4C452496880588B
:101DC000DDE94E23504083EA010240218DF89A114B
:101DD0009DF89831012683F001038DF8983146F281
:101DE000BA73C3F61F2382EA030E4DF28F63C2F665
:101DF000B61343409DF99B012A9980FA56F08DF85D
:101E00009B010020ADF89C01CDE952004120BDF8B6
:101E10009E6108810F2088723D990136D4F89000A8
:101E2000ADF89E614E1CDDF8DCC03044FF284E93B7
:101E3000CDF83CE100F2DE824AF6AB25CAF6AA25CF
:101E4000A046ACFB055448F21F51A9EB0A05C5F2A8
:101E5000EB1155FB01F18D1105EBD1710329A8BFE1
:101E600003210BEBC0004FF4805200F580558350E6
:101E700001EB5400CAF10004CAF10101C5F804E005
:101E8000369A0096CDE90141ACEB00003899C31EAB
:101E900082F0010558463EAA0395FEF7DDFF98F84B
:101EA000AA1000297FF4D5A840422A9C3699DDE982
:101EB0003BE5DDE931C382453FF7EBA947F6BF417A
:101EC0008842D8BF8246564630460DF5177DBDE89C
:101ED000000FF0BDD94632903798329C3D9E68B1D4
:101EE0002E9884421ADA2C9884424FF00100C8BF21
:101EF0000320DDF8C4C0399DECE100BF48F2413059
:101F0000CFF6FF703044339E002E18BFA0F141067B
:101F100030460DF5177DBDE8000FF0BD39994FF43F
:101F200096704843FA3820EAE07A309ABAF5C06FE2
:101F3000A8BF4FF4C06ADDF8B480C9F3851618F85D
:101F400006001FFA89FCB0F10F054FF000040FFAEC
:101F500089F118BF0125BCF5404F38BF01244CF270
:101F6000000E00232C4011F5804FCFF6FF7E71DB71
:101F700009F44045B5F5804F6CD0002C6AD1022A97
:101F800080F01882CDF8D8904846259A6FF31F301C
:101F900032F910100AEB01030AFB01F1CC1701EB37
:101FA0009441A3EBA13313F5804FD8BF7346B3F52B
:101FB000804FA8BF4FF480431C9922F8103021298C
:101FC00080F0BA81002900F017814800A0F1020BCF
:101FD0000BF0060006280DF5FE7800F09E80BDF897
:101FE000FC416FF31F3432F91430A3EB0A050AFBEE
:101FF00003F3DE1703EB9643A5EBA33515F5804FEE
:10200000D8BF7546B5F5804F4FF48043A8BF1D4635
:10201000002822F814505FD0BDF8FE416FF31F3442
:1020200032F91450A5EB0A090AFB05F5EE1705EB8A
:102030009645A9EBA53515F5804FD8BF7546B5F582
:10204000804FB8BF2B46022822F8143048D108F13F
:10205000040861E011F5804F84F00105A8BF012359
:102060002B4240F0EB8011F5804F01DA002004E0B4
:102070000F2814BF00F00700062009F03F0118F8F0
:10208000011001F00701062980F09C81052800F26B
:10209000A181349A01EB410102EB012106EB4603D9
:1020A00001EB830101EB40004FF4D841435E0AEBA2
:1020B00003060AFB03F3DD1703EB9543A6EBA333FB
:1020C00013F5804FD8BF7346B3F5804FA8BF4FF4C8
:1020D00080434352B2E000BF08F102081DE000BF98
:1020E000BDF8000208F106086FF31F3032F9103016
:1020F000A3EB0A040AFB03F3DD1703EB9543A4EB00
:10210000A33313F5804FD8BF7346B3F5804FA8BFF4
:102110004FF4804322F810301C99BBF1060F6BD3AB
:102120007FA800EB4109A8F108064FF4804036F87B
:10213000083F6FF31F3332F91340A4EB0A050AFB83
:1021400004F4E11704EB9141A5EBA13111F5804FA7
:10215000D8BF7146B1F5804FA8BF0146748822F8F8
:1021600013106FF31F3432F91410A1EB0A030AFBAA
:1021700001F1CD1701EB9541A3EBA13111F5804F92
:10218000D8BF7146B1F5804FA8BF0146B38822F889
:1021900014106FF31F3332F91310A1EB0A040AFB7A
:1021A00001F1CD1701EB9541A4EBA13111F5804F61
:1021B000D8BF7146B1F5804FA8BF0146F48822F818
:1021C00013106FF31F3432F91410A1EB0A030AFB4A
:1021D00001F1CD1701EB9541A3EBA13111F5804F32
:1021E000D8BF7146B1F5804F06F10803A8BF01467C
:1021F0004B4522F814109AD12A9ADDF8D89090888D
:1022000060451CBFD080A2F804903D98DDF8B480F2
:10221000A0B132F8041C89B141290FD012F8020C88
:10222000102880F0DF80349AC1F3851102EBC010D2
:1022300000EB41004FF4B04120F801901D991129A5
:1022400072D2002941D034984E0000F5D84C8FABA3
:1022500033F8021B0CB214F5804F01DA002008E0BD
:10226000C4F3851018F800000F2814BF00F0070011
:10227000062001F03F0118F8011001F007010529BF
:1022800072D8062868D2C4F3851401EB41010CEB27
:10229000012104EB440401EB840131F91040A4EB6B
:1022A0000A020AFB04F4E51704EB9544A2EBA432FE
:1022B00012F5804FD8BF7246B2F5804FA8BF4FF4D9
:1022C0008042023E21F81020C2D13D9E399DDDE9B9
:1022D00031C402203A9948F2413301294FF00001FC
:1022E0004FF00002CFF6FF73C8BF01229C42B8BF77
:1022F000714247F6BF439C42C8BF31462144CDE9F5
:102300000050CDE90221CDF810C02B98DDE926233D
:10231000CDF8149000F044FF329E30460DF5177D45
:10232000BDE8000FF0BD00BF4EF27813C0F200030D
:102330000020102207F430F14EF24813C0F20003DF
:102340000020202207F428F14EF65842C0F2000285
:102350004FF4807106F44CF74EF26812C0F200029E
:10236000062106F445F700BF4EF26812C0F20002E3
:102370000846062106F43CF74EF2F452C0F2000281
:1023800006F436F74EF21812C0F200024FF48071D4
:1023900006F42EF74EF2D802C0F200023098022165
:1023A00006F426F74EF2F802C0F20002102106F4FD
:1023B0001FF700BF10464EF22812C0F200020221A1
:1023C00006F416F74EF25812C0F200020846062133
:1023D00006F40EF74EF25812C0F20002062106F47F
:1023E00007F700BF4EF23812C0F20002102106F4C7
:1023F000FFF600BF4EF2E802C0F200024FF4807117
:1024000006F4F6F6F0B503AF2DE9000FCBB00646A3
:1024100048F230100C4606EB000B31581546DBF83D
:102420000420013142F100023150304621469846E5
:10243000CBF80420FEF75CFB30B14FF000094846B2
:102440004BB0BDE8000FF0BDB8F1200F05D206EB90
:10245000880048F2641100224250DBF8C000804539
:1024600088BFCBF8C080D5E914A2B8F13D0F14D8CD
:10247000DBF8BC004FF6FE41A0F20120CFF6FF7161
:1024800088420AD900208DF880004CF24820C2F220
:102490000100006A20A9884214D95AEA020007D034
:1024A0004FF0000948464BB0BDE8000FF0BD00BF3B
:1024B0002846314605F0A4FE814648464BB0BDE8AB
:1024C000000FF0BD95F8A3E0BEF1630FE8D81892B5
:1024D000D5E9009CD5E90632D5E9081043EA09039D
:1024E00042EA0C0210431943084310944CD06C6C20
:1024F000DBF82C10A4FB0120814240F2BD82D7E919
:1025000002212B6C891A11910BF128010D91096898
:10251000129242018A5A0C939BB29A4201EB4011EB
:10252000139403D1087A08B108460EE0084630F843
:102530000A2F9A4201D18A7C3AB9084630F8142F02
:102540009A425FD1097F00295CD0B0F90610448817
:10255000B0F90490407A159147F60251894500F090
:10256000030016903ED10020179047F602592846E6
:10257000214604F03DFB002818BF20464B46DDF8FD
:102580005C90012249E000BFD5E90290D5E904142E
:10259000179141EA090144EA00024B1E62F1000C66
:1025A000194002EA0C0211433FF47AAF50EA0900E5
:1025B0009DD1179A45F2AA5142EA0400C5F2AA51E8
:1025C00008424FF000091FBF4AF65520CAF65520B1
:1025D00002EA0001204018BF50EA01003FF42FAF8B
:1025E00085E700BF47F6BF40814540F30F82C9F53C
:1025F000FA40CEF16301A9EB08098842C8BF47F64B
:10260000BF4912E20020169047F6025015900020B4
:102610004FF00009002247F60253149018985AEA26
:10262000000A47F6025005D06FF4FA4947F6025403
:102630004BE000BF159C201A18BF012002422FD08A
:10264000B9F1000FA14638D00120A342C8BF022033
:102650001699014208BF23469946F86881452FDB49
:10266000002A7FF4ECAE48F24130CFF6FF7081458E
:102670004FF00000B8BFC8F1000047F6BF429145D7
:10268000C8BF40460021484402224FF0FF33CDE945
:102690000032CDE90210DDE90C20139B04945FE1C8
:1026A0002846314618921C4605F0AAFD189A234682
:1026B0000446B9F1000FA146C6D1F8688145CFDACA
:1026C000B8688145C8BF4846129095F8A0102846C2
:1026D00003F016FADBF8BC30149A1790169119A87B
:1026E00029460B9309F41EF006F5C050189008F126
:1026F00001000A90F868BAF1000FC0F100000990DB
:102700001594CDF838A057D01198012840F33081A6
:1027100000200F901490139C189919A82A4604F0D1
:1027200079FF8246000400F0E480DDE91632284695
:10273000514600F037FA0028EED020AC204629465A
:10274000A8220BF4EAF42046514602F023FB1C9821
:102750001099CBF8BC0012982246DDE90943C0F17C
:10276000000C3046CDE9004CFFF74CFE9BF8D21030
:1027700000290B99CBF8BC107FF492AE4442149818
:10278000A14500F1010014900CDA1298A0420DDA74
:1027900030464146524600F075F9F8681294A0425E
:1027A00006DC64E1DDF83CA04C4601E0DDF83CA02D
:1027B000A146CDF83CA0AEE705F16000069004F11B
:1027C00096000790002014900024CDF82090DDF8AA
:1027D00040900F94189919A82A4604F01BFF010491
:1027E00000F084800FFA80FADDE91632284651465F
:1027F00000F0D8F90028EDD048F241300899CFF622
:10280000FF708142149800F1010014902EDB43F612
:10281000FF702AEA0000B0F5804F19D01AF5804FFA
:1028200002DA002009E000BF0699CAF38510085CAF
:102830000F2814BF00F0070006204EF67051C0F2BA
:10284000000151F82000079908441299884207DDD9
:1028500028465146002204F0E7FC0028BAD005E0E3
:1028600008998842C8BF01460891B3E720AC2046CA
:102870002946A8220BF451F42046514602F08AFA68
:102880001C982246CBF8BC001298DDE90943C0F140
:10289000000C30464946CDE9004CFFF7B3FD9BF8EC
:1028A000D21000290B99CBF8BC107FF4F9ADC0F120
:1028B00000090898484511DA1298484512DA11982B
:1028C000012804DD30464146524600F0DBF8F86846
:1028D000CDF84890484507DCC8E000BFDDF83CA0D3
:1028E000814601E0DDF83CA054466EE7DDF820901B
:1028F000139C0E98159E68B1149858B948F241304F
:10290000CFF6FF704044A0F1410948464BB0BDE806
:10291000000FF0BD119848F2413201284FF000013C
:10292000CFF6FF72C8BF012191454FF0000247F674
:10293000BF43B8BFC8F100029945FB684FF00000E3
:10294000C8BF424699454FF002034A44B8BF01232D
:10295000CDE9000302A846C0DDE90C200F9923460B
:10296000059100F01DFC48464BB0BDE8000FF0BDDE
:1029700000200F901490139C189919A82A4604F06F
:1029800049FE82460004B4D0DDE91632284651469D
:1029900000F008F90028EFD020AC20462946A822F4
:1029A0000BF4BBF32046514602F0F4F91C98109941
:1029B000CBF8BC0012982246DDE90943C0F1000CB7
:1029C0003046CDE9004CFFF71DFD9BF8D2100029E1
:1029D0000B99CBF8BC107FF463AD44421498A14529
:1029E00000F10100149007DA1298A04208DAF868A2
:1029F0001294A04206DC3AE0DDF83CA04C4601E02F
:102A0000DDF83CA0A146CDF83CA0B4E748F2413047
:102A1000CFF6FF70814508DA09F5FA41CEF163027D
:102A20009142D8BF08EB0900814647F60250B9EB46
:102A3000000118BF0121814517913FF498AD002096
:102A400000287FF494AD119801283FF790AD169AB5
:102A50000020F968012A88BF01208945B8BF1046C7
:102A6000C0077FF4ECAC0120179080E54C46CDF810
:102A70003CA0A1463CE700BF4EF2F452C0F2000277
:102A800006F4B6F31F2988BF7047F0B503AF4DF8C1
:102A900004BD00F500648B011F29E25202D100261B
:102AA00075E000BF4B1C00EB830248F2641692599C
:102AB0001F2A164628BF1F26002A68D004EB81155E
:102AC00004EB831C042A06F0030E01D2002444E028
:102AD000DCE9002306F01C04042CC5F80220C5F82C
:102AE000063001D1042438E0DCE90223082CC5F8C3
:102AF0000A20C5F80E3001D108242EE0DCE90423B9
:102B00000C2CC5F81220C5F8163001D10C2424E095
:102B1000DCE90623102CC5F81A20C5F81E3001D1B7
:102B200010241AE0DCE90823142CC5F82220C5F88B
:102B3000263001D1142410E0DCE90A23182CC5F852
:102B40002A20C5F82E3001D1182406E0DCE90C2338
:102B50001C24C5F83220C5F83630BEF1000F16D05F
:102B60003CF8143044F00102BEF1010F25F8123098
:102B70000DD03CF8122044F00203BEF1020F25F8FC
:102B8000132004D03CF8132005EB4403DA8000EB5B
:102B90008100711C48F2641281505DF804BBBDE8ED
:102BA000F0407047F0B503AF2DE9000F8FB090F8FB
:102BB000A0C0BCF1010F00F2E382814609F13005AB
:102BC00005EBCC04D0E90AA0646855F83C600440E9
:102BD00094FAA4F416EA0A06B4FA84F41FFA81FB04
:102BE00096FAA6F604F1200E18BFB6FA86FE0BF48C
:102BF000404601F03F08B6F5004FC1F3851B09D0F0
:102C0000B6F5404F40F03A8101200FB0BDE8000F0B
:102C1000F0BD00BFBEF13F0F00F2BA828CF001029E
:102C200005EBC20355F832408BF008050122C5F1CF
:102C300020015B68B5F1200622FA01F102FA05F5E0
:102C400058BF02FA06F158BF002524EA05000E908D
:102C500023EA01000D90D9E90C04D9E90E3646EAC1
:102C6000040AC8F12004B8F1200622FA04F443EA69
:102C7000000358BF02FA06F402FA08F658BF00260D
:102C8000734084EA0A046B40CBF12005614022FACC
:102C900005F5BBF1200458BF02FA04F541EA05002E
:102CA0004AF6C07102FA0BF2C2F2000158BF0022CC
:102CB00001EB4C2143EA020401EBCE0251F83E1035
:102CC00099E84810526819404AF2C033C2F2000332
:102CD000324003EBCE0653F83E30D9F80C507668FC
:102CE00003EA0C03354019430C9145EA02010A91AD
:102CF0004AF2C051C2F2000101EB4E15D5E902BC07
:102D0000D5E9066A0BEA04080CEA0001234606949A
:102D1000B8EB06040ABA61EB0A01CDF81C90D14663
:102D20009AFA8AFAB2EB0A0212BA81EA020198FA16
:102D300088F296FA86F862EB080212BA62400CEA50
:102D4000010C02EA0B01D5E904B40890059104EAEC
:102D500000010BEA03000ABA831B61EB0901B2EB25
:102D60000A0200BA60EB080000BA584012BA00EA42
:102D70000B00DDF81CB051402140DBF81420DBE9EA
:102D8000084304960B93059E1A43DBF8103041EA82
:102D90000C013043114044EA030210400A9A09949E
:102DA00011430A910C99069C08434AF2C0510C90B9
:102DB0004FEA4E10C2F2000151F800C0049A0CEA2A
:102DC000040168688B1A089A09BA00EA020565EBE3
:102DD00009062DBAB5EB0A052DBA85EA060561EBA1
:102DE000080105EA00080EF0200080F0200609BA6C
:102DF00024FA00F502FA06F481EA030A2C430EF0E5
:102E00001801B0F1200558BF22FA05F401F10103C1
:102E100049F2C01224FA03F30EF00704C2F20002D2
:102E200002EB841203F03F03D25C0AEA0C0302FABD
:102E300001F121FA06F201FA00F058BF01FA05F299
:102E400058BF002048EA02011843DBE90623099E27
:102E500032430B9E104033430A9A194011430C9A97
:102E600010430D9A11400E9A10400843B0FA80F0BA
:102E700040090FB0BDE8000FF0BD00BFF0452FD1F5
:102E8000D9E90023C8F120060E9201228CF001013D
:102E9000B8F1200422FA06FE58BF02FA04FE02FA34
:102EA00008F405EBC10258BF002456684AF6C07208
:102EB000C2F2000202EB4C2255F8318002EBCB0546
:102EC0006D6852F83B200E992B400A4002EA080236
:102ED00033401A431ED000200FB0BDE8000FF0BDF4
:102EE000C8F1200122FA08F003FA01F10843B8F111
:102EF000200158BF23FA01F0C0073FF485AE4FEA26
:102F0000DE004FEAD806B0424FEADB021AD1101AAF
:102F1000ACE700BF4AF2C032C2F2000202EBCB03C0
:102F20005B68D9E9025152F83B2019402A4002EA75
:102F300008023140114317D000200FB0BDE8000F48
:102F4000F0BD00BF0EF0070308F00705AB420BF021
:102F5000070101D1C81A89E7C41A761BB44219D1F6
:102F6000501A001B82E700BF4AF6C051C2F20001AE
:102F700001EBCB02526851F83B10104001EA0A0104
:102F800001EA08013040084308D000200FB0BDE836
:102F9000000FF0BD11441844081A67E7D9E904018D
:102FA000D9E90852F4462843069500EA08054AF292
:102FB000C050C2F2000005920A4300EB4B11079685
:102FC0001640D1E902EA08694A690E91CDF820E07D
:102FD00040EA0E0142EA0A0E0A900EEA0600294073
:102FE0000C95084309F13405D9F8303023CD41EA76
:102FF000030140EA050080EA0C0E84EA010409920C
:103000000B960D9444D00E98089AD0E9060102EA76
:1030100004052EBA0AEA0E0302962E1A1CBA8B4138
:1030200003930BBAE51A029C049690FA80FC64EBB9
:103030000C04049E24BA7440039E2DBA754005EA20
:103040000A0504EA020A0D9A0A9E0495099D324077
:1030500005EA0E04101A64EB010124BAE31A12BA4D
:1030600062EB0C0212BA50401ABA5140049A29403D
:1030700011430B9A304011400C9A40EA0A0010406C
:10308000084305D000200FB0BDE8000FF0BD00BF21
:10309000D9E90601059ACDF804E01143069AFF2507
:1030A000104300EA0803079801EA000E0E98CBF1DE
:1030B0002001D0E900C20BF03800C0F12004B0F1CB
:1030C000200625FA04F458BF05FA06F405FA00F6BE
:1030D0004FF0010058BF0026BBF1200520FA01F196
:1030E00058BF00FA05F100FA0BF558BF0025614002
:1030F00086EA0504114344EA0C0401EA0E011C406F
:1031000021433FF482AD0E980D9ED0E906019A4608
:10311000019B0CEA060502EA030495FA85F82D1ACC
:1031200094FA84F98C4109BA00BAB9EB010168EB51
:10313000000009BA00BA61400BF018046840BBF106
:10314000200F38BF334604F1010549F2C01601EAE9
:1031500002010BF0070223FA05F5C2F2000605F0A2
:103160003F0506EB8212525D00EA0C0002FA04F2FF
:1031700034BF1043114301EA0E0100EA0A0074E66D
:103180004EF6C032C0F200026046022106F430F072
:103190004EF6E032C0F200024020402106F428F052
:1031A000F0B503AF4DF8048D41688446A3FB0130B0
:1031B000814240F27D80DCF800104301CB5AD7F801
:1031C0001CE09CF8088092B2934201EB40102DD095
:1031D000017A59B3438993422AD0847C44B3437A19
:1031E00090F813C0A8EB030303F0F803CB1AA8EB85
:1031F0000C0101F0F801641A9C42B8BF2346848A8E
:103200004FF00001B8BF0121944213D090F81CC0C8
:10321000BCF1000F0ED0447FA8EB040404F0F804C6
:10322000ACEB04049C42B8BF022104E0002102E0A0
:10323000012100E00221D7E9024341EA81015FEA6E
:103240000E4500EB410003D0A0F802E005E000BF0E
:103250000188914218BFA0F802E0A11C0129D8BF43
:103260000121FF29DDB2A8BFFF21032D0ED0058863
:1032700095420BD1067A0D1DB54207D8467A06F065
:10328000F806464502D15DF8048BF0BDBD69D7E96B
:10329000046402808480C5800172002E18BF43F050
:1032A000040343EA080141725DF8048BF0BD00BFDE
:1032B0004EF20462C0F2000205F49AF7F0B503AFD3
:1032C0002DE9000F9DB0034653F8302F0F9093F86F
:1032D0007040012C84F0010000F2C4841C920F9A0B
:1032E00003EBC406D2E90AC2756853F834600D9541
:1032F000154016EA0C020E9692FAA2F695FAA5F27D
:10330000B2FA82F202F1200B159418BFB6FA86FBCE
:10331000BBF1400F80F0AE845A6803EBC0061B92ED
:10332000D3E902A214901A9253F830204AF6C05002
:10333000C2F2000000EBCB03756850F83B005B68FD
:1033400000EA020616951D4056EA0500179223D0A2
:10335000D1E900E88868C146404588BF814600BF82
:10336000814500F0618495FAA5FCBCFA8CF4203408
:1033700096FAA6F2002E18BFB2FA82F44BEA841233
:10338000741E65F1000326401D404EF820200130D8
:1033900056EA05028860E3D10F98D0E91464701EE4
:1033A00064F1000330402340184303D01DB0BDE852
:1033B000000FF0BD88461C98DDE91A2140EA0A009A
:1033C00011431990C04356EA04091A916FEA0101AA
:1033D000CDE90710CDE9026412D094FAA4F1B1FA54
:1033E00081F196FAA6F02031002E18BFB0FA80F1D4
:1033F000584600F04FFCCDE90910CDE91B4605E029
:10340000CDE9091017981C9016981B900F980E9AEA
:10341000D0E90001159B02400D9800260140002BC9
:1034200018BF4FF47F4308BF4FF47F0621EA06041C
:1034300022EA03054FF008006FF0060C6FF0080A4F
:1034400008BF4FF6F870189008BF4FF0090C08BF7E
:103450004FF0070ACDE91012CDE90B63CDF81890B3
:10346000CDE9045418D0EA094FF6FE63680A47F61E
:103470007F7142EA4462C0F2FE0340EAC450C0F2E7
:103480007F0103EAD41322F0013201EA542120F033
:1034900080301293139217E0E00140EA556147F63D
:1034A000007062024FF60063C7F67F7042EAD552A1
:1034B000CFF6FE6300EAC51021F0803103EA452310
:1034C00022F0013213931292169AC3461140179AB2
:1034D00010401C9A02401B9801EA000E52EA0E00AE
:1034E00029D0DBF80800DBE900818842019188BF20
:1034F000014600BF814200F0AD839EFAAEF9B9FAF1
:1035000089F62036002A92FAA2F418BFB4FA84F69B
:10351000551EA6EB0A046EF100030EEA030EA3B2D9
:103520002A4043EA861348F82030013052EA0E035D
:10353000CBF80800DED116981299139A0840179913
:1035400011401C9A0A401B9900EA010452EA040047
:103550002AD0DBE900E1DBF8086008468E4288BF2C
:10356000304600BFB04200F0678394FAA4F5B5FA84
:1035700085F592FAA2F32035002A18BFB3FA83F535
:10358000A5EB0C08531E64F100091A401FFA88F3DA
:1035900004EA090443EA85134EF82630013652EA5C
:1035A0000403CBF80860DDD10F9890F8A230402BCF
:1035B00061D00698F8B103F03F0080F00801029A4C
:1035C000039DC1F12006CA4005FA06F632432039B0
:1035D00058BF25FA01F2D1070DD10A99099EC0F111
:1035E0002002C14006FA02F21143203858BF26FAE1
:1035F00000F1C8073FD03F2B00F244834AF6C07069
:103600001499C2F2000000EB412000EBC30150F816
:103610003300049A49680240059801EA000652EA1C
:10362000060028D0DBE900E1DBF808509C010846E1
:1036300004F500488D4288BF284600BFA84200F02C
:10364000FB8296FAA6F3B3FA83F392FAA2F420333C
:10365000002A18BFB4FA84F3541E43EA080966F13D
:10366000000322401E404EF82590013552EA060321
:10367000CBF80850E2D110980B9900EA0103119899
:103680000C9900EA010656EA030000F0E280300AD5
:10369000159A40EA0360190A002A149308BF190218
:1036A000139608BF3002079A1140089A1040099AF1
:1036B0000A400A9900EA010454EA02002DD0DBE92D
:1036C0000091DBF808000B46884288BF034600BF24
:1036D000834200F0B78292FAA2F5B5FA85F594FA22
:1036E000A4F62035002C18BFB6FA86F5189EB4F162
:1036F000010E2E44B6B262F1000846EA851604EACD
:103700000E0402EA080246F4E04649F8206001305F
:1037100054EA0206CBF80800DAD1159880B1139E5E
:10372000FE22149B02EAD6126FF0FF0118924FF4AA
:103730007E42700A01EA532102EAD31213E000BF6D
:10374000139E4FF47E02149B02EA46224FF4FE00C1
:103750004FF0FE4118924FF07E4200EAC61001EA97
:10376000C31102EA43221592169A1140179A10408B
:103770001C9A02401B9801EA000452EA04002CD073
:10378000DBE90091DBF808000B46884288BF03465E
:10379000834200F0578294FAA4F5B5FA85F592FABF
:1037A000A2F62035002A18BFB6FA86F5A5EB0A0660
:1037B000B2F1010EB6B264F1000846EA851602EADB
:1037C0000E0204EA080446F4E04649F8206001309D
:1037D00052EA0406CBF80800DAD1DDE915100840FA
:1037E000DDE9171211401C9A0A401B9900EA0106F4
:1037F00052EA06002DD0DBE900E1DBF8084008467C
:103800008C4288BF204600BFA04200F0158296FA85
:10381000A6F5B5FA85F592FAA2F32035002A18BF6D
:10382000B3FA83F5A5EB0C08531E02EA03021FFA54
:1038300088F366F1000943EA851306EA090643F4B2
:10384000E0434EF82430013452EA0603CBF8084036
:10385000DAD10F980D9AD0E9020101EA020C0E9913
:1038600000EA010A5AEA0C005AD0DBE90040DBF812
:103870000860169009E000BF18980AEA000A179835
:103880000CEA000C5AEA0C024AD09CFAACF2B2FAEA
:1038900082F22032BAF1000F9AFAAAF318BFB3FAF3
:1038A00083F2BAF1010018906CF1000017904AF20F
:1038B000C030C2F2000000EBC20350F832001C9985
:1038C0005B6800EA01081B9803EA000E58EA0E0044
:1038D000D2D0169B9E4288BF334600BFB34200F051
:1038E0008B819EFAAEF9B9FA89F1203198FAA8F0E5
:1038F000B8F1000F18BFB0FA80F142EA8110B8F1B8
:1039000001016EF1000508EA01080EEA050E44F80F
:103910002600013658EA0E00CBF80860DED1ABE78E
:103920000F98D0E90412D0E908030B90084343EA4A
:1039300002010D9A0C9301EA02030E99014051EA2B
:10394000030000F09980DBE900C0DBF8085010901C
:103950000AE000BFDDE91201149B01401198034009
:1039600051EA030000F0888093FAA3F2B2FA82F2DF
:1039700091FAA1F002F12009002918BFB0FA80F9EC
:10398000481E129063F1000011904AF2C050C2F23A
:10399000000000EB49108468DDF864A013911493D3
:1039A000C368D0E906611A9A04EA0A0818931A4013
:1039B00098FA88F3B8EB0608169414BA8A4191FA7B
:1039C00081FE159232BAB4EB0E0417929341159A08
:1039D0001BBA24BA88EA03085440D0E90432189884
:1039E00020401890169808EA00081A9802EA000485
:1039F00003EA0A00861B64EB010A24BA1799B4EBA8
:103A00000E0400BA884100BA704026BA86EA0A015C
:103A10001140189A184011431B9A40EA080001EA25
:103A2000020A1C9900EA010252EA0A0092D0109B95
:103A30009D4288BF2B4600BFAB4200F0E5809AFA5A
:103A4000AAF1B1FA81F1203192FAA2F0002A18BF4E
:103A5000B0FA80F149EA8110511E6AF100060A406D
:103A60000AEA060A4CF82500013552EA0A00CBF8AA
:103A70000850E1D16EE700BF0F980B9AD0E906011C
:103A800010430C9A11430D9A01EA02030E9900EAC1
:103A9000010C5CEA03003FF489ACDBE900A0DBF831
:103AA000085013900CE000BFDDF860C01598169B1D
:103AB0000CEA000C149803405CEA03003FF476AC77
:103AC00093FAA3F2B2FA82F29CFAACF002F1200E61
:103AD000BCF1000F18BFB0FA80FEBCF101004AF241
:103AE000C051CDE9150363F10000C2F2000114904A
:103AF00001EB4E124FEA4E100B5851681A9E199C5A
:103B0000D2E90620CDF860C0179101EA060C03EA5D
:103B1000040191FA81F9891A9CFA8CF86CEB000C7B
:103B200000BA12BAB8EB000069EB020212BA00BA8E
:103B3000514080EA0C0801EA030C0EF0200181F0EC
:103B4000200924FA01F306FA09F21A430EF01800CC
:103B5000B1F1200358BF26FA03F200F1010649F241
:103B6000C01422FA06F20EF00706C2F2000402F0B8
:103B70003F0204EB8616B25C179C02FA00F020FAB2
:103B800009F208EA040658BF00FA03F200FA01F04D
:103B900046EA020158BF00201B9A40EA0C000A4086
:103BA0001C9900EA010353EA02003FF47DAF139829
:103BB000854288BF2846DDF860C000BFA8422BD0F0
:103BC00092FAA2F6B6FA86F6203693FAA3F1002B03
:103BD00018BFB1FA81F64EEA86115E1E62F100044A
:103BE000334022404AF82510013553EA0201CBF850
:103BF0000850E3D15AE700BF40F6E0221699C0F220
:103C00000102184605F4F4F240F6E0221099C0F2E1
:103C10000102184605F4ECF240F6E0221399C0F2D6
:103C2000010205F4E5F200BF40F6E022C0F2010215
:103C30004846414605F4DCF240F6E022C0F20102BB
:103C400005F4D6F240F6E022C0F20102184605F46F
:103C5000CFF200BF40F6E02208460199C0F201020F
:103C600005F4C6F24EF6B032C0F20002022105F4AD
:103C7000BFF200BF4EF6D032C0F200024020402119
:103C800005F4B6F24EF6E032C0F2000218464021CA
:103C900005F4AEF2F0B503AF2DE9000F85B0C6080C
:103CA000CD0800F00708AE4201F0070418BFA04598
:103CB00040F0AC804028049480F06A810122C1F178
:103CC0002005B1F1200622FA05F54AF2C05358BF8B
:103CD00002FA06F502FA01F6C2F200034FEA4014B6
:103CE00058BF002603EB401253F804B0D2F804C0CA
:103CF000D2E906230BEA060A0CEA0504BAEB02092C
:103D000094FA84FE9C411BBABEEB030E9AFA8AF326
:103D100012BA63EB02029EFA8EF36340202828BF9A
:103D20002E4600F0180503EA0C0E05F1010326FAF1
:103D300003F349F2C016C2F2000603F03F0306EB9C
:103D4000881612BAF65C82EA090202EA0B0806FA41
:103D500005F2C0F120064FF0010323FA06F634BF46
:103D600048EA02084EEA020EB0F1200258BF03FAF8
:103D700002F603FA00F54AF2C053C2F200034FEA1A
:103D8000411058BF002503EB411253F80090D2F8C0
:103D900004A0D2E9062309EA05040AEA0600B4EB06
:103DA000020C90FA80FB98411BBABBEB030324BAC8
:103DB00012BA64EB02021BBA202901F0180180EA52
:103DC000030028BF354601F1010325FA03F3049EE1
:103DD00049F2C015C2F2000512BA05EB861603F0CF
:103DE0003F0382EA0C02F35C00EA0A0002EA0902DD
:103DF00003FA01F134BF0A43084300EA0E0102EA64
:103E0000080005B0BDE8000FF0BD00BFA6EB08023A
:103E10002B1B9A4205D006EB08022B199A4240F060
:103E2000B180402880F0BC800126C1F12003B1F1AF
:103E3000200226FA03F358BF06FA02F34AF2C052F0
:103E4000C2F2000206FA01F502EB401458BF002549
:103E5000A268D4F80C90D4E906BA03922A4009EA81
:103E6000030692FA82F8B2EB0B02049232BA9AFA83
:103E70008AFC66EB0A06B2EB0C029BFA8BFE0296FA
:103E800068EB0E06DDF8108036BA88EA0608029E56
:103E900012BA724009EA0209039A08EA0208D4E950
:103EA000044225401340B5EB0B0B63EB0A061BBA2B
:103EB0002DBAB3EB0C0365EB0E052DBA1BBA85EAE0
:103EC0000B0573401A4005EA040343EA0803049310
:103ED00042EA0902C0F1200601230392B0F1200258
:103EE00023FA06F458BF03FA02F44AF2C052C2F2AF
:103EF000000203FA00F002EB411158BF0020D1E9A3
:103F00000289D1E9065309EA040208EA000696FA92
:103F100086FA92FA82FB761B93FA83FE01969A4107
:103F2000BBEB0E0B95FA85FC02926AEB0C06019A2C
:103F300036BA86EA020A029E9BFA8BF2724009EABE
:103F40000209D1E904120AEA080608401440451B98
:103F500064EB030324BAB4EB0E0400BA60EB0C006C
:103F600000BA684025BA6B401A40084042EA09018D
:103F7000039A30431140049A104005B0BDE8000F89
:103F8000F0BD00BF0020002105B0BDE8000FF0BD6E
:103F90004FF2D812C0F200024020402105F428F16F
:103FA0004FF2E812C0F200024020402105F420F157
:103FB000F0B503AF2DE9000F9BB0064656F830CFA1
:103FC00096F87040012C84F0010800F25B8506EB46
:103FD000C4058346D0E90A206B6856F8345018406F
:103FE0002A400C9592FAA2F590FAA0F2B2FA82F267
:103FF00002F120000A940B9318BFB5FA85F040280F
:1040000080F04885D6E90125F46806EBC803224311
:104010005B681692D4434AF6C052C2F2000256F8C8
:104020003860109302EBC00345EA0C0552F83020CB
:104030005B681196EE431795129602EA060503EAAD
:10404000040655EA0603139422D0D1E900EC8C68EB
:10405000E146644588BFA146A14500F0CB8496FAAD
:10406000A6F3B3FA83F3203395FAA5F2002D18BF17
:10407000B2FA82F340EA831A6B1E66F100021D4019
:1040800016404EF824A0013455EA06028C60E3D1B4
:10409000DBE91465CDF82080721E65F10003324023
:1040A0002B401A4304D01BB0BDE8000FF0BD00BF89
:1040B00056EA050203921A9114D095FAA5F3B3FAC1
:1040C00083F3203396FAA6F20E950F96002E18BFB2
:1040D000B2FA82F31946FFF7DDFDDDE912E8844606
:1040E0000AE000BF1198DDF848E0DDF84C800F9041
:1040F0001098F44641460E90DBE900020C9BCDF887
:1041000024B000EA030A0B98002602EA00050A9888
:104110006FF0070B0723002818BF4FF47F4008BF3C
:104120004FF47F0608BF4FF0080B08BF4FF6F77338
:104130002AEA000914934FF0090325EA060208BF92
:104140004FF6F9734FEA192415934FEA022344EA14
:1041500005644FEA12220695CDF81CA004BF43EA7D
:104160001A624FEA092402EA080204EA0E0502EA8A
:104170000003059005EA06044FEA1320049608BFE1
:1041800018024FEA14290D9008BF4FEA042902EAE9
:10419000010405EA0C0050EA04021891CDF864C04D
:1041A0002AD01A998B68D1E900EA5345CDF808A0C6
:1041B00088BF9A461A9900BF9A4500F03B8494FA4A
:1041C000A4FCBCFA8CF62036002890FAA0F818BFA0
:1041D000B8FA88F6451EA6EB0B0C64F100021440F9
:1041E0001FFA8CF2284042EA86124EF8232001334F
:1041F00050EA04028B60DFD113990D9ADDF848A0D4
:104200000A40189909EA0A000A40199900EA0104CB
:1042100054EA02032DD01A984FEA4B0ED0E900C1A0
:10422000836808468B420D9188BF18461A9900BFD3
:10423000984200F0078492FAA2F6B6FA86F694FA4B
:10424000A4F52036002C18BFB5FA85F6A6EB0E08AB
:10425000651E62F100092C401FFA88F502EA090286
:1042600045EA86154CF82350013354EA02058B6069
:10427000DED10698049900EA01030798059900EA3F
:10428000010656EA030000F02681300A0A9940EA46
:1042900003601A0A00290D9308BF1A02079608BF87
:1042A0003002139900EA0A030A401898199910403D
:1042B00003EA010252EA000344D01A9908238D68E8
:1042C000D1E900CA1A9903EB850800BF90FAA0F65D
:1042D000B6FA86F62036002A92FAA2F318BFB3FA8D
:1042E00083F6B2F1010E60F10004554580F0B2830F
:1042F000A6EB0B0343EA861949F480460CEB08034E
:10430000B6B243F8086C6E1C56458E6080F07A8316
:1043100049F4C0460CEB8503B6B25E60AE1C564550
:104320008E6080F06F8349F4A04302EA0E022040C1
:104330009BB24CF80830033552EA000308F10C0830
:104340008D60C3D10A9878B1079EFE230D9903EAC8
:10435000D6136FF0FF0213934FF47E43700A02EA04
:10436000512203EAD11B12E0079E4FF47E030D9900
:1043700003EA46234FF4FE004FF0FE4213934FF042
:104380007E4300EAC61002EAC11203EA412B1099EB
:10439000DDE90E630A40119932400840184050EAA6
:1043A000020345D01A9908238D68D1E9009803EBE0
:1043B000850400BF92FAA2F6B6FA86F620360028E7
:1043C00090FAA0F318BFB3FA83F6B0F1010E62F1D0
:1043D000000A454580F0468315998B1943EA861CEF
:1043E0004CF4804609EB0403B6B243F8086C6E1C2B
:1043F0001A9946458E6080F00D834CF4C04609EB57
:104400008503B6B25E60AE1C46458E6080F00283C6
:104410004CF4A04300EA0E0002EA0A029BB249F8FB
:104420000430033550EA020304F10C048D60C1D15D
:104430001098139900EA0B02119808400F99084050
:104440000E990A4050EA020345D01A9908238D6854
:10445000D1E900EC03EB850492FAA2F3B3FA83F3FB
:104460002033002890FAA0F618BFB6FA86F3B0F110
:10447000010962F10008654580F0FC8214990EEB99
:10448000040ACE1846EA831343F48046B6B24AF8CB
:10449000086C6E1C1A9966458E6080F0C38243F4E6
:1044A000C0460EEB850AB6B2CAF80460AE1C66457B
:1044B0008E6080F0B78243F4A04300EA090002EA6C
:1044C00008029BB24EF80430033550EA020304F1AF
:1044D0000C048D60C0D109980B99D0E9020202EA60
:1044E00001090C9900EA010A5AEA090056D01A9803
:1044F000D0E900E18668149108E000BF15980AEA47
:104500000B0A09EA00095AEA090047D099FAA9F208
:10451000B2FA82F202F12008BAF1000F9AFAAAF078
:1045200018BFB0FA80F8BAF1010B4AF2C03169F154
:104530000000C2F20001159001EBC80051F83820CC
:10454000446819981899104004EA010250EA0204DC
:10455000D4D0149CA64288BF344600BFB44200F0B9
:10456000318292FAA2FCBCFA8CF3203390FAA0F1CB
:10457000002818BFB1FA81F348EA8311431E62F1A3
:10458000000518402A404EF8261050EA02011A99F8
:1045900006F101068E60E1D1B0E700BF09991A9ECD
:1045A000D1E90402D1E9083107910A430B99184374
:1045B0000A400C990693084050EA020300F09C80E0
:1045C000D6E900B1D6F808E00D910AE01A9EDDE9BF
:1045D0000F10119A08400E990A4050EA020300F0A9
:1045E0008B8092FAA2F5B5FA85F505F1200C00282A
:1045F00090FAA0F318BFB3FA83FC109001380F9023
:1046000062F100000E904AF2C050C2F2000000EBCE
:104610004C139868179D1192D968D3E90628169E05
:1046200000EA050A01EA06099AFA8AF4BAEB020AD4
:10463000139069EB0800159199FA89F1129098FA94
:1046400088F092FA82F9091A64EB090424BA8AEA1A
:10465000040A129CCDF8509009BADDF854906140DC
:10466000D3E9044301EA09011591139925400AEAA7
:10467000010A03EA0601AA1A61EB080809BA081A36
:1046800029BA149D00BAA94109BA514080EA08002C
:10469000159A18401043189A214000EA020319980D
:1046A00041EA0A0101EA000555EA03008ED00D9C9B
:1046B000A64588BF74461A9E744500F08B8193FA14
:1046C000A3F1B1FA81F1203195FAA5F0002D18BFC0
:1046D000B0FA80F14CEA8110691E63F100020D40CE
:1046E00013404BF82E000EF1010E55EA0300C6F8F8
:1046F00008E0E1D16BE700BF0998069AD0E906010E
:104700000243079808430B9900EA01040C981040F3
:1047100050EA040100F0AC80D6E90031B668DDF85B
:1047200058C010910AE000BFDDE91210149C084047
:1047300011990C4050EA040100F09A8094FAA4F513
:10474000B5FA85F505F12008002890FAA0F118BF08
:10475000B1FA81F813900138129064F100001190C1
:104760004AF2C0501494C2F200004FEA481400EB21
:10477000481150F804B0179DD1F80490D1E90614FF
:104780000BEA050209EA0C0092FA82FA521A90FA30
:1047900080FEA04124BA09BABEEB04046AEB010111
:1047A00009BA24BA514084EA000A01EA0B0008F071
:1047B000200181F0200B25FA01F20CFA0BF515907F
:1047C0002A4308F01800B1F1200558BF2CFA05F271
:1047D00000F1010E49F2C01422FA0EF208F0070EA1
:1047E000C2F2000402F03F0204EB8E14A25C0AEA5B
:1047F000090402FA00F020FA0BF258BF00FA05F2A1
:1048000000FA01F044EA020158BF0020159A104353
:10481000189A01EA0209199900EA010A5AEA0900FC
:1048200082D0109CA64288BF34461A9DB44200F044
:10483000D98099FAA9F1B1FA81F120319AFAAAF056
:10484000BAF1000F18BFB0FA80F148EA8110BAF14E
:10485000010169F100020AEA010A09EA020943F8C2
:10486000260001365AEA0900AE60DFD15CE700BFDE
:104870000398099D00287FF416AC0A9895F8A1606A
:10488000400026FA00F084073FF40DAC0A99C007F7
:10489000C1EBC1014FEAC10843D048F0060BBBF1A0
:1048A0003E0F07D0BBF1060F3BD10020602305224D
:1048B000012504E04FF0C04000233D22042535428D
:1048C000099D2ED017991940169B1840084328D1EE
:1048D000AA4628461146089ADDE91653CDE9003567
:1048E00000F0EEF85546E0B9089ADDE91653504657
:1048F0005946CDE9003500F0E3F8554688B91A9BD2
:10490000AC46D3E901158D4280F0CC80186848EAA6
:104910008B114CF20402114340F82510681C98607A
:104920006546DDF86890002C7FF5BDAB48F00204C9
:104930003A2C09D0022C7FF4B6AB294600200E2376
:104940000322022506E000BF29464FF060600023E5
:104950003B22082535423FF4A6AB0D461799194076
:10496000169B184008437FF49EAB1146089ADDE978
:1049700016632846CDE9003600F0A2F800287FF43F
:1049800092AB089ADDE9166328462146CDE9003648
:1049900000F096F800287FF486ABD9E901104E4666
:1049A000884280F08780316848EA84124CF2040320
:1049B0001A4341F820200130B0601BB0BDE8000F61
:1049C000F0BD00BF40F6E0221499C0F2010220467B
:1049D00004F40EF440F6E0220D99C0F201022046E4
:1049E00004F406F440F6E0221099C0F201022046D9
:1049F00004F4FEF340F6E022C0F2010248466146AC
:104A000004F4F6F340F6E022C0F2010230465146CB
:104A100004F4EEF340F6E022C0F2010230464146D3
:104A200004F4E6F340F6E022C0F2010230466146AB
:104A300004F4DEF340F6E0220299C0F2010250468F
:104A400004F4D6F340F6E0220D99C0F2010204F41A
:104A5000CFF300BF40F6E022C0F2010228465146E3
:104A600004F4C6F340F6E022C0F2010228464146B3
:104A700004F4BEF340F6E022C0F20102284661468B
:104A800004F4B6F34EF6B032C0F200024046022102
:104A900004F4AEF34EF6D032C0F2000240204021C2
:104AA00004F4A6F340F6E022C0F20102284604F422
:104AB0009FF300BF40F6E022C0F2010204F498F335
:104AC000F0B503AF2DE9000F8DB0012A00F2588137
:104AD0004AF6C07600EBC20382F00102C2F2000681
:104AE00006EB422202EBC1067668D0E9005452F888
:104AF0003120D3E90C3C26402A401A4006EA0C0635
:104B0000324305D001200DB0BDE8000FF0BD00BF5D
:104B10004AF2C032C2F2000202EBC1067668D0E966
:104B2000025452F8312026402A401A4006EA0C0668
:104B3000324305D001200DB0BDE8000FF0BD00BF2D
:104B40004AF6C052C2F2000202EBC1067668D0E912
:104B50000A5452F8312026402A401A4006EA0C0630
:104B6000324305D001200DB0BDE8000FF0BD00BFFD
:104B7000D0E90426D0E908B942EA0B0202EA0305AB
:104B80004AF2C05246EA0906C2F2000206EA0C04E2
:104B900002EB4116D6E902E83269D6F814A00C9669
:104BA000099242EA0E064AEA080222402E403243A7
:104BB000CDF820A00A940B9562D0BD680C9AD7F866
:104BC0000CA0CDF818900EEA0509D2E90626CDF81A
:104BD0001CB008EA0A0B99FA89F402949BFA8BF448
:104BE0000194B9EB020404946BEB06040394019C5A
:104BF00096FA86F9B4EB09040194029C15BA64EBA9
:104C0000050B049C05959BFA8BF585EA040B019C2A
:104C100025BA039C65405446DDF820A005EA080546
:104C200004950BEA0E080AEA0405BC68DDF824B016
:104C300004EA0B04A21A65EB060E2DBA059EB5EB2D
:104C4000090524BAB44124BA62402CBA02EA0B0224
:104C500084EA0E0448EA0205049A04EA0A0442EAD5
:104C600004060A9ADDF8189016400B9ADDF81CB07D
:104C70002A40324304D001200DB0BDE8000FF0BD42
:104C8000D0E9060201F0380640EA0B0000EA030E04
:104C90000C9842EA09020CEA020CD0E90082FF20DB
:104CA000C6F1200320FA03F3B6F1200458BF00FA3E
:104CB00004F300FA06F04FF00106C1F1200558BFD9
:104CC0000020B1F1200426FA05F558BF06FA04F5D4
:104CD00006FA01F458BF00246B406040134340EAD9
:104CE000080003EA0C0300EA0E00184342D00C98B7
:104CF000D7F808A0D0E90603FE6808EA0A0502EA28
:104D0000060495FA85F92D1A94FA84FB9C411BBA86
:104D1000BBEB030300BA1BBA69EB0000634000BAA7
:104D20001A40202901F0070301F0180180EA05006C
:104D300001F1010449F2C01538BF564626FA04F4C1
:104D4000C2F2000504F03F0405EB83131B5D00EA8B
:104D5000080003FA01F134BF08430A4302EA0C01D8
:104D600000EA0E00084318BF01200DB0BDE8000F97
:104D7000F0BD00BF00200DB0BDE8000FF0BD00BFCA
:104D80004EF67843C0F20003104602211A4604F49E
:104D90002FF200BFF0B503AF2DE9000F8FB090F9EF
:104DA000A330012483FA54F380F8A330B0F9A4307F
:104DB00001F03F0C00F1600690F8A22016F80C50AC
:104DC00093FA54F3B0F8A64090F8A0E0C1F3851A26
:104DD000089505F00705A0F8A430631C402A0A9541
:104DE000A0F8A63019D04FF2182302F00702C0F243
:104DF000000303EBC20202F5C4534FF4C4585B68CE
:104E00003446D0E9105652F8082073406A40C0E991
:104E100010234022264680F8A22001F440484AF69A
:104E2000C07B8EF00105B8F5004FC2F2000BCDE952
:104E30000DACCDE90B5E099616D0B8F5404F524641
:104E400014D1BAF1020F00F05982DDF82090BAF1C6
:104E50003E0F00F04F82BAF1060F40F05582072155
:104E60004FF0050853E200BF8AF00802B65C0F2E2F
:104E700000F086800124C2F12005B2F1200324FA5B
:104E800005FA58BF04FA03FA04FA02F906F0070318
:104E900058BF4FF00009052B00F2F08400EBC30B64
:104EA000DBF804C050F833E08CEA0A0C8EEA0905FE
:104EB000CBF804C0102E4FEAD60B40F8335080F0E8
:104EC000E58400EBCB05D5E90CC484EA0A0E8CEA34
:104ED0000904C5E90C4E099C4FF00F054FF2182C40
:104EE000A5540BEB4B05C0F2000C0CEB852505EB34
:104EF000432505EBC20455F832E0D4F80490D0E91C
:104F00001054D0E916AB84EA090485EA0E05C0E91D
:104F1000105449F2C035C2F2000505EB06264EF6E4
:104F20001855C0F2000556F8226055F82350AAEB38
:104F30000606ABEB0505C0E916650B9D4AF6C07B7E
:104F4000DDE90CEA4FF00006C2F2000B80F8A36026
:104F5000B3B905EB4503BEF1020F4FEA430380F0FE
:104F6000BD840CEB432303EBC2067668D0E912C480
:104F700053F8322084EA060382EA0C02C0E91223C5
:104F8000DDF838C00122CCF12004BCF1200322FA64
:104F900004F402FA0CF658BF02FA03F458BF0026D4
:104FA000B8F5804F40F0E080DDF82880B8F1050FBB
:104FB00000F2748400EBC802536850F83850DDF8F2
:104FC00020B0634075405360BBF1100F4FEADB0324
:104FD00040F8385080F0728400F1300A0AEBC305C3
:104FE0006A685AF833C0624086EA0C060E9CDDF807
:104FF00024C06A600F224AF833600CF8042003EBE7
:1050000043024FF21823C0F2000303EB822202EBAB
:10501000482202EBC40352F834205B68D0E91056F2
:10502000D0E916E973406A40C0E9102349F2C03361
:10503000C2F2000303EB0B229B464EF61853C0F25C
:10504000000352F8242053F82830DDF83480AEEB0A
:105050000202A9EB0303C1F30131C0E916234D1C81
:105060000122C8F1200322FA03F600EBC5035C68B5
:10507000B8F1200158BF02FA01F644EA060159606E
:10508000DDF830E050F8351002FA08F44FEACE09A6
:1050900058BF0024214340F835105FFA89F11029E8
:1050A0000EF01F0180F012845AF831200AEBC10380
:1050B00022435C684AF8312044EA06025A6049EA11
:1050C00005020CF808204FF2182C01EB4101C0F248
:1050D000000CD2B24EF618540CEB81210BEB0222DD
:1050E000C0F2000401EB4521D0E9166352F82820F4
:1050F00054F8255032442B4401EBC806C0E916236E
:10510000D0E9105251F83810766885EA01090EEBA3
:105110004E0182EA060ABEF1010F4FEA4101C0E9E1
:10512000109A00F29B830CEB4121DDF838C0D0E9E6
:10513000126501EBCC02526851F83C100A9B4AF60A
:10514000C07B6A407140002BC2F2000BC0E9121212
:1051500040F0BF810D9B002180F8A31083EA0C0171
:10516000102900F09680B4E1CAF12001BAF12003C1
:1051700022FA01F158BF02FA03F102FA0AF358BF0A
:105180000023DDF82880B8F1050F00F28F8341EA93
:10519000040900EBC80133434E6850F83850089CAE
:1051A00086EA09065D404E60102C4FEAD40140F8B3
:1051B000385080F0338300EBC106D6E90C5201EB86
:1051C00041016B4082EA0902C6E90C32099B0F22B9
:1051D00003F80C204FF21822C0F2000202EB8121EA
:1051E00001EB482103F80A4001EBCC0351F83C6085
:1051F00001EBCA0551F83A105B687140D0E91026FE
:105200006D6881EA020949F2C031C2F200016B40C7
:10521000554601EB042183EA060A866D51F82550B4
:1052200051F82C102E44711AB8F1000FC0E9109AF1
:10523000816540F04E8100214FF2182280F8A310C2
:105240000EEB4E01C0F20002BEF1020F4FEA410127
:1052500080F0048302EB412101EBCC02D2F804C0C0
:105260000E9A0D9B51F8326001EBC30551F83310D3
:105270006D687140D0E9126285EA0C05DDF838C02E
:105280006A407140C0E9121283EA0C01102940F013
:10529000208103EB0C01724649080BEB42250B9B66
:1052A00005EBC102D0E900CE55F83180526800EB21
:1052B000C306D6E90C6402EA0E0208EA0C052E4089
:1052C0002240324300F001814FF2182280F8A210F0
:1052D00001F00701C0F2000202EBC10101F5C45266
:1052E0004FF4C456526889598AEA020A89EA0109C8
:1052F000E9E000BF3F214FF03D0808E0DDF82090D5
:1053000000214FF0030802E038214FF03B080891DC
:105310000124CCF12001BCF1200224FA01F1CAF1F0
:10532000200358BF04FA02F104FA0CF224FA03F342
:1053300058BF0022BAF1200558BF04FA05F304FA59
:105340000AF458BF00240A9E052E00F28F8243EA19
:10535000010E00EBC60114434A6850F8365082EA49
:105360000E0265404A60B9F1100F4FEAD90140F8CA
:10537000365080F0538200F1300252F831B002EB27
:10538000C1056B6884EA0B044FF2182B42F83140D8
:1053900001EB4101C0F2000B83EA0E03DDF824E0CB
:1053A0000BEB81216B600F2301EB46210EF80C30D3
:1053B00001EBCC0351F83C6001EBCA0551F83A10FF
:1053C0005B686D687140D0E910466B407340614086
:1053D000C0E9101349F2C031C2F2000101EB09210A
:1053E000856D51F82A300EF80A9051F82C10DDF82E
:1053F00020902B44591A0123C9F120068165B9F187
:10540000200123FA06F6C8F1200458BF03FA01F67A
:1054100003FA09F123FA04F458BF0021B8F120057A
:1054200058BF03FA05F403FA08F358BF002346EA0D
:10543000040CD0E906540B4384EA0C010C9C5D403B
:10544000C0E90651E500E9B2102904F01F0180F01F
:10545000E58152F8314002EBC1066340746842F8BE
:10546000313001EB41010BEB812184EA0C020F2367
:1054700001F5C061726045F003020EF8093001EBDE
:10548000C90351F8396001EBC80551F838105B6861
:105490006D687140D0E910466B400EF8082083EA31
:1054A000060A4B4681EA0409D1B249F2C032C2F27F
:1054B000000202EB0121826D51F8286051F823109F
:1054C0003244511A8165C0E9109ADDF830E0DDF808
:1054D00038C04EF6E0510D9BC0F2000111F80C20CF
:1054E000CE5C90F8A11032400A408A421AD01029AE
:1054F00080F0AC814FF21826C0F2000606F5C056C7
:1055000006EBC10506EBC20356F831106D685B6807
:1055100056F832606B40714089EA01098AEA030A51
:1055200080F8A12090F8A0104DF28F6281F0010167
:1055300080F8A01046F2BA71C3F61F21C2F6B61267
:1055400081EA0A0182EA0902BEF1010FC0E91021D5
:1055500000F26C81DDF82C9000F1300202EBC906FC
:10556000D0E90A13766852F839503340294091FA4D
:10557000A1F693FAA3F1B1FA81F101F1200818BF65
:10558000B6FA86F8B8F1400F80F0588102EBCE03EE
:1055900052F83E104269D0E9085CD3F804A042EA10
:1055A0000C02066902EA0A034AF2C052C2F2000281
:1055B0002E4302EB481E0D913140DEE9024BDEE93D
:1055C00004620C91089242EA0B02099626431A40A3
:1055D0000E404AF6C0713243C2F2000101EB49228B
:1055E000CDF818B002EBC80652F83820D0E9009B7D
:1055F000766802EA09024AF2C039C2F200090A9347
:105600000BEA060B09EBC80359F83890D0E90216EB
:105610005B6801EA090103EA060341EA0201D0E9F5
:10562000062643EA0B0342EA05020D9D079446EA6B
:105630000C0403EA0A064AF2C05301EA050C4FEAD9
:105640004811C2F2000353F801B0DEF8041004EA76
:105650000A0902EA050A0E912CD108F03801FF234D
:10566000C1F1200423FA04F4B1F1200258BF03FA77
:1056700002F403FA01F14FF00103C8F1200558BF0D
:105680000021B8F1200223FA05F558BF03FA02F50C
:1056900003FA08F258BF002251400E9A84EA05032B
:1056A0001A4341EA0B0102EA090201EA0A01114325
:1056B00000F0AD8000F130041ECC0B9007980596E9
:1056C000069E19431443DEE906E50191014004EA10
:1056D0000602CDF8109091FA81F9CDF834C0B1EB03
:1056E0000E0C11BACDF80CA095FA85FA62EB050301
:1056F000B1EB0A01CDF808B09EFA8EFB69EB0B0204
:1057000012BA09BA82EA0C02594031401040DDF861
:105710002490019E07900898069106EA09010ABAAA
:10572000B1EB0E0304EA000191FA81FCA941BCEB44
:105730000A0C62EB0B0212BA5A409CFA8CF35940E5
:105740000140079802EA0902024306980A9B0143B6
:1057500001EA03000C99DDF808C00A9002EA010092
:105760000E990CEA0602B146B2EB0E0301EA0406FA
:1057700066EB050536BAB6EB0A0612BA62EB0B0207
:1057800012BA36BA82EA030B86EA050208F020064E
:1057900086F0200502EA010A04FA05F129FA06F268
:1057A000114308F018030C900B98B6F1200258BF73
:1057B00024FA02F103F1010421FA04F149F2C014C0
:1057C00008F00709C2F2000404EB891401F03F015C
:1057D000615C0BEA0C0401FA03F121FA05F358BFEE
:1057E00001FA02F301FA06F158BF00214AEA030266
:1057F000049B21431A40039B059E19400C9BDDF836
:1058000034C019430A9B4CEA010C1A431643C0E901
:1058100014C60FB0BDE8000FF0BD00BF4EF6B84291
:10582000C0F200020846022103F4E2F44EF6C03250
:105830000B98C0F20002022103F4DAF44EF6E032D3
:10584000C0F200024020402103F4D2F44EF6206260
:10585000C0F200020846102103F4CAF44EF6C84212
:10586000C0F2000208460C2103F4C2F44EF6A8422E
:10587000C0F200023046062103F4BAF44EF630526C
:10588000C0F200021846062103F4B2F44EF640526C
:10589000C0F200025846022103F4AAF44EF6305238
:1058A000C0F200024046062103F4A2F44EF6A842DC
:1058B000C0F200024046062103F49AF44EF640522C
:1058C000C0F200021846022103F492F44EF6F842A8
:1058D000C0F200020846022103F48AF44EF6C842E0
:1058E000C0F2000218460C2103F482F4F0B503AFB5
:1058F0002DE9000F8BB03F29099300F2F9804AF699
:10590000C07CC2F2000C0CEBC106D6F804E0D6E96C
:105910008064D0E90C53DDF8248003EA040905EA29
:1059200006045CF83160D0E90E350A9205EA0E05EE
:105930003340234345EA0906D0E90054D0E902CEBA
:105940002B404AF2C035C2F20005344005EBC106D7
:1059500055F83150766805EA0C0543EA050C4AF61D
:10596000C05506EA0E06C2F2000544EA060E05EB33
:10597000C10455F83150D0E90A3664682B4043EA37
:105980000C03344007934AF2C0534EEA0406C2F2B5
:105990000003089603EB4116B468D6E906E9D6F889
:1059A0000CB00594144094FA84FAB4EB0E020BEA9E
:1059B0000804029222BA99FA89F564EB0903B2EB62
:1059C000050C9EFA8EF201936AEB02049246029A4B
:1059D00024BA019B54409CFA8CF25A4002EA0B0212
:1059E0000292059ACDF810E022400592D6E9044CC7
:1059F0000A9A069504EA020393FA83FBB3EB0E0EB0
:105A00000CEA08031ABA63EB0903521B6BEB0A0595
:105A10002DBA85EA0E0512BA5A4005EA0403059D1F
:105A2000029C02EA0C0243EA050C4569436A1443EE
:105A30000269D0F820E005931D4342EA0E02079B5D
:105A400002EA0C021A430792089A2C4022434AF2B7
:105A5000C05308924A01C2F20003CDF80C909A5844
:105A6000DDF828907668049B02EA0904039DB4EBF4
:105A7000030C06EA0803DDF818B063EB05051BBA52
:105A8000B3EB0B0324BA64EB0A041BBA24BA83EA0F
:105A9000050A84EA0C052A40202901F0070501F0D7
:105AA000180101F1010449F2C01338BFC84628FAB1
:105AB00004F4C2F2000303EB851304F03F055B5DC1
:105AC00006EA0A0603FA01F12CBF0E430A43D0E9A5
:105AD0000601059B40EA0E0019431040089A314028
:105AE0001143079A10430BB0BDE8000FF0BD00BF93
:105AF0004EF6E032C0F200024020402103F478F379
:105B0000F0B503AF2DE9000F85B0012900F2C68082
:105B100000F1300909EBC102D0E90A54D2F804E0DF
:105B200059F831C004EA0E0494FAA4F4B4FA84F4E7
:105B300015EA0C0504F1200495FAA5F518BFB5FA8D
:105B400085F4402C80F0B2804AF2C053C2F20003C8
:105B5000620153F8028004F038024FF0FF0AC2F1EC
:105B6000200603EB4415B2F120032AFA06F658BFCB
:105B70000AFA03F64FF0010BC4F120030AFA02F20D
:105B80002BFA03F358BF0022B4F1200A58BF0BFAD6
:105B90000AF300940BFA04F458BF00246240D5E9DC
:105BA000014A734044EA030B48EA0208D0E906467A
:105BB000D0E9083281F0010116431C430BEA060BC1
:105BC000EE6808EA0408D5E904544AEA050A45697A
:105BD000344306692A433343224009EBC10403EAF4
:105BE0000A03646859F8311043EA080342EA0B02D9
:105BF00002EA040803EA010555EA080144D000F16D
:105C00003003C06B0ECB10431943039000EA0E0023
:105C1000DDF800B0029001EA0C004FF000094FF0EF
:105C2000000A0491019000BF98FAA8F1B1FA81F13D
:105C300095FAA5F02031002D18BFB0FA80F1681E4A
:105C400068F100020540584608EA0208FEF722F80B
:105C5000049B039A03400A405E1E62F100047340F5
:105C60006240F31A74EB0202019A00EA0200029AFF
:105C700001EA02013CBF4AEA010A49EA000955EA81
:105C80000800D1D104E000BF4FF000094FF0000A36
:105C90004846514605B0BDE8000FF0BD4EF6C03293
:105CA000C0F200020846022103F4A2F24EF6884236
:105CB000C0F200024020402103F49AF2F0B503AF95
:105CC0002DE9000F8DB090F8A0C0BCF1010F00F2DB
:105CD000B98100F1300505EBCC06D0E90AE9766818
:105CE00055F83C4006EA090696FAA6F6B6FA86F694
:105CF00014EA0E0406F1200A01F4404601F03F08C0
:105D000094FAA4F418BFB4FA84FAB6F5004FC1F3BC
:105D1000851109D0B6F5404F40F03E8101200DB00D
:105D2000BDE8000FF0BD00BFBAF13F0F00F2928155
:105D30008CF0010205EBC20355F8324081F00805F2
:105D4000D3F804E00122C5F12003B5F1200622FAC0
:105D500003F302FA05F558BF02FA06F358BF00250F
:105D6000AC430B942EEA03040A94D0E90CE9D0E981
:105D70000E644EEA060EC8F1200649EA0409B8F19D
:105D8000200422FA06F658BF02FA04F602FA08F4D2
:105D900058BF002486EA090684EA0E047340C1F164
:105DA00020066540B1F1200422FA06F602FA01F15C
:105DB00058BF02FA04F658BF002145EA01094AF625
:105DC000C071C2F2000101EB4C2143EA060801EB6D
:105DD000CA0251F83A1090E84810526819404AF245
:105DE000C033C2F20003324003EBCA0653F83A3024
:105DF000C568766803EA0C0335401943099145EA02
:105E0000020107914AF2C051C2F2000101EB4A15AA
:105E1000D5E902B4D5E906CE4346CDF8188004EAA8
:105E200008010BEA0908B8EB0C060ABA08969EFAB4
:105E30008EF661EB0E01921B12BACDF83090F1464E
:105E400082EA010E98FA88F29CFA8CF862EB08025A
:105E5000089912BA4A400EEA0401089102EA0B01BD
:105E6000D5E904BE0C9A0EEA030402EA0B02CDF84F
:105E700010C023BAB2EB0C0C039164EB09019B1B1D
:105E800012BA1BBA62EB0802594012BA089B82EAA6
:105E90000C0201EA0E0102EA0B0219434369D0E940
:105EA00008B405960894039E2343046932431940BD
:105EB0004BEA04031A40079B049E19430791099972
:105EC000069C11434AF2C05209914FEA4A11C2F2AC
:105ED000000252F801C00C9A69680CEA0203B3EBA5
:105EE000060E01EA0406059D66EB090936BA761B23
:105EF00036BA1BBA86EA09060AF0200563EB0803E6
:105F000006EA010885F020011BBA22FA05F62246AE
:105F10008C408EEA030E34430AF01803B5F12006D4
:105F200058BF22FA06F403F1010224FA02F949F2F9
:105F3000C0120AF00704C2F2000202EB841209F058
:105F40003F04125D0EEA0C0402FA03F222FA01F198
:105F500058BF02FA06F102FA05F258BF0022D0E952
:105F60000630089E41EA0801224343EA0B0330430E
:105F7000084002EA0301079A1043099A11430A9A5A
:105F800010400B9A11400843B0FA80F040090DB060
:105F9000BDE8000FF0BD00BFD04523D1D0E90C36DD
:105FA000D0E90E548CF0010245EA030C264301248B
:105FB000C8F12003B8F1200524FA03F358BF04FA0E
:105FC00005F304FA08F558BF002573408CEA05066E
:105FD000CDE90063FEF774FD80F001000DB0BDE86F
:105FE000000FF0BD22FA08F0C8F1200203FA02F215
:105FF0001043B8F1200258BF23FA02F0C0073FF463
:106000008DAE4FEADA004FEAD806B0424FEAD1022D
:1060100002D1101AB8E700BF0AF0070308F007051D
:10602000AB4201F0070101D1C81AADE7C41A761BD3
:10603000B44203D1501A001BA6E700BF1144184414
:10604000081AA1E74EF6C032C0F2000260460221F3
:1060500003F4CEF04EF6E032C0F2000240204021C0
:1060600003F4C6F0F0B503AF2DE9000F97B091F837
:10607000A0C00246BCF1010F8CF0010000F2948137
:106080008B465BF830EF12920BEBC0025BE90254D7
:1060900052685BF83060224092FAA2F2B2FA82F2C1
:1060A00016EA050402F1200594FAA4F418BFB4FA24
:1060B00084F5402D80F08081DBF80C40DBE901267F
:1060C00005F02003144346EA0E0283F020061392E3
:1060D000DA4004FA06F632431193203B10930794FA
:1060E00058BF24FA03F205F018035C1CE24049F2A1
:1060F000C01405F00706C2F2000402F03F0204EBF0
:106100008616B25CFF240E924AF6C072C2F20002FA
:1061100002EB402E05F03802C2F12000B2F1200659
:1061200024FA00F00F9358BF04FA06F04FF001086C
:10613000C5F1200604FA02F228FA06F658BF00223A
:10614000B5F1200458BF08FA04F680EA060908FAF7
:1061500005F64AF2C05458BF0026C2F2000482EA93
:1061600006086E01A35904EB45167068CC694A6AAB
:106170000C9040EA0900144304EA0009D1F818A081
:10618000086A0D9343EA080440EA0A0303EA040894
:10619000D1E90441169544EA000A1143D6E90230D8
:1061A000D6E904420190059202431140069444EA64
:1061B00003025EF835400AEA02000B940EEBC504B8
:1061C000646848EA00080A944AF2C034C2F2000443
:1061D00054F8352004EBC504099262680BEBCC003F
:1061E0000892B269029341EA09035BF83C104068E7
:1061F0000492F26903EA000908EA010A03925AEAE2
:1062000009023FD0139EDDF81CE0314000EA0E0089
:106210004FF0000B4FF000081591149099FAA9F176
:10622000B1FA81F19AFAAAF02031BAF1000F18BF41
:10623000B0FA80F1BAF101000AEA000A169869F191
:10624000000209EA02097446FDF724FD00EA06038C
:1062500001EA04025D1EA64662F100046B40624042
:10626000EB1A74EB0202159A00EA0200149A01EA92
:1062700002013CBF48EA01084BEA000B5AEA090058
:10628000CCD106E0DDF81CE0139E4FF0000B4FF080
:106290000008029CDDF810C0019D04EA0600039B83
:1062A000B0EB0C0105EA0E02149162EB030112BA85
:1062B00093FA83F900BAB2EB09029CFA8CFA1591B1
:1062C00060EB0A00149900BA484011BA159A2040B0
:1062D0005140069A294014900598159102EA06014A
:1062E000B1EB0C0500EA0E0464EB030624BA09BA0C
:1062F000B4EB090461EB0A0109BA694025BA6E40A2
:106300000640149811400843149015980D99304395
:10631000159013980C9C01EA000504EA0E06B5EBF3
:106320000C0E66EB030036BAB6EB09032EBA1BBAA5
:1063300066EB0A025840DDE90E63119D204006FA23
:1063400003F3C5F12006109C12BA23FA06F682EA7E
:106350000E02002C58BF03FA04F603FA05F302EA12
:10636000010258BF00231A43129B0B999A611960CE
:106370000A9930435960099903F11C0C99600899F6
:10638000C3E90CB8D960149919611143159A5A617F
:1063900002438CE807000020C3E90A0016989863BE
:1063A00017B0BDE8000FF0BD4EF6C032C0F20002DB
:1063B000022102F41DF700BF4FF2E812C0F2000202
:1063C0004020402102F414F7D0E914231A431CBFE3
:1063D00000207047F0B503AF2DE9000B82B090F8B4
:1063E000A09039294FF000030EDC02291CD00629A9
:1063F0004ED14FF0600801234FF0050C4FF0000E16
:10640000B9F1000F43D125E03A2919D03E293FD1F7
:106410004FF0C04E04234FF03D0C4FF00008B9F18F
:10642000000F17D133E000BF4FF0000E4FF00E0801
:1064300002234FF0030CB9F1000F28D10AE000BF8E
:106440004FF0606E4FF0000808234FF03B0CB9F19D
:10645000000F1CD090F8A1401C424FF0000317D051
:10646000D0E90C45D0E90E261443354305EA0E0267
:1064700004EA080632430BD189F0010688466146DA
:1064800032468146CDE90045FEF71AFB40B10023B4
:1064900002B0BDE8000BBDE8F0401846704700BFF1
:1064A000484641463246CDE90045FEF709FB80F0FB
:1064B0000103EDE7F0B503AF2DE9000F89B01FFA36
:1064C00081FB01F03F06BBF5804FC1F3851A1BD25B
:1064D000811991F8601001F00701052900F270831D
:1064E00002EBC10352F831105B68CAF1200521FAB2
:1064F0000AF103FA05F52943BAF1200558BF23FA3A
:1065000005F1C90740F00381D2E90CE30125C6F18A
:10651000200125FA01F805FA06FCB6F1200458BF5F
:1065200005FA04F858BF4FF0000C03EA08010EEA20
:106530000C03194326D0946BF1084FEADA03994211
:106540004FEAD40E02D18E451CD0E0E006F00706DB
:106550000AF007094E4504F0070403D1B44211D0F4
:10656000D5E000BF8D1BA3EB09039D4204D1AEEB28
:106570000401A94206D0CAE00EEB040331448B4269
:1065800040F0C580022181EA9B310026DFE801F05E
:1065900002C6C0DA014651F8303F8AF00806CDE95C
:1065A000073191F870300121C6F12004B6F12005C1
:1065B00021FA04F901FA06FBCAF1200658BF01FAD4
:1065C00005F958BF4FF0000BBAF1200521FA06F685
:1065D00058BF01FA05F601FA0AF558BF0025022B4B
:1065E00080F0F6824AF6C071C2F2000101EB43214D
:1065F000D2F838E001EBCA04646851F83A100EF0A2
:106600003F029A46C2F12003D14004FA03F3194332
:10661000203A58BF24FA02F1C90778D1BEF1400FE1
:10662000CDF818A080F0DC82DDF820A0079C0AF1EC
:1066300004030ECB2243194382EA0B0281EA0901CB
:1066400082EA0C0281EA080142EA05084AF2C052D5
:10665000C2F200024FEA4E1341EA060902EB4E1164
:10666000D2584D680291D1E906C102EA080405EA50
:106670000903B4EB0C0693FA83FB8B41039109BA2F
:106680000591BBEB010109BA81EA030B23BA9CFA1D
:106690008CF18B411BBA73401A404B460EF0180424
:1066A000CDF81CC00191BEF1200FCDF8109038BF7D
:1066B000434604F1010649F2C01123FA06F30EF035
:1066C0000706C2F2000101EB861103F03F03C95C2B
:1066D0000BEA050301FA04F12CBF0B430A430699A8
:1066E0008469056A0AEBC1065AF831B0C169D0F86D
:1066F00024C02C4341EA0C01D6F804E014401940B0
:1067000001EA0E0104EA0B03194300F0038201269B
:1067100006F0010009B0BDE8000FF0BDBAF1020FAC
:1067200032D0BAF1060F29D0BAF13E0F07BF4FF0B1
:106730003F094FF03D0B4FF038094FF03B0B4FF046
:10674000000E27E000F130064ACEC06B31431843FB
:10675000CBF3013380EA080981EA0C08DFE813F083
:1067600004007A01AA00E8004AF2C030C2F2000038
:1067700000EBCA0150F83A604868B5E14FF00709EC
:106780004FF0050B04E000BF4FF000094FF0030B82
:106790004FF0010E00F130041ACCC06B21430124EC
:1067A000C9F120061843B9F1200324FA06F658BFB0
:1067B00004FA03F604FA09F358BF00237040594065
:1067C000CAF120068CEA010CBAF1200124FA06F67F
:1067D00058BF04FA01F604FA0AF1CBF1200388EA63
:1067E000000858BF0021BBF1200024FA03F358BF72
:1067F00004FA00F304FA0BF058BF002033430843B7
:1068000043EA080140EA0C084AF2C050C2F2000014
:106810004FEA4B1400EB4B1350F804C05C68D3E90B
:10682000063008EA0C0501EA040695FA85FAED1A25
:1068300096FA86F9864100BA1BBAB9EB00006AEBFA
:10684000030300BA1BBA70400BF018065D4000EA63
:106850000403BEF1000F18BF414606F1010421FAFE
:1068600004F149F2C0140BF00700C2F2000401F079
:106870003F0104EB8010405C05EA0C0100FA06F0D1
:1068800008BF0343926B18BF014302F03F00C0F101
:106890002006B0F1200203FA06F621FA00F046EADB
:1068A000000658BF23FA02F606F0010009B0BDE861
:1068B000000FF0BD4AF2C053C2F200034FEA4A157E
:1068C00003EB4A1653F805E0D6F804C0D6E906648F
:1068D0000EEA08030CEA090519BA9B1B28BAA54160
:1068E00024BA36BA041B61EB060636BA734024BAE2
:1068F00003EA0E060AF018036C405D1CBAF1200F83
:1069000038BFC14629FA05F049F2C0150AF007015F
:10691000C2F2000500F03F0005EB8111095C04EABA
:106920000C0001FA03F12CBF08430E43DCE000BF6A
:106930004AF2C050C2F2000000EB4A14D4E9026BE4
:10694000D4E9065C06EA080108BA0BEA09030790D5
:10695000481B93FA83FE06909CFA8CF0089563EB33
:106960000C05BEEB000109BA089B8646049081EA3B
:106970000500079D19BA029165EB0101069D09BA50
:10698000694025693140666900EA0B00069006EA15
:10699000090005EA080B079101BABBEB030360EBA2
:1069A0000C00B1EB0E0109BADDF808E080EA010045
:1069B0009BFA8BF161EB0E0109BA594029404AF26A
:1069C000C05305914FEA4A11C2F200035958CDF85D
:1069D0000CC0D4F804C0089B00EA060B01EA0800CA
:1069E000039CC61A0CEA090363EB0405049C1BBA5A
:1069F0001B1B00BA60EB0E0000BA1BBA70400AF015
:106A000018066B4000EA010E751C49F2C011BAF17C
:106A1000200F38BFC1460AF0070029FA05F5C2F277
:106A2000000101EB801005F03F01405C03EA0C011E
:106A300000FA06F0069B079E059D43EA0B0346EA13
:106A4000050634BF0643034343EA010046EA0E0647
:106A50004AE000BF4AF2C053C2F2000303EB4A15FA
:106A600005F108030BCB08936B69D5E9066500EACD
:106A70000804079301EA090394FA84FAA41B93FA21
:106A800083FB63EB050E2BBA96FA86FCBBEB030B7C
:106A900006946AEB0C0494FA84FA9BFA8BF48EEA5F
:106AA000040E069CDDF81CB084EA0A0404EA000A1D
:106AB000089C0EEA010E0BEA090004EA080191FAAB
:106AC00081F890FA80F9891BA841B9EB030368EBC0
:106AD0000C0636BA1BBA58407140214000EA0B0040
:106AE00040EA0E0041EA0A06916B01F03F01C1F154
:106AF000200326FA01F200FA03F342EA03062039E2
:106B000058BF20FA01F606F0010009B0BDE8000FF9
:106B1000F0BD00BF0895029D079CAB68E968049A28
:106B200003EA0806341BC14601EA020A0694DDF8AE
:106B30000C80059C00919AFA8AF16AEB080A091BFD
:106B400009BA8AEA010A019934BA8C41069E24BA2C
:106B5000744023400693009B03EA0A03D5E904A48A
:106B60000093079B04EA02060AEA0902D51A059B6C
:106B700066EB080836BAF61A12BA36BA8A4186EABD
:106B80000806009912BA26406A403143D0E904064B
:106B9000069B02EA0A021A4346EA0C03089E1940C1
:106BA0003043104001EA0E0100EA0B0050EA0106F2
:106BB00018BF012606F0010009B0BDE8000FF0BDC6
:106BC0004EF69842C0F200020846062102F410F385
:106BD0004EF6E032C0F200021846022102F408F339
:106BE0004FF2D812C0F200027046402102F400F3C6
:106BF000F0B503AF2DE9000F8FB08DB24FF000025A
:106C00000DB1412D06D102F001000FB0BDE8000F1B
:106C1000F0BD00BF05F03F0C00EB0C0191F8606087
:106C20000F2EF0D090F8A030F1089942EBD1044635
:106C3000C5F3851154F8309F05F44045B5F5004F74
:106C400006F0070212D0B5F5404F59D1052A77D189
:106C5000C3EBC302D2000432624571D10FB0BDE86C
:106C6000000FBDE8F040FFF7AFBB00BF002A4FF0B8
:106C70000002C8D190F8A260B142C4D1022B80F0CA
:106C8000CB824AF6C072C2F2000202EB432202EB50
:106C9000CC0652F83C207668C1F12008CA4006FABA
:106CA00008F52A43B1F1200958BF26FA09F2D207A4
:106CB00046D0D0E9142652EA06051AD0551E66F1D0
:106CC000000C02EA050E06EA0C0555EA0E0537D15E
:106CD00096FAA6F6B6FA86F606F1200C92FAA2F516
:106CE000002A18BFB5FA85FC8CEA0102082A40F098
:106CF000DD80012202F001000FB0BDE8000FF0BD01
:106D0000022B0E9280F0808204EBC3064FF0010B41
:106D1000C1F1200254F833E0D6F804A02BFA02F8AF
:106D2000B1F1200658BF0BFA06F80BFA01FB58BF69
:106D30004FF0000B0AEA08020EEA0B06324307D0B6
:106D4000002202F001000FB0BDE8000FF0BD00BF4F
:106D5000CDF83480CDE90BAE04F1040E9EE844403A
:106D6000DDF8388046EA0906B8F1000F4EEA020A5B
:106D70001AD0B5F5804FE3D0A8F10101032900F244
:106D8000ED81DDF830E0DFE811F005009D01B9008C
:106D9000FF0000BF4AF2C031C2F2000101EBCC0299
:106DA00051F83C105368E4E1C3EBC3090A9689EA41
:106DB000D106073EA5F58045B6FA86F6B5FA85F503
:106DC00076096D097540BBD16FF007064AF6C075AC
:106DD000002B08BF0826C2F2000506EB0C0883F062
:106DE000010605EB432505EBCC0255F83C5004EBBE
:106DF000C60E54F836405268DEF804E005EA040690
:106E00000D9CCDF8248002EA0E0206EA0B0E0A9EC3
:106E100002EA040506EA0B0604EA0A0488EA01020B
:106E200026433243B2FA82F289EADC06012E4FEAA7
:106E300052142FD16FF00F02002B08BF10226244B2
:106E40008A4227D15EEA050118BF0121DDE90B3E28
:106E5000DDE90D98214340F096810999012501F063
:106E60003F01C1F1200625FA06F6B1F1200258BF14
:106E700005FA02F605FA01F158BF002146EA0902B7
:106E80000A9E41EA0B0102EA0A02314011437FF4F3
:106E900057AF78E15EEA050118BF0121DDE90B3E3D
:106EA000DDE90D9821433FF44BAF6CE104EBC306E1
:106EB000D0E90A02766854F833303240184090FA2C
:106EC000A0F392FAA2F0B0FA80F000F120000C4694
:106ED000614618BFB3FA83F0FCF7DCFE01FA08F252
:106EE000E0400243B9F1000F58BF21FA09F202F065
:106EF00001000FB0BDE8000FF0BD00BF4AF2C05165
:106F0000C2F2000101EB4C124FEA4C13C95853680E
:106F1000D2E90625099303EA0A0401EA06030A9660
:106F20001EBA08969B1AF14694FA84FEAC4116BA32
:106F30002DBA089ABEEB050562EB060636BA2DBAE5
:106F400073400CF0180665400A9A741CBCF1200FBF
:106F500038BF92462AFA04F249F2C01401EA03014A
:106F60000CF00703C2F2000402F03F0204EB8313AB
:106F70009A5C099BCE4603EA050302FA06F22CBF8F
:106F800013431143F5E000BF4AF2C051C2F20001C1
:106F900001EB4C11CB68D1F80890D1E90642079378
:106FA0000A9606EA090603EA0A0533BA08932BBAD9
:106FB000361B92FA82FE9541B3EB0E031BBA06967E
:106FC000099283EA0502CDF810E0059222BA0294F4
:106FD0000192089B254663EB0206069A36BA564094
:106FE00006EA09020892079A059B0C691A40079263
:106FF0000A9AD1F8149004EA02035D1B069509EA87
:107000000A06099D32BAAE41B2EB0E05DDF804E086
:107010001BBA63EB0E03069A1BBA534003EA040241
:107020002DBA06924AF2C0526E404FEA4C13C2F299
:1070300000024968D35806EA0902039105920A9AA8
:10704000029C03EA0206351B01EA0A040999DDF8ED
:10705000109064EB010124BAB4EB090436BA66EB74
:107060000E0624BA614034BA0CF018066C40751C48
:10707000BCF1200F38BF92462AFA05F249F2C0153A
:1070800004EA03040CF00703C2F2000505EB8313C6
:1070900002F03F029A5C039B02FA06F201EA030146
:1070A000079B059E069D43EA0603089EDDF830E037
:1070B00046EA050634BF164313430B4346EA040170
:1070C00057E000BF4AF2C051C2F2000101EB4C127E
:1070D0009468D2E903C1079409915169B6460891B1
:1070E000D2E9061604EA0E040CEA0A0325BA641A69
:1070F0001ABAB3410694059333BA91FA81F9D21AB8
:1071000065EB090415BA059A24BA5540069A54400D
:10711000079A2240079205EA0C020692DDF820C089
:10712000099D0CEA0A0205EA0E0492FA82FE611A2F
:10713000B241BEEB030394FA84FA1BBA6AEB090668
:107140005A40069B36BA02EA0C0271401343079A72
:10715000DDF830E0294011430BE000BF4AF6C05192
:10716000C2F2000101EBCC0251F83C105368DDF88B
:1071700030E0DDF8349001EA0B0103EA09020B9BD1
:1071800011433FF4DDADB8F1050F4FF001021CBF14
:10719000D0E9145455EA04013FF435AD691E64F199
:1071A00000022940224011437FF4CAAD94FAA4F1B1
:1071B000D0E90A02B1FA81F12031002D95FAA5F645
:1071C00018BFB6FA86F11A4010EA0E0090FAA0F342
:1071D00092FAA2F0B0FA80F000F1200018BFB3FAE2
:1071E00083F0FCF757FD2843214301EA090100EA37
:1071F0000B0050EA010218BF012202F001000FB09B
:10720000BDE8000FF0BD00BF4EF6E842C0F200023C
:107210001846022101F4ECF74EF6E032C0F200020B
:107220001846022101F4E4F7F0B503AF2DE9000F91
:107230009FB08BB20026B6EB933F40F0BF81C3F303
:10724000851600F1600112968E5D4EF6705A06F0BA
:107250000706C0F2000A5AF82660B61A00F1C0818B
:1072600003F03F02895C01F007015AF82110891BE5
:1072700001294FF00106C0F2A4811D91014651F889
:10728000303FC46B1A91D0E90D1544EA010EC2F1EA
:10729000200445EA030CB2F1200526FA04F406FAAC
:1072A00002F258BF06FA05F458BF00221299C1F144
:1072B0002003B1F1200526FA03F358BF06FA05F3BF
:1072C00006FA01F558BF002563406A4083EA0E09BB
:1072D00082EA0C0B90F8A0505A464B460446FEF743
:1072E00005FB012D85F0010200F28C810BEA000CF8
:1072F0004AF2C050129DC2F20000CDF86CB009EA0B
:10730000010B00EB451049F2C011179005F0070082
:10731000C2F20001234601EB801011901868266923
:1073200019905868089618909868D4E905E60A906C
:10733000D86806960990D86A5E6A0290986AD4E97D
:107340000784019046EA0E0010900898CDF81CE0E2
:1073500020430F9048EA06000E900698DDF86CE096
:1073600020430D9005F018000C9001300B90012087
:10737000CDF81480039604941E900AE01C990CEA40
:107380000E0C81F001000BEA090B0229024680F085
:107390003A811A9800EBC20350F832005D6800EAA7
:1073A0000C0605EA0B0456EA040300F00F81199954
:1073B000C84601EA060918991C9201EA040359EA31
:1073C000030203D0002000253EE000BF0A9901EA35
:1073D0000609099901EA040359EA030202D00125CA
:1073E000002031E0089901EA0609079901EA04033F
:1073F00059EA030202D00225002025E0069901EA9D
:107400000609059901EA040359EA030202D003259B
:10741000002019E0049901EA0609039901EA04032E
:1074200059EA030202D0042501200DE0019901EA86
:107430000602029901EA04031A4340F0D7800020B3
:1074400006254FF0000900235AF825201E9C1D999F
:1074500084F00104511AA1421E94C0F2B7801D911C
:10746000D9F100024FF0000161EB0304234002EA6E
:10747000090283EA080905F00503B3FA83F35B09FF
:1074800003438EEA020E5BD01798F0468646816869
:10749000D0E903401391CDE91405DEE9065604EA6C
:1074A000090301EA0801CDF86C8018BAB1EB0508B0
:1074B00096FA86FAB341B0EB0A0000BACDF85890BC
:1074C00091FA81F980EA03022BBA69EB030158466D
:1074D000E346DDF86CC009BA81EA0801DEF81480E1
:1074E000E646DC4683461398DDF858900840139032
:1074F000149802EA040100EA0E0408EA0902651B76
:1075000062EB060612BAB2EB0A0224BA64EB03037A
:1075100012BA72401BBA6B4002EA0802034042EA08
:107520000100109A139910404BEA000B0F98194371
:107530004EF6705A159D0840C0F2000A4CEA000C45
:10754000E81E0228BFF41AAF179AF046D2E90010DD
:10755000D2E9062301EA0E0500EA0906B5EB020EA0
:1075600034BA9E411BBAE31A2CBA12BA64EB020277
:1075700012BA82EA0E021140129A1BBA202A4A4617
:1075800083EA060338BF42460B9E00EA030022FA54
:1075900006F2119E02F03F02B25C0C9BC64602FA54
:1075A00003F22CBF104311430E9A10404BEA000B1C
:1075B0000D9808404CEA000CE0E600BF012AB8BF75
:1075C000012630461FB0BDE8000FF0BD1E9E002E04
:1075D00018BF012630461FB0BDE8000FF0BD00BF48
:1075E000002630461FB0BDE8000FF0BD2CEA0000B9
:1075F0002BEA05010843B0FA80F01E9E4009361AB6
:10760000E6E700BF10464EF6D052C0F2000202215B
:1076100001F4EEF5F0B503AF2DE9000FA3B08146FC
:10762000808AB9F800C0B9F816A0B9F802801FFA2C
:1076300080FB1FFA8CF41FFA8AF01FFA88F3061BEE
:10764000189299F81920B6FA86F6C51A7609B5FA8D
:1076500085F516436D09149246EA0502A0EB0B0569
:10766000B0FA80F6B5FA85F576096D090B92D9F86E
:1076700004E046EA05020AF44045A5F58045099272
:10768000BEF5407F4FF440720FFA8AF6B5FA85F5E1
:10769000119088BF724616F5804F4FF000064FEAF2
:1076A0005515B8BF012635430695A3EB0B05B3FA74
:1076B00083F6B5FA85F576096D093543089508F422
:1076C0004045A5F580450FFA88F6B5FA85F516F51B
:1076D000804F4FF000064FEA5515B8BF01263543DD
:1076E0000595A4EB0B05B4FA84F6B5FA85F5760991
:1076F0006D0946EA05000CF440450FFA8CF6A5F535
:10770000804516F5804F4FF00006B5FA85F5CDF8A7
:1077100078B00790B8BF01266D0946EA050044F627
:107720000C06DDF860B00490881910909BF8A0005A
:1077300001F59045129001EB403001F5A8461390F9
:10774000CAF38510191B0390B1FA81F11498490905
:1077500008430A90C8F385100290CCF38510D9F83D
:107760001010019058466030199105EB8E011D9064
:1077700099F81800D9E9028A0E91A2EB0E01F3469E
:107780000D91CEF100011696179415931F95009256
:107790000C91CDF87090CDF83CE000BFC0B20F283E
:1077A0004FF0000600F29984DFE810F01000260286
:1077B0008800400090021800E401CC026A0097049F
:1077C000BC023E030C01C4027A01EA031E990120A7
:1077D000002989F81800E1D000F078BC0B99062048
:1077E000002989F81800D9D1099800284FF006001F
:1077F000D4D103991D9A1198515CB0F5404F4FF0C8
:10780000000038BF01200F3918BF01210840069938
:1078100008434FF00600C1D118981199FFF7E8F915
:1078200000284FF00600B9D000F062BC1499042083
:10783000002989F81800B1D1079800284FF00400FA
:10784000ACD101991D9A1798515CB0F5404F4FF09B
:10785000000038BF01200F3918BF012108400499EA
:1078600008434FF004007FF499AFDDE91710FFF7EC
:10787000BFF900284FF004003FF490AF00F03EBC89
:1078800019994FF44070884588BF4146B8F5407F4C
:1078900088BF4046414500F0FF83404500F06E84BC
:1078A0001F9A1E9B52F8286008F10108B2B2934259
:1078B000C9F80880EED000F010BC00BFD04580F0C1
:1078C0000084AAF102004FF4407C1B90B8F5407F81
:1078D00088BFC446109800EB880404E00434D34504
:1078E000D84600F0EB83E04500F050841F9808F183
:1078F000010B50F82800D3454146064632D21B9A68
:1079000040F2FF21A1EB0801A2EB080291422246BE
:107910005B460646414640F2018400BF52F8085CCF
:10792000B54284BF19462E46013353451AD052F84A
:10793000045CB54284BF19462E460133534511D02D
:107940001568B54284BF19462E460133534509D008
:1079500055681032B54284BF19462E46013353454F
:10796000DCD100BF1F9AC9F808B042F821001E9967
:10797000B0B2814242F82860B0D048F20000CFF6A1
:10798000FF7080EA164001B2C1F38461084400B27E
:107990000021A1EB6012189831466546FFF744FCC0
:1079A000002840F09A831999080A022800F20A84F4
:1079B0001F98AC4640F8216001311991C9F81010A8
:1079C0008CE700BF40F2FF20A0EB080BBAEB0800E9
:1079D000A0F1020C504638BF40461B904FF4407057
:1079E000B8F5407F88BF40461A90109800EB880E8B
:1079F00014E000BF1F9ADDF8709042F8250042F8AD
:107A000021601E99B0B2ABF1010BACF1010C8142C7
:107A10000EF1040EC9F8088040F05F831B98804582
:107A200000F042831A984146804500F06D831F980C
:107A300001F1010850F82100D0450D460646D9D283
:107A4000E3457446C14606460D4640F2678300BFD3
:107A500054F8083CB34284BF4D461E4609F1010369
:107A60005345C7D054F8042CB24284BF1D46164675
:107A700001335345BED02268B24284BF1D4616462C
:107A800001335345B6D0626803F10109B24284BFA5
:107A90001D461646D14504F11004D9D1AAE700BF0E
:107AA0001F9820A920904FF44070CDE9210B189821
:107AB000FBF704FCDDF888A0DDF858E04EF67058BE
:107AC000D345C0F20008C9F80CA080F0C1820C9820
:107AD000DDE90D2300EB0A0116E000BF0020B5B27E
:107AE00005F47045B5F5E04F08BF00F5FA5000F514
:107AF000004080F31000C6EA004043F8040B01394F
:107B0000A2F1010200F0A482002A00F023831E6883
:107B100030B210F5804F21DA00251D9C06F03F00A1
:107B2000205C00F00700052800F20283C6F38514EC
:107B300000EB40000EEB002004EB440400EB84005B
:107B400030F9150058F825C0C0F3C36420444FEA4B
:107B5000CC0500B205EB2010C1E700BF1D9DC6F3A8
:107B60008510285C0F28B9D000F00705052DB5D881
:107B7000D3E700BF072089F818001498D446A0BBAB
:107B80001F9820A920904FF44070CDE9210A189841
:107B9000FCF70EFADDF888C01399D445C9F80CC07B
:107BA00023D91298012800F21F834FF44070BAF5D0
:107BB000407F88BF50461F9BACEB0A0203EB8A0351
:107BC000A0EB0A06002E00F0F3821C68013A25465D
:107BD0006FF31F3531F81550A6F10106C4EA0545CB
:107BE00085F0004543F8045BECD1C9F808A00720F4
:107BF000D046E246D2E500BF1F9820A920904FF45E
:107C00004070CDE9210B1898FBF758FBDDF888A0F0
:107C1000DDF858E04EF67058D345C0F20008C9F8B8
:107C20000CA080F019820C98DDE90D2300EB0A010D
:107C300016E000BF0020B5B205F47045B5F5E04F81
:107C400008BF00F5FA5000F5004080F31000C6EAC6
:107C5000004043F8040B0139A2F1010200F0FC815D
:107C6000002A00F081821E6830B210F5804F21DAC0
:107C700000251D9C06F03F00205C00F00700052851
:107C800000F25682C6F3851400EB40000EEB002094
:107C900004EB440400EB840030F9150058F825C0CB
:107CA000C0F3C36420444FEACC0500B205EB2010BA
:107CB000C1E700BF1D9DC6F38510285C0F28B9D011
:107CC00000F00705052DB5D8D3E700BF0A990520B8
:107CD000002989F818007FF461AD089800284FF05A
:107CE00005007FF45BAD02991D9A1598515CB0F5C3
:107CF000404F4FF0000038BF01200F3918BF01215D
:107D00000840059908434FF005007FF447AD1898E7
:107D10001599FEF76DFF00284FF005003FF43EADCA
:107D2000E0E100BF1E990B20002989F818003FF4FC
:107D300035ADCBE11E990E20002989F818003FF4DB
:107D40002DADC9E11498002840F09A81D04580F00B
:107D5000978140F2FF20A0EB080EAAEB0800A0F1EB
:107D6000020B4FF44070B8F5407F88BF4046109931
:107D700001EB880909E000BFAEF1010EABF1010B88
:107D8000D04509F1040900F07B81804500F00882AC
:107D90001F99444651F828C008F10108D0452546EE
:107DA00066462BD2DE454B4642466646254640F2A5
:107DB000B58100BF53F8081CB14284BF15460E467A
:107DC000013252451AD053F8041CB14284BF154603
:107DD0000E460132524511D01968B14284BF154692
:107DE0000E460132524509D059681033B14284BF62
:107DF00015460E4601325245DCD100BF1F99B2B282
:107E000041F825C041F824601E9991421C99C1F89F
:107E10000880B1D017999142AED015999142ABD05C
:107E200011999142A8D058E11F98189C20904FF4C6
:107E3000407020ADCDE9210B20462946FBF73EFAE4
:107E400020462946FCF7B4F8DDF888A0D345C9F8E8
:107E50000CA080F00D810C98DDE90D2300EB0A08E1
:107E600029E000BF00204FF440558CF4804125EA02
:107E70000905294308BF00F5FA501D9C06F03F0193
:107E8000615CC51700EB957001F00701C1EBA00024
:107E900044F62061084400F30F00C6EA0040DDF814
:107EA000709080F0004043F8040BB8F10108A2F193
:107EB000010200F0DD80002A00F042811E681D985A
:107EC000C6F3851E10F80E001FFA86F9B0F10F04F4
:107ED00035B218BF0124B9F5404F4FF0000138BF4B
:107EE000012115F5804F09DB214007D109F47041CC
:107EF000B1F5E04F34D14FF4804C09E00FFA89F12D
:107F000011F5804F09F4404C02DA002406E000BF6E
:107F10000F28A7D000F00704052CA3D81D9906F060
:107F20003F00085C00F00700052800F20181169D63
:107F300000EB400005EB00200EEB4E0500EB85004A
:107F40004EF6705130F91400C0F2000151F82410BF
:107F5000C0F3C3652844C90000B201EB201082E7DA
:107F60001298022880F03881304613996FF31F3041
:107F700031F8100000EBD03000B240108BE700BFAA
:107F800040F2FF20A0EB080BBAEB0800A0F10209B9
:107F9000504638BF40461B904FF44070B8F5407FC4
:107FA00088BF40461A90109800EB880E13E000BF7F
:107FB0001F9AABF1010B42F825001C9842F8216092
:107FC0001E99C0F80880B0B2A9F1010981420EF1F2
:107FD000040E40F082801B98804563D01A98414679
:107FE000804500F091801F9801F1010850F82100B0
:107FF000D0450D460646DBD2CB4574464346064681
:108000000D4640F28B8000BF54F808CCB44584BFC5
:108010001D46664601335345CAD054F8042CB2427B
:1080200084BF1D46164601335345C1D02268B24273
:1080300084BF1D46164601335345B9D062681034DB
:10804000B24284BF1D46164601335345DCD1AFE72B
:10805000C9F808B00F200EE00220C9F808B0C9F82E
:1080600010B089F81800CDF864B0D846FFF796BB79
:108070000C20C9F808B089F81800D846FFF78EBB65
:10808000DDF87090DDF83CB0082089F81800C9F8D8
:1080900008B0D846FFF782BB092089F81800884647
:1080A000FFF77CBBDDF870900920DDF86C80DDF80F
:1080B0003CB089F81800FFF771BB00BFDDF83CB099
:1080C000D046032089F81800FFF768BB1E9E304693
:1080D00023B0BDE8000FF0BD1E9E304623B0BDE8C2
:1080E000000FF0BD159E304623B0BDE8000FF0BD77
:1080F000119E304623B0BDE8000FF0BD179E3046FC
:1081000023B0BDE8000FF0BD4EF6E0721A98C0F241
:1081100000024FF4407101F46BF000BF4EF6F072B4
:10812000C0F200024FF440704FF4407101F460F06F
:108130004FF2C812C0F20002062101F459F000BF4C
:108140004EF6B072C0F2000200984FF4407101F494
:108150004FF000BF4EF6D072C0F2000200984FF40C
:10816000407101F445F000BF4EF66072C0F20002AB
:1081700000984FF4407101F43BF000BF4EF6A0723E
:10818000C0F200024FF4407101F432F04EF6E0729A
:10819000C0F2000240464FF4407101F429F000BFE4
:1081A0004EF6E072C0F200024FF4407101F420F08C
:1081B00082464EF68072C0F2000250464FF4407183
:1081C00001F416F04EF67072C0F2000208464FF449
:1081D000407101F40DF000BF4EF6C072C0F2000213
:1081E0001298022101F404F0BAF5407FE1D24EF674
:1081F0009072C0F200021298022100F4F9F700BF59
:10820000F0B503AF2DE9000FE7B00D46044603F4C7
:10821000C3F2C00741F00781D4E91201119400F0C4
:108220003F0205EB4218D8E9042359405040084367
:108230000BD042AD2846214603F43CF54ECD4046D6
:108240004EC095E84E004EC0119C204650F8303F7D
:10825000D4E90D6CD4E90A250F9005EA0600D4F89C
:108260003CE090FAA0F0B0FA80F000F1200905EAB5
:108270000E0012EA030190FAA0F091FAA1F1B0FA0F
:1082800080F018BFB1FA81F92F95309212EA0C01F3
:1082900000F12005D4E9000291FAA1F100EA030BF4
:1082A00002EA060418BFB1FA81F544EA0B0141EA7B
:1082B000114141EA1121C9B23C9100EA0C0102EAE4
:1082C0000E0A4AEA010040EA104040EA1020C0B21B
:1082D0003D900020CDE93E00CDE94000D8F80000F7
:1082E00033910390D8F80400CDE93A1A0290D8F8F7
:1082F000080050210590D8F80C0032930490D8F86B
:1083000018003196069042A80830CDF8D4C0CDF8B8
:10831000D0E00895CDE93695CDE938B405F4A6F658
:10832000B9F1400FCDF81C9081F0A2804AF6C052FE
:108330000799C2F2000202EBC1004368E00140EA83
:108340005B6547F600706602C7F67F7046EADB564B
:1083500052F8312000EACB1125F080302E9426F01F
:10836000013440EA04084FF60064CFF6FE6404EAE4
:108370004B2441EA040C4FEA4B242E4004EACB156F
:1083800047F60064C7F67E6425404CEA020435983F
:1083900032995A9448EA03045B9440EA0104349801
:1083A000DDF8C4904D9326F0813603EA0803334389
:1083B00040EA090E4C9202EA0C02260A4FF60070BF
:1083C0002A431B9446EA0E64C0F2FF00CDE95E2307
:1083D00044EA000211982F9BD0E9080402EA0B023C
:1083E00010941C43309B179040EA030B2E980BEA25
:1083F00001053399CDF868E000EA1E23A64604EA99
:10840000090445EA02004A0A1C4342EACA53CA095F
:1084100042EA4A6223F0803522F00136354347F6BE
:108420007F764FF6FE61C0F27F06C0F2FE01284360
:1084300006EA5A2601EADA11C0430E436290089810
:1084400044EA0601C9433F286391CDF808C1CDF83D
:108450000C8101F20D804FEA5A204FEADA110840F0
:1084600002EA030147F67E62089B4AF6C054C0F256
:108470007E02C2F20004104004EBC30254F8333011
:10848000526845EA03045C9446EA020458932B4080
:108490005992324021F081314E954F961A9E1B9D84
:1084A00010431943CDE9601033995D9434022A02D8
:1084B0004FF6007044EA1564C0F2FF001140359A8F
:1084C000349B204300EA0A0002EA0B0203EA0E038F
:1084D0001843114341EA0C0140EA0800C043C94374
:1084E000CDE964101199179B886801220E90C86825
:1084F0000D9008690C9048690B9088690A90C869CA
:108500000021099083EA0500229010987040219084
:1085100001201E4612E000BFA6F10E00249940443F
:108520003EAA42F821001699119CC9071599179E79
:108530004FF002004FF0000200F06286169281F0C8
:1085400001020D4636A951F822C03CA951F8254038
:1085500051F8221033943291FF212B92002D08BF45
:108560004FF6FF712D9140F20001CFF6FF7108BF69
:108570004FF07F410F9A2C9102EBC50152F8352044
:108580004C680E99199202EA010E0D9A189404EAA9
:1085900002035EEA03021590CDE923C500F02E81A7
:1085A00005EB450042AA02EB001162AA02EBC500EE
:1085B00040680DF5B4781F904FEADC001E900CF077
:1085C00007001D9038A808EBC50400EBC5001C90FF
:1085D00060680DF5BC7B30905BF835000BEBC50691
:1085E00051F8089F3190706852F8352058F835A03E
:1085F0002E9048684FF0000B20921494139612911D
:108600002F9027E01C99269AD1E900344FF480710D
:1086100021FA02F201FA0CF6B8F1000F58BF01FA84
:1086200008F258BF002624994FEA1E2500291CBFD6
:1086300045EA0066020A04EA020003EA0602104361
:1086400018BF0BF1120BDDF8D4E0289B5EEA0300A3
:1086500000F0C28093FAA3F2B2FA82F24AF2C03179
:108660009EFAAEF002F1200CC2F20001CDE929A978
:10867000BEF1000F18BFB0FA80FC01EBCC0051F83E
:108680003C50209946681F9801EA05024FF0553189
:10869000304001EA5204121B01EA50044FF033311A
:1086A000001B22F0CC3401EA9202224420F0CC34A8
:1086B000224401EA900010444FF00F3120F0F032D4
:1086C00001EA101010444FF00131BEF1010401FB2A
:1086D00000F063F10009B0F1106F4FEA106080F014
:1086E000A7861E999A46C1EBDC024FF24411C0F2F4
:1086F0000001002A48BF524251F820000CF0070147
:1087000027901D982591081A48BF40429042CDE914
:1087100034BE88BF0246042A06D22B9A40A951F8DB
:108720002200143041F82200CCF1200001212690D3
:1087300021FA00F001FA0CFEBCF1200858BF01FA42
:1087400008F058BF4FF0000E2C9A2D9B0EEA020B3A
:10875000359A0AEA090A03402240CDF8A0A0DDF8C4
:10876000A4A053EA0B033592319A0AEA050342EAC0
:1087700003023192309A2E9C02EA060342EA060274
:1087800044EA0304DDF8A8902F9B3092DDF8D0B0C6
:10879000279A49EA05094AEA050A43EA0603934487
:1087A0002E942F933FF42EAF259A01FA02F3022163
:1087B00001FA02F4E4B2329944EA53030B4240F264
:1087C00036015C46C0F2220108BF0C4433990B42CB
:1087D00018BFA34616E700BF1498309A2E9BC0E935
:1087E00000A21398319A179EC0E9002312982F9A7D
:1087F000DDF88CC0C0E9009203E000BF4FF0000B31
:1088000029460C98199A00EA02050B98189A00EA72
:10881000020455EA040200F038810DF5B4780DF534
:10882000BC7E1C9208EBC1020EEBC10601EB4100BD
:108830000B4642A901EB001151F8100F0DF5C47958
:10884000359059F8330009EBC30A2090DAF8040098
:1088500058F833801F904FEADC001E9050685EF895
:1088600033303190706814922F904868139630908E
:108870000CF0070012911D9026E000BFDDE92945AC
:10888000DDE92510279B054009EA0800319E0343D6
:108890003098359ADDF8BCC0DDF88CE00C400AEA6F
:1088A000060140EA0A004CEA010C309042EA090253
:1088B00046EA0A0655EA040048EA0908CDF8BCC0B1
:1088C0003592319600F0D08094FAA4F6B6FA86F686
:1088D00095FAA5F02036002DCDE92738CDF8D0B097
:1088E00018BFB0FA80F6681E269064F1000025904B
:1088F0004AF2C050C2F200002A9500EB4615D5E9B5
:1089000002A9DDF888B0DDF884C02994D5E90640D5
:108910000AEA0B0209EA0C0113BA2E930BBAB2EB66
:10892000040890FA80FE8141B3EB0E031BBA2E9A25
:1089300081EA030123BA9A4112BA82EA0802D5E910
:10894000048502EA0A0209EA010908EA0B012E92EB
:1089500005EA0C020C1B62EB000012BAB2EB0E022D
:1089600009BA12BA9941504009BA2840614040EA18
:10897000090A2E9801EA080141EA000920991F9886
:1089800001EA09014FF0553300EA0A0003EA5102F7
:10899000891A03EA50024FF03333801A21F0CC32A7
:1089A00003EA9101114420F0CC32114403EA900013
:1089B00008444FF00F3220F0F03102EA1010084462
:1089C0004FF001314843B0F1606F4FEA106080F022
:1089D00037851E99C1EBD6054FF2FC01C0F20001AC
:1089E000002D48BF6D4251F820401D9906F0070048
:1089F000B0EB010CDDF8D0B0DDF8A08048BFCCF1C1
:108A0000000CAC4588BF6546052D06D22B9B40AABD
:108A100052F82310143142F823102C992D9BC6F1E3
:108A20002002F14003FA02F21143B6F1200258BFCE
:108A300023FA02F1C907A3443FF420AF0121022227
:108A4000814002FA00F0C0B240EA510032991C2283
:108A500008425946C0F2140208BF1144339A10422A
:108A600018BF8B460AE700BF14983199309AC0E9C5
:108A7000008113982F99179EC0E9003112983599FB
:108A8000F446C0E9001224991C9A4AF65520CAF609
:108A90005520024240F21E00D846C0F2370018BFEF
:108AA000804445F2AA50C5F2AA50024208BFD846F7
:108AB0000A98199A00EA02090998189A00EA020429
:108AC00059EA040000F0368122980DF5B47E80EA60
:108AD0000900279021980EEBC103604026905EA804
:108AE000E346844600EBC10201EB41000D4642A97A
:108AF00001EB001662A901EBC500406856F818AFFB
:108B000020904FEADB001F905EF8350051F83510D9
:108B1000349050681D935B685CF835501496766805
:108B200031900BF0070025911C921E902EE000BFA3
:108B30002998319A09EA000928982A9E04400EEAE9
:108B4000030002433192349A46EA0E060CEA020010
:108B5000054301FA0BF0329942EA0C02084240F256
:108B60001301C0F20701349204BF3021C0F21D018D
:108B7000339A43EA0E03104208BF884459EA0400BE
:108B800030984AEA0C0A804400F0C6802CA880E89D
:108B9000280494FAA4F3B3FA83F32A9699FAA9F075
:108BA00003F12006B9F1000FCDF8D48018BFB0FA58
:108BB00080F6B9F10100299064F100004AF2C05139
:108BC0002890C2F2000170012F9401EB461551F874
:108BD00000C0279CD5F804E0D5E90653DDF898805D
:108BE0000CEA04010EEA080208BA491B92FA82FB59
:108BF0009A411BBA2DBABBEB0303A84100BA484007
:108C000006F020011BBA81F0200583EA020A24FA4B
:108C100001F308FA05F400EA0C00234306F0180CEF
:108C20003090B1F1200058BF28FA00F30CF1010890
:108C300049F2C01206F0070B23FA08F3C2F2000251
:108C400003F03F0302EB8B12D25C0AEA0E0302FA36
:108C50000CF222FA05F558BF02FA00F502FA01F00B
:108C600058BF0020309943EA050E41EA000C2599CF
:108C7000209801EA0C014FF0553300EA0E0003EA98
:108C80005102891A03EA50024FF03333801A21F05F
:108C9000CC3203EA9101114420F0CC32114403EAB2
:108CA000900008444FF00F3220F0F03102EA10102B
:108CB00008444FF001314843B0F1706F4FEA106043
:108CC00080F0C6831F990DF1B00AC1EBD6064FF2B2
:108CD000B001C0F20001002E48BF764251F82000DA
:108CE000DDF8D48030901E982F9CBBEB00009AE8F2
:108CF000280448BF4042B0424FF0010188BF0646F9
:108D0000052EBFF415AF2B9E40AA52F8260028303E
:108D100042F826000CE700BF1D983499C0E9001303
:108D20001C983199C0E900511498DDE923C1C0E9CC
:108D300000A6179E1998189A00EA0604109802EAED
:108D4000000954EA090000F062815AAE5EA806EB01
:108D5000C10B00EBC10501EB41000A4642A901EB42
:108D6000001162A800EBC20E50F8320051F820AF9B
:108D70002390DEF8040056F8326020904FEADC00C1
:108D80001F905EA850F832206868DBF804301C950C
:108D90004D6834900CF00700CDF874B019911E9016
:108DA0001BE000BF26980BEA0302044025980EEA58
:108DB000060109EA0009349845EA0B051043299A8F
:108DC0004AEA0E0A0A4343EA0B0346EA0E0654EA4D
:108DD0000901E044349000F00F8199FAA9F1B1FA49
:108DE00081F194FAA4F001F1200C002CCDE9275375
:108DF000CDE92926CDF8B0A0CDF8D48018BFB0FABF
:108E000080FC601E269069F1000025904AF2C05057
:108E1000C2F2000000EB4C11CDF8B490D1E902632E
:108E2000DDF86C90D1E9068A0869DDF868E006EAA9
:108E300009052E94319003EA0E0428BAB5EB080216
:108E4000339020BA64EB0A059AFA8AF4001B2F9437
:108E500000BA339C80EA050098FA88F5AC4124BA40
:108E60005440319A344033944C69184002EA090363
:108E7000B3EB080B329004EA0E00CDF8C0B0DDF879
:108E8000BCB006BA60EB0A00B6EB0B0636BA1BBAEA
:108E900080EA0600AB41309E1BBA734013404E6817
:108EA0004AF2C05131934FEA4C13C2F20001CB5841
:108EB0002040309003EA0900B0EB080206EA0E04F5
:108EC000B04664EB0A0624BAB4EB0B0400BAA8411E
:108ED00000BA50400CF0200224BA82F02005744001
:108EE000184029FA02F30EFA05F62F9033430CF0DE
:108EF0001800B2F1200658BF2EFA06F300F1010166
:108F000023FA01F149F2C0130CF0070AC2F2000380
:108F100001F03F0103EB8A13595C04EA080301FAEC
:108F200000F020FA05F158BF00FA06F100FA02F04D
:108F3000329A309E319D42EA0602339E41EA020196
:108F400046EA050658BF002041EA030B2F9930433B
:108F500040EA010E2399209801EA0E014FF05533A3
:108F600000EA0B0003EA5102891A03EA50024FF0AB
:108F70003333801A21F0CC3203EA9101114420F0FE
:108F8000CC32114403EA900008444FF00F3220F035
:108F9000F03102EA101008444FF001314843B0F1BB
:108FA000E05F4FEA106080F05B821F994FF2300261
:108FB000C1EBDC01C0F20002002948BF494252F86F
:108FC00020C01E98DDF8D480BAEB00022E9CDDE9AB
:108FD0002CA92A9E279D48BF52428A4288BF11462B
:108FE000289B0629BFF4DEAE2B9A40A850F8221029
:108FF000503140F82210D5E61D983499C0E900633D
:109000001C98C0E9002119982499C0E900A538AA44
:1090100002EBC10052F831200D4636A951F8256007
:10902000436806F007014FEAD60CADB1082E16D3FF
:1090300006F03806764206F038044FF0FF30C4F1EF
:10904000200620FA04F500FA06F62E43203C5CBF09
:1090500020FA04F6002517E0BCF1070F02D1002624
:10906000002511E0083606F038044FF0FF30C4F157
:10907000200500FA04F620FA05F53543203C5CBFD4
:1090800000FA04F5002600BF324001260129C8BFBE
:109090000E46013E4FF001302B40072E28BF072619
:1090A00000FA06F503EA0506154055EA06042BD03A
:1090B00096FAA6F095FAA5F4B0FA80F0002DB5FA6C
:1090C00085F500F1200005F1200518BFB4FA84F001
:1090D000002E18BFB6FA86F5249E002E18BF85F024
:1090E0003800CCEBD006002E48BF7642042E0BD2BF
:1090F00006EB46004FF20006C0F2000606EB8000C9
:10910000D0F804E002E000BF6FF00D0E4FF0013028
:10911000884003EA000502EA000454EA050029D069
:1091200095FAA5F6B6FA86F694FAA4F02036002C45
:1091300018BFB0FA80F6B4FA84F02030002D18BFC2
:10914000B5FA85F0249C002C18BF80F03806CCEBD3
:10915000D605002D48BF6D42032D0BD84FF20004F9
:1091600005EB4500C0F2000454F8200000EB0E06A9
:1091700002E000BFAEF11606062928BF0621481CF2
:109180004FF0013101FA00F548F2800180F01F0034
:10919000C0F2800121FA00F0284303EA00012A40CE
:1091A00052EA01003FF4B8A991FAA1F3B3FA83F3AC
:1091B00092FAA2F02033002A18BFB0FA80F3B2FA74
:1091C00082F02030002918BFB1FA81F024990029DB
:1091D00018BF80F03803CCEBD300002848BF4042D2
:1091E00003283FF699A94FF2000100EB4000C0F2BE
:1091F000000101EB800040683044FFF78FB900BFE9
:109200000DF5847A0DF5B478204600215246434688
:109210000DF5BC7962AECDE9009600F031F93E99CA
:1092200052460D18204601214346CDE9009600F034
:1092300027F93F990E18DDE9400100FB00F2D31732
:1092400002EB1362002801FB01F0C8BFA5EB222549
:10925000C217359500EB12600029C8BFA6EB202687
:109260003496DDE9022656EA02005BD00799DDF864
:1092700020E0C808B0F107084FEADE0048BFC8F197
:109280000008B0F1070B01F0070A0EF0070C4FF0D1
:10929000050948BFCBF1000B05E000BF26400240A6
:1092A00056EA020040D092FAA2F1B1FA81F101F13E
:1092B0002005002E96FAA6F018BFB0FA80F5741EAD
:1092C00062F10000102DE9D3E90806294FF00601EC
:1092D00038BFE90805F0070513463246BAEB050624
:1092E00048BF7642464598BF4646BCEB050548BF99
:1092F0006D425D4598BF5D46052D28BF4D46052E44
:1093000028BF4E46AD1B002601EB8101CFF6FB7650
:1093100006EB0141359E01FB0566359616461A4659
:10932000BCE700BFDDF820E0DDE9042555EA0200D6
:1093300054D00EF00700339007984FEADE09C608B4
:1093400000F007084FF0070A4FF0050B05E000BFDB
:1093500005400A4055EA020040D092FAA2F1B1FA63
:1093600081F195FAA5F001F12004002D18BFB0FAA3
:1093700080F4681E8AEAD40362F10001022BE7D36D
:10938000AE46062B28BF062304F00705339C03EBEB
:109390008303641B48BF64424C4598BF4C46B8EBFE
:1093A000050C48BFCCF1000CB44598BFB446BCF1E5
:1093B000050F28BFDC46052C28BF5C46ACEB040536
:1093C0000024CFF6FB7404EB0343349C4FF0070AF0
:1093D00003FB054475463494BAE700BF119E069A14
:1093E000D6E916011044359A18291044349AA8BFBA
:1093F0001821801A02B200F500400014C1F11803D0
:10940000584302FB01004AF6AB21C2F6AA2150FBE9
:1094100001F0811096F8A02001EBD070002A18BF4F
:10942000404200F10A01084667B0BDE8000FF0BDF8
:109430004FF26812C0F200020921FFF7D9DE00BF27
:109440004FF23412C0F200020E21FFF7D1DE00BF4E
:109450004FF2EC02C0F200020F21FFF7C9DE00BF9D
:109460004FF2A002C0F200021C21FFF7C1DE00BFD4
:109470004EF6D032C0F2000240204021FFF7B8DEA5
:10948000F0B503AF2DE9000F9DB081468B4659F82A
:10949000301F8BF0010ABC680D9109EBCA01D1F8AD
:1094A00004C00AEB4A011A9302EB0113090104EB11
:1094B000CA06D6F804E054F83A50565804EBCB01EB
:1094C00054F83B4009931594A5435C681A9B49687E
:1094D00045EA060803EBCB0514912EEA010111962B
:1094E0006E68D0E900E521430E952CEA050510943D
:1094F00059F83A4018950D40069126EA01010B9162
:1095000001EA0C01CDF84CC0179141EA050CCDF8E9
:109510003CE024EA0E0153F83BE01C912EEA0805DA
:1095200001EA080105EA0403CDF81C8012941693A1
:109530001943D0E90D43D0F83C800C9651EA0C0653
:1095400019900892CDF86CB0CDF8288042D001A8CF
:109550000BEB4B0680E8384002EB061EDEE90263A7
:10956000DEE90402DDF86880304342EA0306CDF804
:10957000149006EA0C0500EA010959EA050039D001
:1095800019984FF2A01B60300024C0F2000B00BFFE
:1095900095FAA5F2B2FA82F2203299FAA9F6B9F157
:1095A000000F18BFB6FA86F2825C02F0070CBCF11D
:1095B000060F80F06D83B9F1010165F1000209EA3F
:1095C00001095BF82C10154059EA05020C44DFD163
:1095D00011E000BF1A99764601EBCA0051F83A2013
:1095E000D0F80480D0436FEA080C4FF0000A86469A
:1095F000A7E000BF0024DEE90602179902EA010590
:109600001699084050EA050226D019994FF27819A8
:10961000DDF86CB001F16002C0F2000995FAA5F620
:10962000B6FA86F690FAA0F12036002818BFB1FAF3
:1096300081F6915D01F0070CBCF1060F80F03083DC
:10964000411E65F10006084059F82C10354050EADB
:1096500005060C44E2D101E0DDF86CB0DEE90A0158
:10966000179DDDF858C0294000EA0C00084304F5B6
:10967000201208EBCA00414618BF02F10F04D0F8CF
:10968000048051F83A20149818991C9B08401599A9
:1096900060EA0800194061EA020101EA0C014FF09A
:1096A000553E28400EEA5106891B0EEA50064FF03F
:1096B0003339861B21F0CC3009EA910126F0CC33F6
:1096C000084409EA9606184430444FF00F3A20F057
:1096D000F0310AEA101008444FF00131484309996B
:1096E0002C26D1E90813000EC0F2100601EA0C0185
:1096F00000FB06402B400EEA5104091B0EEA5306FC
:109700009B1B21F0CC3609EA9101314409EA93060A
:1097100023F0CC33194431440AEA111321F0F0311B
:1097200019444FF001335943090E0DF1040901EBBF
:10973000C10199E878026FEA020E00EB010A6FEAB4
:10974000080C0A9805EA0201204317900D984FF083
:10975000553218431A900B9802EA510500EA0800A6
:10976000491B02EA50024FF03335801A21F0CC3207
:1097700005EA9101114405EA900220F0CC3008443A
:1097800010444FF00F3101EA101120F0F03008447E
:109790004FF001314843000E4CF2010148430AEBFF
:1097A00080050C980E9A40EA0C0309EBCB00406848
:1097B00059F83B1000EA02080F9846EA0E0C01EA3D
:1097C000000947F67F764FF6FE6209EA0C00169311
:1097D00003EA0803BBF1000FC0F27F06C0F2FE02ED
:1097E00016D0410AC00941EAC35140EA436021F062
:1097F000803106EA532420F0013002EAD3131C43DF
:1098000041EA00034FF47F404FF0000B1DE000BF22
:10981000D9015B0243EAD05347F6007423F00132CA
:109820004FF6006341EA5061C7F67F74CFF6FE63DE
:1098300021F0803104EAC01403EA402044EA000326
:1098400041EA020400204FF47F0B1C9A189E1A4034
:109850004FF0553304EA060103EA5204121B03EAEF
:1098600051034FF03334C91A22F0CC3304EA920288
:1098700004EA910421F0CC311A44114421444FF000
:109880000F3321F0F03203EA111111444FF001328D
:1098900051437022090EC0F22A0201FB02514FEA25
:1098A00019221B9C42EA08624FEA182318914FEADA
:1098B0000821002C04BF41EA19634FEA0922DDF8B0
:1098C00068A0DDF85CE02BEA0A0120EA0E0001EA5C
:1098D000020100EA03004FEA11254FEA002445EA9D
:1098E00000654FEA102004BF44EA11600D0245EA0A
:1098F0000201109A40EA030042EA0E0220EA020244
:10990000119840EA0A0021EA0000169900EA0C00CA
:1099100002EA010318D0410A47F67F72C0094FF6E8
:10992000FE6541EAC351C0F27F0240EA4360C0F2E3
:10993000FE0521F0803102EA532220F0013005EAD1
:10994000D3131A43084318E0D90147F600725B02AB
:109950004FF6006541EA5061C7F67F7243EAD05383
:10996000CFF6FE6521F0803102EAC01223F0013308
:1099700005EA4020104341EA030202EA06011C9A6C
:109980004FF0553A10400AEA5002801A0AEA510292
:109990004FF0333E891A20F0CC320EEA900021F0CD
:1099A000CC3310440EEA9101184408444FF00F32B2
:1099B00020F0F03102EA101008444FF00131484322
:1099C0001F21199A189B000EC0F21101D2E9082B31
:1099D00000FB013013990BEA010C129902EA010411
:1099E000611E6CF1000684EA01038CEA0605C91ABF
:1099F00076EB050180F04781511E01EA02016BF10F
:109A0000000202EA0B0211439CFAACF2B2FA82F2B3
:109A1000D34602F1200A1891002C94FAA4F118BF41
:109A2000B1FA81FA079BFA6849EA03061B9B06997B
:109A300002EBC30552F8332048EA010C696822EAB8
:109A40000605089A21EA0C0C03EB430102EB011214
:109A50004AF2C031C2F2000101EBCA06D6F8048016
:109A600051F83A60D2E902131C9201EA060203EAB5
:109A700008032A400BEA520603EA0C03921B0BEA86
:109A800053069B1B22F0CC360EEA9202324423F09E
:109A9000CC3632440EEA93031A444FF00F3122F0D1
:109AA000F03301EA121218991A44B1FA81F35909F4
:109AB0004FF001335A43120E0A238A40C0F20403C6
:109AC00002FB03001A9C1B904AF2C050C2F2000035
:109AD00000EB4A13D3E90262CDF858C0D3E906EC93
:109AE000DDF85C90199506EA0405189102EA09016F
:109AF000B5EB0E00CDF840E091FA81FBE64661EB54
:109B00000C089CFA8CFC1390BBEB0C0000BA80EAAA
:109B10000800DDF8408029BA98FA88FB61EB0B0158
:109B2000139D09BA69401040D3E9045231401391A2
:109B300002EA090605EA0401129030BAB1EB080402
:109B400066EB0E06B0EB0C0000BA09BA80EA06001C
:109B500061EB0B0109BA1040129A61402940104391
:109B6000139A1C9D1143D5E90425CDF844C011403A
:109B7000139128404AF2C05112904FEA4A10C2F2A3
:109B800000010858D3F804C01A9B0CEA090600EA41
:109B90000301B1EB0805119C66EB0E0236BA361BC9
:109BA00009BA61EB0B0109BA694001EA00080AF041
:109BB000200136BA81F0200586EA020E23FA01F66A
:109BC00009FA05F030430AF01802B1F1200658BF37
:109BD00029FA06F002F1010349F2C01420FA03F059
:109BE0000AF00703C2F2000404EB831300F03F0005
:109BF000185C0EEA0C0300FA02F020FA05F258BFD6
:109C000000FA06F200FA01F043EA020158BF002010
:109C10001C9B40EA0800D3E906321140129A184012
:109C20001143139A4FF055331043149A1140159A6B
:109C30001040169A1140199A104003EA5002801AF7
:109C400003EA51024FF03333891A20F0CC3203EA91
:109C50009000104403EA910221F0CC3108441044F2
:109C60004FF00F3101EA101120F0F03008444FF0AE
:109C7000013148431899000E884027211B9AC0F2F1
:109C8000080100FB01201DB0BDE8000FF0BD00BFC2
:109C90004FF2B812C0F2000260460621FFF7A8DAC0
:109CA0004FF29012C0F2000260460621FFF7A0DAE0
:109CB000FE0206020E0206021E0206020E02060244
:109CC0003E0206020E0206021E0206020E020602F4
:109CD0007E0206020E0206021E0206020E020602A4
:109CE0003E0206020E0206021E0206020E020602D4
:109CF000FDFD05050D0D05051D1D05050D0D0505D4
:109D00003D3D05050D0D05051D1D05050D0D050543
:109D10007D7D05050D0D05051D1D05050D0D0505B3
:109D20003D3D05050D0D05051D1D05050D0D050523
:109D3000FBFAFBFA0B0A0B0A1B1A1B1A0B0A0B0A7B
:109D40003B3A3B3A0B0A0B0A1B1A1B1A0B0A0B0A6B
:109D50007B7A7B7A0B0A0B0A1B1A1B1A0B0A0B0A5B
:109D60003B3A3B3A0B0A0B0A1B1A1B1A0B0A0B0A4B
:109D7000F7F6F4F4F7F6F4F417161414171614148F
:109D8000373634343736343417161414171614147F
:109D9000777674747776747417161414171614146F
:109DA000373634343736343417161414171614145F
:109DB000EFEEECECE8E8E8E8EFEEECECE8E8E8E8F9
:109DC0002F2E2C2C282828282F2E2C2C28282828E9
:109DD0006F6E6C6C686868686F6E6C6C68686868D9
:109DE0002F2E2C2C282828282F2E2C2C28282828C9
:109DF000DFDEDCDCD8D8D8D8D0D0D0D0D0D0D0D00E
:109E0000DFDEDCDCD8D8D8D8D0D0D0D0D0D0D0D0FD
:109E10005F5E5C5C585858585050505050505050ED
:109E20005F5E5C5C585858585050505050505050DD
:109E3000BFBEBCBCB8B8B8B8B0B0B0B0B0B0B0B0CD
:109E4000A0A0A0A0A0A0A0A0A0A0A0A0A0A0A0A012
:109E5000BFBEBCBCB8B8B8B8B0B0B0B0B0B0B0B0AD
:109E6000A0A0A0A0A0A0A0A0A0A0A0A0A0A0A0A0F2
:109E70007F7E7C7C7878787870707070707070708D
:109E800060606060606060606060606060606060D2
:109E900040404040404040404040404040404040C2
:109EA00040404040404040404040404040404040B2
:109EB00052005E0052005E0052005E0052005E00E2
:109EC00052005E0052005E0052005E0052005E00D2
:109ED0002F006B00510066003E0066003B006800EA
:109EE00043006B006A005E00780060003C00570091
:109EF000380062004E0065004E00580048005F00C8
:109F000055005E005500590073005D004600560084
:109F100037006B00500067004D005B005E0057008B
:109F200063005700580056005C00610039005D0076
:109F300044007E005F00760058006B0067006300FD
:109F400069005C005E00620063006F003B006F0010
:109F50004C00BC005900C2006C00B3007100A100AD
:109F6000930096008A0093006B00B0003E00B200A0
:109F7000B4001001D8000B018F00FC00B100E40018
:109F80009600F100D000E2007400030147001901BF
:109F900052005E0052005E0052005E0052005E0001
:109FA00052005E0052005E0052005E0052005E00F1
:109FB000E800FC003C01E6001701020130010A0143
:109FC00040010301350107013E01E7003A01D900D4
:109FD0003401EF001C01050145010F014E01140180
:109FE0005001170163010501430102013E01ED002B
:109FF0003A010201480116015D0118015B012801C7
:10A0000064012301620116016A0105014101030196
:10A010004401070155011301610129015E0132016B
:10A020006D01290164012A0166011D014901070131
:10A030004801080162011C0164012F0186012F0102
:10A0400076012F01960124016301210167010701B7
:10A05000220101018D0105017601230192012201F6
:10A06000A5011801D20110019A0106017D01F0003D
:10A070000801000128011101990100017501170172
:10A08000680110018F010001580101014001E50044
:10A09000AA00DF00F800F3002F010C012001FD00F1
:10A0A0008E01FA00F000FE004201DA00E600B60080
:10A0B0004C0112016A0120015F01120158012401C3
:10A0C00060012001610119014601240158011801B4
:10A0D00071011B017C0117017D0122016D01280125
:10A0E00074012D01820120018E011A016E010E0101
:10A0F0006D011D017C0126017C0131017C013301D0
:10A100007B01360188012C017F01220177011A01B0
:10A11000670123017A012C017A01360187013C0194
:10A120008F0130017901330177012601710120018E
:10A130006901260172013201800135019F0132015E
:10A14000920137019201330174012C016B012B0143
:10A150005D012B019201210198012901950128013E
:10A16000900127019F012F01920129016B012D010F
:10A17000530121017D0125015B01300160011D01B9
:10A180008B012601A8011C017F0125013E011B0155
:10A1900050011B01710114011B011E014801210125
:10A1A00054012201430120017401180165011101CC
:10A1B000CA01F701D0010202DE010302EE01FF0134
:10A1C000ED01FB01E401F301B8010402C301EC015C
:10A1D000B101FA01CD01FA01C9010002D401020264
:10A1E000DC01F701E801F701D701F5019601FD0156
:10A1F000B001FC01C4010002CD01FB01CC01FF0153
:10A20000E001F901DD01F401D801F801BC01F00120
:10A21000B9010302C3010502D1010802DC010402F5
:10A22000E601FB01D601FA01E301F801C601F501DF
:10A23000C5010402D2010302E4010D02F70101028B
:10A24000F501020200020102D501FF01C90102026B
:10A25000D8010702F0010702F70107020102050217
:10A26000EE0104020A02FD011A02FB01ED01FD01EB
:10A27000F8010B02FD010D0217020D021B020B0279
:10A280002D02FD0120020302F70108020902030268
:10A29000FD010D0207020A02FD01120210020F0267
:10A2A0001C020C02E6010C02FC0108020802050275
:10A2B00000048703EF038C03F80392030B047D0370
:10A2C000F203A303E8038803E2039403CF037F03AD
:10A2D000DE039203F90391030C048A030304980339
:10A2E0000904980310049103FE0384030204880305
:10A2F000F303980303048D03F603B703FF03AE03D0
:10A30000FC03B1030304B9030F04B2030604AD0355
:10A31000F8039603E703C403F803BB03F703D7036B
:10A32000FF03C703FD03CA030404CF03FE03BF03F7
:10A33000E603AB03E603BE03F103C003F103D50359
:10A340000004E1031204D003FF03E1030204CC0381
:10A35000F4039403F003AE030804B1030904D90322
:10A360001E04D7033904CB033004BB033A04B10302
:10A37000E9039703DA03BC03FC03C8030204D10317
:10A38000F103E2033A04C1031D04C6033704A80322
:10A39000E5039F030104BE031E04BE030D04C303B3
:10A3A0003C04C3032D04BB032C04B2032E04BC03E2
:10A3B000F1FFCAFF2400DEFF0C00EBFFCAFFF4FF31
:10A3C0000800E4FFE4FFF1FF1800E8FF0E00D5FFEE
:10A3D0000100E5FF0700F5FFF8FF0300C0FF0C00D8
:10A3E000D5FF0D00F0FF03000900FBFF0800EFFFA1
:10A3F000F2FFECFFF2FFFCFFEAFF0A00D2FF1400BD
:10A40000D4FF1600E2FF0F00F1FF0600E5FFF6FFA4
:10A41000CFFFEDFFFFFFFBFFE5FF1400D9FF1700A3
:10A42000D2FF1A00D4FF1600DFFF0800CDFFF4FFB3
:10A43000EFFFF7FFECFF1500F4FF1700E5FF1A0030
:10A44000E2FF1900E7FF2000F2FF1900DCFF020025
:10A45000F7FF09001800110002001700F0FF0E00BE
:10A46000ECFF130006002D0016002C00EAFF0C0084
:10A470001D00F4FFFFFF1000ECFF0D00F9FF1000BE
:10A48000F8FF1000FCFF2500DAFF1600E3FF0A00CA
:10A49000BFFFB5FF1700DDFF1000EEFFF1FFEDFF7E
:10A4A000C8FFF4FFDEFF0E00020004000D00EFFF06
:10A4B000000000000000000000000000000000009C
:10A4C000000000000000000000000000000000008C
:10A4D000000000000000000000000000000000007C
:10A4E000000000000000000000000000000000006C
:10A4F000000000000000000000000000000000005C
:10A50000000000000000000000000000000000004B
:10A51000000000000000000000000000000000003B
:10A52000000000000000000000000000000000002B
:10A53000000000000000000000000000000000001B
:10A54000000000000000000000000000000000000B
:10A5500000000000000000000000000000000000FB
:10A5600000000000000000000000000000000000EB
:10A5700000000000000000000000000000000000DB
:10A5800000000000000000000000000000000000CB
:10A5900000000000000000000000000000000000BB
:10A5A00000000000000000000000000000000000AB
:10A5B000000000000000000000000000000000009B
:10A5C000000000000000000000000000000000008B
:10A5D000000000000000000000000000000000007B
:10A5E000000000000000000000000000000000006B
:10A5F000000000000000000000000000000000005B
:10A60000000000000000000000000000000000004A
:10A61000000000000000000000000000000000003A
:10A62000000000000000000000000000000000002A
:10A63000000000000000000000000000000000001A
:10A64000000000000000000000000000000000000A
:10A6500000000000000000000000000000000000FA
:10A6600000000000000000000000000000000000EA
:10A6700000000000000000000000000000000000DA
:10A6800000000000000000000000000000000000CA
:10A6900000000000000000000000000000000000BA
:10A6A00000000000000000000000000000000000AA
:10A6B000AEFFA1FFAEFFA1FFAEFFA1FFAEFFA1FF66
:10A6C000AEFFA1FFAEFFA1FFAEFFA1FFAEFFA1FF56
:10A6D0004CFFEFFE28FFF4FE71FF03FF4FFF1BFF4F
:10A6E0006AFF0EFF30FF1DFF8CFFFCFEB9FFE6FE88
:10A6F000B4FF43FFA7FF3DFF94FF4CFF8FFF5EFFBA
:10A700006DFF69FF76FF6CFF95FF4FFFC2FF4DFFA6
:10A71000BCFF81FFA1FF89FFA8FF94FF99FF9CFF69
:10A7200097FFA3FFA2FF9DFF9DFF90FFC5FF90FF36
:10A73000C9FF94FFB0FF98FFB3FFA4FFA2FFA8FFDB
:10A740009DFFA8FFA8FFA9FFA4FF9EFFC7FFA2FFD0
:10A75000C8FF9DFFB2FF9AFFB2FFA7FFB8FFA0FF9F
:10A76000ABFFA1FFABFFA6FF8DFFA2FFBAFFA9FFC2
:10A77000D1FF94FFAFFF99FFC2FF99FFC5FF97FF7D
:10A78000BDFF94FF96FFA1FF88FF9FFFC4FFA8FFB6
:10A79000AEFFA1FFAEFFA1FFAEFFA1FFAEFFA1FF85
:10A7A000AEFFA1FFAEFFA1FFAEFFA1FFAEFFA1FF75
:10A7B00056FF20FF08FF0CFFD1FEF3FEE0FE02FF74
:10A7C00072FE05FF10FF01FFBEFE25FF1AFF49FFC5
:10A7D000F8FEFFFED8FEEEFE67FEFFFE8BFEE8FEF3
:10A7E00098FEEFFE71FEFFFEA8FEFEFEC0FE1AFF01
:10A7F000DEFEFEFE73FEFAFE8AFEDCFE6EFEDDFE6F
:10A800005BFEE7FE2EFEEFFE66FEF9FE83FE0FFF07
:10A81000B8FEF7FE9EFEE3FE9CFED0FE7AFED0FE62
:10A820008AFED0FE6AFEDBFE9DFEDEFE99FEF8FE8D
:10A83000BCFEF8FEABFEECFE9FFED6FEA2FECDFEF9
:10A8400093FED6FE9CFED5FE9AFEE2FEB7FEF8FE13
:10A85000C6FEFDFEB8FEE9FEA3FEE7FEA5FED7FE9E
:10A860009CFEDCFE9EFEE9FE96FEFAFEBFFEFCFEAE
:10A87000CCFE10FFE4FEFAFEBBFEF0FEB2FEEBFEE5
:10A88000B0FEE8FE9DFEFAFEBDFEFDFEC2FE12FF1A
:10A8900018FF03FFC4FE19FFE9FEFDFED0FEF5FE22
:10A8A000C0FEFCFECBFEF8FEC2FE18FFC6FE26FF71
:10A8B000B0FEE4FE8FFEEBFEE5FEE1FEB8FEDEFE3E
:10A8C000ACFEDDFEBDFEDFFE8CFEE7FE9BFEEEFE77
:10A8D000ADFEDEFE83FEDAFEA5FECFFEA0FEE2FEAA
:10A8E00075FED9FE58FEE3FE81FEDAFEC2FEE4FEEE
:10A8F000A3FED4FE6EFEDEFE68FED6FE6BFED7FE25
:10A9000070FED8FE61FED0FE6EFED6FE95FED2FE33
:10A9100097FED9FE8EFECDFE80FECAFE61FECDFE04
:10A920006EFEC8FE6EFECCFE8CFED3FE95FED4FEFF
:10A9300099FEDCFE86FED3FE86FEC9FE79FEC3FECE
:10A9400071FECFFE87FECCFE89FED9FE8FFEDFFEB4
:10A9500093FEE2FE84FED9FE84FECEFE84FECCFE93
:10A9600085FEC9FE78FED3FE81FEDDFE89FEE5FE92
:10A970008FFEE4FE84FEE8FE83FEDDFE93FED7FE3E
:10A980008CFED2FE7EFEDFFE72FEE5FE92FEF1FE42
:10A99000B4FEEDFE96FEDFFEA1FEEDFEA8FEDBFEA0
:10A9A000A0FEDFFE9FFEE6FEBAFEDBFEA8FEE7FE8F
:10A9B00003FEF2FDF9FDF5FD03FEEDFDF0FDF0FDFA
:10A9C000E4FDF3FD1AFEF3FD04FEF7FDF8FDFAFDCC
:10A9D00008FEF4FD03FEF2FDE9FDF2FDE5FDF4FDE8
:10A9E000D3FD02FEE0FDFCFD09FEF7FDF7FDFCFDD9
:10A9F00028FEF8FD10FEF8FD09FEF8FDFFFDFAFD4A
:10AA000012FEFBFDF6FD02FEE6FD04FE13FE02FE55
:10AA10003BFEFBFD2EFEFCFD1CFEF2FD09FEFEFDD5
:10AA20000BFEFDFD00FEFEFD2BFE00FE37FEFDFDD4
:10AA300047FEFCFD3DFEFAFD2FFEF7FD24FEFBFD6B
:10AA40001AFE04FE2AFE05FE1DFE07FE3AFE0AFE61
:10AA500050FE03FE3CFEFFFD33FE04FE34FE00FE0E
:10AA600020FE06FE23FE0BFE28FE07FE44FE0FFE20
:10AA70004FFE05FE33FE05FE37FEFFFD2CFEFDFDFD
:10AA800024FE08FE18FE08FE29FE0AFE6AFE02FEEB
:10AA900036FE08FE30FEFDFD22FEFCFD12FE00FE2D
:10AAA00013FE04FE1CFE0CFE48FEFBFD3DFE13FEE5
:10AAB0001BFC60FCFFFB41FCE2FB41FCF3FB3CFCAC
:10AAC000C4FB3CFCD3FB44FCD4FB4DFCD2FB43FC5D
:10AAD00017FC68FC26FC43FC04FC37FCFEFB2EFC48
:10AAE0000FFC1DFCC6FB3EFCE3FB39FCC9FB57FC1D
:10AAF0000CFC6BFC10FC51FCF8FB4EFCF7FB26FC3D
:10AB0000E2FB28FCC7FB34FCD0FB44FCC6FB4EFC3C
:10AB10001AFC54FC1AFC41FC0FFC3FFC0FFC2AFC05
:10AB200000FC1EFCEEFB2FFC01FC1EFCFEFB33FCBC
:10AB300008FC69FC19FC3BFC08FC44FC09FC28FCF3
:10AB400001FC38FC03FC35FCFCFB30FC02FC40FC47
:10AB50000DFC67FCFDFB72FC0AFC48FC01FC51FC8F
:10AB600004FC4EFCFDFB46FCF1FB4DFCFAFB52FCE9
:10AB700022FC6DFC07FC6EFCF4FB75FCFDFB67FC26
:10AB8000F7FB67FCF0FB6EFC02FC7BFCFEFB77FC3A
:10AB900000FC78FC11FC73FC08FC6DFCF5FB82FCEE
:10ABA0000EFC5CFC18FC77FC1EFC6BFC31FC80FC92
:10ABB00041004A00E9FF2200F0FF11000F001200DF
:10ABC00038000B002200F1FFFEFFFBFFF3FF100037
:10ABD000E3FF0B000100EFFF1400F2FF0700EFFF9F
:10ABE0000800EFFF0400DAFF2600E9FF1D00F5FF73
:10ABF0000900F6FFE8FFEEFFFEFFE8FF1000F1FF9F
:10AC00001400ECFFFAFFD2FFEAFFD3FF1600F3FFB8
:10AC1000110008001400EAFF0C00E8FF1B00E5FF2C
:10AC20001E00E6FF1900DFFF0E00E6FF2400FDFF17
:10AC300031001200010004001B00EBFF2700E8FFB9
:10AC40002E00E5FF2C00E9FF2100F7FF33000B0089
:10AC50000E0013000E0003001600F5FF2E00EBFFA0
:10AC60002C00E9FF1E00F0FF0F00F9FF1B00090098
:10AC7000FFFF1A00F9FF0A000800FCFF4000F3FF85
:10AC80002B00F2FF1000FCFFF7FF0400F8FF10009C
:10AC90000F003500DCFF2100F4FF140036000B002C
:10ACA000F8FF1B001C000E00E8FF1700F2FF2A004F
:10ACB0000000000000000000000000000000000094
:10ACC0000000000000000000000000000000000084
:10ACD0000000000000000000000000000000000074
:10ACE0000000000000000000000000000000000064
:10ACF0000000000000000000000000000000000054
:10AD00000000000000000000000000000000000043
:10AD10000000000000000000000000000000000033
:10AD20000000000000000000000000000000000023
:10AD30000000000000000000000000000000000013
:10AD40000000000000000000000000000000000003
:10AD500000000000000000000000000000000000F3
:10AD600000000000000000000000000000000000E3
:10AD700000000000000000000000000000000000D3
:10AD800000000000000000000000000000000000C3
:10AD900000000000000000000000000000000000B3
:10ADA00000000000000000000000000000000000A3
:10ADB0000000000000000000000000000000000093
:10ADC0000000000000000000000000000000000083
:10ADD0000000000000000000000000000000000073
:10ADE0000000000000000000000000000000000063
:10ADF0000000000000000000000000000000000053
:10AE00000000000000000000000000000000000042
:10AE10000000000000000000000000000000000032
:10AE20000000000000000000000000000000000022
:10AE30000000000000000000000000000000000012
:10AE40000000000000000000000000000000000002
:10AE500000000000000000000000000000000000F2
:10AE600000000000000000000000000000000000E2
:10AE700000000000000000000000000000000000D2
:10AE800000000000000000000000000000000000C2
:10AE900000000000000000000000000000000000B2
:10AEA00000000000000000000000000000000000A2
:10AEB000000402000000000000080500000000007F
:10AEC00000110A0000000000002214000000000031
:10AED000004428000000000000885000000000002E
:10AEE0000010A00000000000002040000000000052
:10AEF0000400040200000000080008050000000033
:10AF00001100110A000000002200221400000000BD
:10AF10004400442800000000880088500000000021
:10AF2000100010A0000000002000204000000000E1
:10AF300002040004020000000508000805000000EB
:10AF40000A1100110A00000014220022140000005F
:10AF50002844004428000000508800885000000069
:10AF6000A0100010A00000004020002040000000C1
:10AF700000020400040200000005080008050000AB
:10AF8000000A1100110A000000142200221400001F
:10AF90000028440044280000005088008850000029
:10AFA00000A0100010A00000004020002040000081
:10AFB000000002040004020000000508000805006B
:10AFC00000000A1100110A000000142200221400DF
:10AFD00000002844004428000000508800885000E9
:10AFE0000000A0100010A000000040200020400041
:10AFF000000000020400040200000005080008052B
:10B000000000000A1100110A00000014220022149E
:10B0100000000028440044280000005088008850A8
:10B02000000000A0100010A0000000402000204000
:10B0300000000000020400040000000005080008F1
:10B04000000000000A11001100000000142200227C
:10B0500000000000284400440000000050880088E0
:10B0600000000000A01000100000000040200020A0
:10B0700000000000000204000000000000050800BD
:10B0800000000000000A110000000000001422006F
:10B09000000000000028440000000000005088006C
:10B0A0000000000000A01000000000000040200090
:10B0B000000101010101010100020408102040808B
:10B0C000000000000000000001000000000000007F
:10B0D0000002020202020202000408102040800066
:10B0E000000100000000000002000000000000005D
:10B0F000000404040404040400081020408000003C
:10B100000002010000000000040000000000000038
:10B110000008080808080808001020408000000007
:10B120000004020100000000080000000000000010
:10B1300000101010101010100020408000000000BF
:10B1400000080402010000001000000000000000E0
:10B15000002020202020202000408000000000004F
:10B1600000100804020100002000000000000000A0
:10B17000004040404040404000800000000000008F
:10B180000020100804020100400000000000000040
:10B19000008080808080808000000000000000002F
:10B1A00000402010080402018000000000000000A0
:10B1B000010001010101010100000204081020400A
:10B1C000020000000000000000010000000000007C
:10B1D0000200020202020202010004081020408064
:10B1E0000400010000000000000200000000000058
:10B1F0000400040404040404020008102040800039
:10B20000080002010000000000040000000000002F
:10B210000800080808080808040010204080000002
:10B2200010000402010000000008000000000000FF
:10B2300010001010101010100800204080000000B6
:10B2400020000804020100000010000000000000BF
:10B25000200020202020202010004080000000003E
:10B26000400010080402010000200000000000005F
:10B27000400040404040404020008000000000006E
:10B2800080002010080402010040000000000000BF
:10B2900080008080808080804000000000000000EE
:10B2A00000004020100804020080000000000000A0
:10B2B0000101000101010101000000020408102049
:10B2C0000402000000000000000001000000000077
:10B2D00002020002020202020001000408102040E3
:10B2E000080400010000000000000200000000004F
:10B2F0000404000404040404010200081020408037
:10B30000100800020100000000000400000000001E
:10B3100008080008080808080204001020408000FF
:10B3200020100004020100000000080000000000DE
:10B3300010100010101010100408002040800000B1
:10B34000402000080402010000001000000000007E
:10B350002020002020202020081000408000000035
:10B3600080400010080402010000200000000000DE
:10B37000404000404040404010200080000000005D
:10B3800000800020100804020000400000000000BF
:10B3900080800080808080802040000000000000CD
:10B3A00000000040201008040000800000000000A1
:10B3B0000101010001010101000000000204081068
:10B3C000080402000000000000000001000000006E
:10B3D0000202020002020202000001000408102022
:10B3E000100804000100000000000002000000003E
:10B3F00004040400040404040001020008102040B6
:10B4000020100800020100000000000400000000FD
:10B4100008080800080808080102040010204080FD
:10B42000402010000402010000000008000000009D
:10B4300010101000101010100204080020408000AE
:10B4400080402000080402010000001000000000FD
:10B450002020200020202020040810004080000030
:10B4600000804000100804020000002000000000DE
:10B470004040400040404040081020008000000054
:10B4800000008000201008040000004000000000C0
:10B4900080808000808080801020400000000000BC
:10B4A00000000000402010080000008000000000A4
:10B4B0000101010100010101000000000002040877
:10B4C000100804020000000000000000010000005D
:10B4D0000202020200020202000000010004081041
:10B4E000201008040001000000000000020000001D
:10B4F00004040404000404040000010200081020F5
:10B5000040201008000201000000000004000000BC
:10B51000080808080008080800010204001020407C
:10B52000804020100004020100000000080000001C
:10B5300010101010001010100102040800204080AC
:10B5400000804020000804020000000010000000FD
:10B55000202020200020202002040810004080002D
:10B5600000008040001008040000000020000000DF
:10B57000404040400040404004081020008000004F
:10B5800000000080002010080000000040000000C3
:10B5900080808080008080800810204000000000B3
:10B5A00000000000004020100000000080000000AB
:10B5B000010101010100010100000000000002047E
:10B5C000201008040200000000000000000100003C
:10B5D0000202020202000202000000000100040850
:10B5E00040201008040001000000000000020000DC
:10B5F0000404040404000404000000010200081014
:10B60000804020100800020100000000000400003B
:10B6100008080808080008080000010204001020BB
:10B62000008040201000040200000000000800001C
:10B63000101010101000101000010204080020402B
:10B6400000008040200008040000000000100000FE
:10B65000202020202000202001020408100040802B
:10B6600000000080400010080000000000200000E2
:10B67000404040404000404002040810200080004C
:10B6800000000000800020100000000000400000CA
:10B6900080808080800080800408102040000000AE
:10B6A00000000000000040200000000000800000BA
:10B6B0000101010101010001000000000000000281
:10B6C00040201008040200000000000000000100FB
:10B6D0000202020202020002000000000001000457
:10B6E000804020100804000100000000000002005B
:10B6F0000404040404040004000000000102000823
:10B70000008040201008000200000000000004003B
:10B7100008080808080800080000000102040010DA
:10B72000000080402010000400000000000008001D
:10B73000101010101010001000000102040800206A
:10B740000000008040200008000000000000100001
:10B7500020202020202000200001020408100040AA
:10B7600000000000804000100000000000002000E9
:10B77000404040404040004001020408102000804A
:10B7800000000000008000200000000000004000D9
:10B7900080808080808000800204081020400000AB
:10B7A00000000000000000400000000000008000D9
:10B7B0000101010101010100000000000000000082
:10B7C000804020100804020000000000000000017A
:10B7D000020202020202020000000000000001005A
:10B7E000008040201008040000000000000000025B
:10B7F000040404040404040000000000000102002A
:10B80000000080402010080000000000000000043C
:10B8100008080808080808000000000001020400E9
:10B820000000008040201000000000000000000820
:10B830001010101010101000000000010204080089
:10B840000000000080402000000000000000001008
:10B8500020202020202020000000010204081000E9
:10B8600000000000008040000000000000000020F8
:10B8700040404040404040000001020408102000C9
:10B8800000000000000080000000000000000040F8
:10B8900080808080808080000102040810204000A9
:10B8A0000000000000000000000000000000008018
:10B8B0000203000000000000050700000000000077
:10B8C0000A0E000000000000141C00000000000030
:10B8D0002838000000000000507000000000000048
:10B8E000A0E000000000000040C0000000000000D8
:10B8F000030203000000000007050700000000002D
:10B900000E0A0E00000000001C141C0000000000C5
:10B91000382838000000000070507000000000005F
:10B92000E0A0E00000000000C040C00000000000F7
:10B9300000030203000000000007050700000000EC
:10B94000000E0A0E00000000001C141C0000000085
:10B95000003828380000000000705070000000001F
:10B9600000E0A0E00000000000C040C000000000B7
:10B9700000000302030000000000070507000000AC
:10B9800000000E0A0E00000000001C141C00000045
:10B9900000003828380000000000705070000000DF
:10B9A0000000E0A0E00000000000C040C000000077
:10B9B000000000030203000000000007050700006C
:10B9C0000000000E0A0E00000000001C141C000005
:10B9D000000000382838000000000070507000009F
:10B9E000000000E0A0E00000000000C040C0000037
:10B9F000000000000302030000000000070507002C
:10BA0000000000000E0A0E00000000001C141C00C4
:10BA1000000000003828380000000000705070005E
:10BA200000000000E0A0E00000000000C040C000F6
:10BA300000000000000302030000000000070507EB
:10BA400000000000000E0A0E00000000001C141C84
:10BA5000000000000038283800000000007050701E
:10BA60000000000000E0A0E00000000000C040C0B6
:10BA700000000000000003020000000000000705B5
:10BA80000000000000000E0A0000000000001C146E
:10BA90000000000000003828000000000000705086
:10BAA000000000000000E0A0000000000000C04016
:10BAB000000200000000000000050000000000007F
:10BAC000000A000000000000001400000000000058
:10BAD00000280000000000000050000000000000EE
:10BAE00000A0000000000000004000000000000076
:10BAF000000002000000000000000500000000003F
:10BB000000000A0000000000000014000000000017
:10BB100000002800000000000000500000000000AD
:10BB20000000A00000000000000040000000000035
:10BB300000000002000000000000000500000000FE
:10BB40000000000A000000000000001400000000D7
:10BB5000000000280000000000000050000000006D
:10BB6000000000A0000000000000004000000000F5
:10BB700000000000020000000000000005000000BE
:10BB8000000000000A000000000000001400000097
:10BB9000000000002800000000000000500000002D
:10BBA00000000000A00000000000000040000000B5
:10BBB000000000000002000000000000000500007E
:10BBC00000000000000A0000000000000014000057
:10BBD00000000000002800000000000000500000ED
:10BBE0000000000000A00000000000000040000075
:10BBF000000000000000020000000000000005003E
:10BC00000000000000000A00000000000000140016
:10BC100000000000000028000000000000005000AC
:10BC2000000000000000A000000000000000400034
:10BC300000000000000000020000000000000005FD
:10BC4000000000000000000A0000000000000014D6
:10BC5000000000000000002800000000000000506C
:10BC600000000000000000A00000000000000040F4
:10BC700000000000000000000000000000000000C4
:10BC800000000000000000000000000000000000B4
:10BC900000000000000000000000000000000000A4
:10BCA0000000000000000000000000000000000094
:10BCB0000000000000000000000000000000000084
:10BCC0000000000000000000000000000000000074
:10BCD0000000000000000000000000000000000064
:10BCE0000000000000000000000000000000000054
:10BCF000020000000000000005000000000000003D
:10BD00000A00000000000000140000000000000015
:10BD100028000000000000005000000000000000AB
:10BD2000A000000000000000400000000000000033
:10BD300000020000000000000005000000000000FC
:10BD4000000A0000000000000014000000000000D5
:10BD5000002800000000000000500000000000006B
:10BD600000A00000000000000040000000000000F3
:10BD700000000200000000000000050000000000BC
:10BD800000000A0000000000000014000000000095
:10BD9000000028000000000000005000000000002B
:10BDA0000000A000000000000000400000000000B3
:10BDB000000000020000000000000005000000007C
:10BDC0000000000A00000000000000140000000055
:10BDD00000000028000000000000005000000000EB
:10BDE000000000A000000000000000400000000073
:10BDF000000000000200000000000000050000003C
:10BE0000000000000A000000000000001400000014
:10BE100000000000280000000000000050000000AA
:10BE200000000000A0000000000000004000000032
:10BE300000000000000200000000000000050000FB
:10BE400000000000000A00000000000000140000D4
:10BE5000000000000028000000000000005000006A
:10BE60000000000000A000000000000000400000F2
:10BE700000000000000002000000000000000500BB
:10BE80000000000000000A00000000000000140094
:10BE9000000000000000280000000000000050002A
:10BEA000000000000000A0000000000000004000B2
:0400000300000101F7
:00000001FF
